"Section","Title","Place","Category","Latitude","Longitude","Precision","Original language","Original passage","Text source","Coordinate source"
"1","Loomings","Rockaway Beach, Queens","Mentioned locations","40.586711111111","-73.811472222222","area","en","[…] of Tennessee, upon suddenly receiving two handfuls of silver, deliberate whether to buy him a coat, which he sadly needed, or invest his money in a pedestrian trip to Rockaway Beach? Why is almost every robust healthy boy with a robust healthy soul in him, at some time or other crazy to go to sea? Why upon your first voyage as a passenger, did you yourself feel such a mystical vibration, when first told that you and your ship were now out of sight of land? Why did the old Persians hold the sea holy? Why did the Greeks give it a separate deity, and own brother of Jove? Surely all this is not without meaning. […]","https://www.gutenberg.org/files/2701/2701-h/2701-h.htm#link2HCH0001","https://www.wikidata.org/wiki/Q62289"
"1","Loomings","Niagara Falls","Mentioned locations","43.08","-79.071","area","en","[…] Prairies in June, when for scores on scores of miles you wade knee-deep among Tiger-lilies—what is the one charm wanting?—Water—there is not a drop of water there! Were Niagara but a cataract of sand, would you travel your thousand miles to see it? Why did the poor poet of Tennessee, upon suddenly receiving two handfuls of silver, deliberate whether to buy him a coat, which he sadly needed, or invest his money in a pedestrian trip to Rockaway Beach? Why is almost every robust healthy boy with a robust healthy soul in him, at some time or other crazy to go to sea? Why upon your first voyage as a passenger, did […]","https://www.gutenberg.org/files/2701/2701-h/2701-h.htm#link2HCH0001","https://www.wikidata.org/wiki/Q34221"
"1","Loomings","Saco River","Mentioned locations","44.2161767","-71.4095216","area","en","[…] wedded for ever. But here is an artist. He desires to paint you the dreamiest, shadiest, quietest, most enchanting bit of romantic landscape in all the valley of the Saco. What is the chief element he employs? There stand his trees, each with a hollow trunk, as if a hermit and a crucifix were within; and here sleeps his meadow, and there sleep his cattle; and up from yonder cottage goes a sleepy smoke. Deep into distant woodlands winds a mazy way, reaching to overlapping spurs of mountains bathed in their hill-side blue. But though the picture lies thus tranced, and though this pine-tree shakes down its sighs […]","https://www.gutenberg.org/files/2701/2701-h/2701-h.htm#link2HCH0001","https://www.wikidata.org/wiki/Q2210898"
"1","Loomings","Tennessee","Mentioned locations","36","-86","area","en","[…] charm wanting?—Water—there is not a drop of water there! Were Niagara but a cataract of sand, would you travel your thousand miles to see it? Why did the poor poet of Tennessee, upon suddenly receiving two handfuls of silver, deliberate whether to buy him a coat, which he sadly needed, or invest his money in a pedestrian trip to Rockaway Beach? Why is almost every robust healthy boy with a robust healthy soul in him, at some time or other crazy to go to sea? Why upon your first voyage as a passenger, did you yourself feel such a mystical vibration, when first told that you and your ship were now out of sight […]","https://www.gutenberg.org/files/2701/2701-h/2701-h.htm#link2HCH0001","https://en.wikipedia.org/wiki/Tennessee"
"1","Loomings","China","Mentioned locations","35","103","area","en","[…] upon thousands of mortal men fixed in ocean reveries. Some leaning against the spiles; some seated upon the pier-heads; some looking over the bulwarks of ships from China; some high aloft in the rigging, as if striving to get a still better seaward peep. But these are all landsmen; of week days pent up in lath and plaster—tied to counters, nailed to benches, clinched to desks. How then is this? Are the green fields gone? What do they here? But look! here come more crowds, pacing straight for the water, and seemingly bound for a dive. Strange! Nothing will content them but the extremest limit of the land; […]","https://www.gutenberg.org/files/2701/2701-h/2701-h.htm#link2HCH0001","https://en.wikipedia.org/wiki/China"
"1","Loomings","United States","Mentioned locations","39.828175","-98.5795","area","en","[…] solo between more extensive performances. I take it that this part of the bill must have run something like this: ” Grand Contested Election for the Presidency of the United States. ”WHALING VOYAGE BY ONE ISHMAEL. ”BLOODY BATTLE IN AFFGHANISTAN.” Though I cannot tell why it was exactly that those stage managers, the Fates, put me down for this shabby part of a whaling voyage, when others were set down for magnificent parts in high tragedies, and short and easy parts in genteel comedies, and jolly parts in farces—though I cannot tell why this was exactly; yet, now that I recall all the circumstances, I think I […]","https://www.gutenberg.org/files/2701/2701-h/2701-h.htm#link2HCH0001","https://www.wikidata.org/wiki/Q30"
"1","Loomings","Afghanistan","Mentioned locations","34.51666667","69.18333333","area","en","[…] of the bill must have run something like this: ” Grand Contested Election for the Presidency of the United States. ”WHALING VOYAGE BY ONE ISHMAEL. ”BLOODY BATTLE IN AFFGHANISTAN.” Though I cannot tell why it was exactly that those stage managers, the Fates, put me down for this shabby part of a whaling voyage, when others were set down for magnificent parts in high tragedies, and short and easy parts in genteel comedies, and jolly parts in farces—though I cannot tell why this was exactly; yet, now that I recall all the circumstances, I think I can see a little into the springs and motives which being […]","https://www.gutenberg.org/files/2701/2701-h/2701-h.htm#link2HCH0001","https://en.wikipedia.org/wiki/Afghanistan"
"2","The Carpet-Bag","Nantucket","Mentioned locations","41.276756","-70.090889","area","en","[…] the good city of old Manhatto, I duly arrived in New Bedford. It was a Saturday night in December. Much was I disappointed upon learning that the little packet for Nantucket had already sailed, and that no way of reaching that place would offer, till the following Monday. As most young candidates for the pains and penalties of whaling stop at this same New Bedford, thence to embark on their voyage, it may as well be related that I, for one, had no idea of so doing. For my mind was made up to sail in no other than a Nantucket craft, because there was a fine, boisterous something about everything connected […]","https://www.gutenberg.org/files/2701/2701-h/2701-h.htm#link2HCH0002","https://www.wikidata.org/wiki/Q49149"
"2","The Carpet-Bag","Sumatra","Mentioned locations","-0.298888888888889","101.270830555556","area","en","[…] my own summer with my own coals. But what thinks Lazarus? Can he warm his blue hands by holding them up to the grand northern lights? Would not Lazarus rather be in Sumatra than here? Would he not far rather lay him down lengthwise along the line of the equator; yea, ye gods! go down to the fiery pit itself, in order to keep out this frost? Now, that Lazarus should lie stranded there on the curbstone before the door of Dives, this is more wonderful than that an iceberg should be moored to one of the Moluccas. Yet Dives himself, he too lives like a Czar in an ice palace made of frozen sighs, and being a […]","https://www.gutenberg.org/files/2701/2701-h/2701-h.htm#link2HCH0002","https://www.wikidata.org/wiki/Q3492"
"2","The Carpet-Bag","Pacific Ocean","Mentioned locations","0","-160","area","en","I stuffed a shirt or two into my old carpet-bag, tucked it under my arm, and started for Cape Horn and the Pacific. Quitting the good city of old Manhatto, I duly arrived in New Bedford. It was a Saturday night in December. Much was I disappointed upon learning that the little packet for Nantucket had already sailed, and that no way of reaching that place would offer, till the following Monday. As most young candidates for the pains and penalties of whaling stop at this same New Bedford, thence to embark on their voyage, it may as well be related that I, […]","https://www.gutenberg.org/files/2701/2701-h/2701-h.htm#link2HCH0002","https://en.wikipedia.org/wiki/Pacific_Ocean"
"2","The Carpet-Bag","Maluku Islands","Mentioned locations","-2","128","area","en","[…] frost? Now, that Lazarus should lie stranded there on the curbstone before the door of Dives, this is more wonderful than that an iceberg should be moored to one of the Moluccas. Yet Dives himself, he too lives like a Czar in an ice palace made of frozen sighs, and being a president of a temperance society, he only drinks the tepid tears of orphans. But no more of this blubbering now, we are going a-whaling, and there is plenty of that yet to come. Let us scrape the ice from our frosted feet, and see what sort of a place this ”Spouter” may be.","https://www.gutenberg.org/files/2701/2701-h/2701-h.htm#link2HCH0002","https://www.wikidata.org/wiki/Q3827"
"2","The Carpet-Bag","Tyre, Lebanon","Mentioned locations","33.27083333","35.19611111","area","en","[…] late been gradually monopolising the business of whaling, and though in this matter poor old Nantucket is now much behind her, yet Nantucket was her great original—the Tyre of this Carthage;—the place where the first dead American whale was stranded. Where else but from Nantucket did those aboriginal whalemen, the Red-Men, first sally out in canoes to give chase to the Leviathan? And where but from Nantucket, too, did that first adventurous little sloop put forth, partly laden with imported cobblestones—so goes the story—to throw at the whales, in order to discover when they were nigh enough to risk a harpoon […]","https://www.gutenberg.org/files/2701/2701-h/2701-h.htm#link2HCH0002","https://en.wikipedia.org/wiki/Tyre%2C_Lebanon"
"2","The Carpet-Bag","Carthage","Mentioned locations","36.852558","10.323461","area","en","[…] monopolising the business of whaling, and though in this matter poor old Nantucket is now much behind her, yet Nantucket was her great original—the Tyre of this Carthage;—the place where the first dead American whale was stranded. Where else but from Nantucket did those aboriginal whalemen, the Red-Men, first sally out in canoes to give chase to the Leviathan? And where but from Nantucket, too, did that first adventurous little sloop put forth, partly laden with imported cobblestones—so goes the story—to throw at the whales, in order to discover when they were nigh enough to risk a harpoon from the […]","https://www.gutenberg.org/files/2701/2701-h/2701-h.htm#link2HCH0002","https://www.wikidata.org/wiki/Q6343"
"2","The Carpet-Bag","Cape Horn","Mentioned locations","-55.98","-67.289166666667","area","en","I stuffed a shirt or two into my old carpet-bag, tucked it under my arm, and started for Cape Horn and the Pacific. Quitting the good city of old Manhatto, I duly arrived in New Bedford. It was a Saturday night in December. Much was I disappointed upon learning that the little packet for Nantucket had already sailed, and that no way of reaching that place would offer, till the following Monday. As most young candidates for the pains and penalties of whaling stop at this same New Bedford, thence to embark on their voyage, it may as well be related that I, […]","https://www.gutenberg.org/files/2701/2701-h/2701-h.htm#link2HCH0002","https://www.wikidata.org/wiki/Q4078"
"3","The Spouter-Inn","The Battery","Mentioned locations","40.70361111111111","-74.01611111111112","area","en","[…] ”I thought so. All right; take a seat. Supper?—you want supper? Supper’ll be ready directly.” I sat down on an old wooden settle, carved all over like a bench on the Battery. At one end a ruminating tar was still further adorning it with his jack-knife, stooping over and diligently working away at the space between his legs. He was trying his hand at a ship under full sail, but he didn’t make much headway, I thought. At last some four or five of us were summoned to our meal in an adjoining room. It was cold as Iceland—no fire at all—the landlord said he couldn’t afford it. Nothing but two dismal tallow […]","https://www.gutenberg.org/files/2701/2701-h/2701-h.htm#link2HCH0003","https://www.wikidata.org/wiki/Q13689"
"3","The Spouter-Inn","Black Sea","Mentioned locations","44","35","area","en","[…] took an oath with yourself to find out what that marvellous painting meant. Ever and anon a bright, but, alas, deceptive idea would dart you through.—It’s the Black Sea in a midnight gale.—It’s the unnatural combat of the four primal elements.—It’s a blasted heath.—It’s a Hyperborean winter scene.—It’s the breaking-up of the icebound stream of Time. But at last all these fancies yielded to that one portentous something in the picture’s midst. That once found out, and all the rest were plain. But stop; does it not bear a faint resemblance to a gigantic fish? even the great leviathan himself? In fact, […]","https://www.gutenberg.org/files/2701/2701-h/2701-h.htm#link2HCH0003","https://en.wikipedia.org/wiki/Black_Sea"
"3","The Spouter-Inn","Iceland","Mentioned locations","65","-18","area","en","[…] at a ship under full sail, but he didn’t make much headway, I thought. At last some four or five of us were summoned to our meal in an adjoining room. It was cold as Iceland—no fire at all—the landlord said he couldn’t afford it. Nothing but two dismal tallow candles, each in a winding sheet. We were fain to button up our monkey jackets, and hold to our lips cups of scalding tea with our half frozen fingers. But the fare was of the most substantial kind—not only meat and potatoes, but dumplings; good heavens! dumplings for supper! One young fellow in a green box coat, addressed himself to these dumplings in a […]","https://www.gutenberg.org/files/2701/2701-h/2701-h.htm#link2HCH0003","https://en.wikipedia.org/wiki/Iceland"
"3","The Spouter-Inn","Hekla","Mentioned locations","63.992222222222225","-19.66583333333333","area","en","[…] said he. ”Broke,” said I—” broke , do you mean?” ”Sartain, and that’s the very reason he can’t sell it, I guess.” ”Landlord,” said I, going up to him as cool as Mt. Hecla in a snow-storm—”landlord, stop whittling. You and I must understand one another, and that too without delay. I come to your house and want a bed; you tell me you can only give me half a one; that the other half belongs to a certain harpooneer. And about this harpooneer, whom I have not yet seen, you persist in telling me the most mystifying and exasperating stories tending to beget in me an uncomfortable feeling towards the man whom you […]","https://www.gutenberg.org/files/2701/2701-h/2701-h.htm#link2HCH0003","https://www.wikidata.org/wiki/Q184975"
"3","The Spouter-Inn","Labrador","Mentioned locations","54","-62","area","en","[…] watch coats, and with their heads muffled in woollen comforters, all bedarned and ragged, and their beards stiff with icicles, they seemed an eruption of bears from Labrador. They had just landed from their boat, and this was the first house they entered. No wonder, then, that they made a straight wake for the whale’s mouth—the bar—when the wrinkled little old Jonah, there officiating, soon poured them out brimmers all round. One complained of a bad cold in his head, upon which Jonah mixed him a pitch-like potion of gin and molasses, which he swore was a sovereign cure for all colds and catarrhs whatsoever, […]","https://www.gutenberg.org/files/2701/2701-h/2701-h.htm#link2HCH0003","https://www.wikidata.org/wiki/Q380307"
"3","The Spouter-Inn","New Zealand","Mentioned locations","-41.2","174","area","en","[…] a little now and then. But be easy, be easy, this here harpooneer I have been tellin’ you of has just arrived from the south seas, where he bought up a lot of ’balmed New Zealand heads (great curios, you know), and he’s sold all on ’em but one, and that one he’s trying to sell to-night, cause to-morrow’s Sunday, and it would not do to be sellin’ human heads about the streets when folks is goin’ to churches. He wanted to, last Sunday, but I stopped him just as he was goin’ out of the door with four heads strung on a string, for all the airth like a string of inions.” This account cleared up the otherwise […]","https://www.gutenberg.org/files/2701/2701-h/2701-h.htm#link2HCH0003","https://www.wikidata.org/wiki/Q664"
"3","The Spouter-Inn","Fiji","Mentioned locations","-18","179","area","en","[…] the Grampus’s crew. I seed her reported in the offing this morning; a three years’ voyage, and a full ship. Hurrah, boys; now we’ll have the latest news from the Feegees.” A tramping of sea boots was heard in the entry; the door was flung open, and in rolled a wild set of mariners enough. Enveloped in their shaggy watch coats, and with their heads muffled in woollen comforters, all bedarned and ragged, and their beards stiff with icicles, they seemed an eruption of bears from Labrador. They had just landed from their boat, and this was the first house they entered. No wonder, then, that they made a […]","https://www.gutenberg.org/files/2701/2701-h/2701-h.htm#link2HCH0003","https://en.wikipedia.org/wiki/Fiji"
"3","The Spouter-Inn","Virginia","Mentioned locations","37.5","-79","area","en","[…] joy. His voice at once announced that he was a Southerner, and from his fine stature, I thought he must be one of those tall mountaineers from the Alleghanian Ridge in Virginia. When the revelry of his companions had mounted to its height, this man slipped away unobserved, and I saw no more of him till he became my comrade on the sea. In a few minutes, however, he was missed by his shipmates, and being, it seems, for some reason a huge favourite with them, they raised a cry of ”Bulkington! Bulkington! where’s Bulkington?” and darted out of the house in pursuit of him. It was now about nine o’clock, and the room […]","https://www.gutenberg.org/files/2701/2701-h/2701-h.htm#link2HCH0003","https://www.wikidata.org/wiki/Q1370"
"3","The Spouter-Inn","Allegheny Mountains","Mentioned locations","38.6997","-79.5328","area","en","[…] to give him much joy. His voice at once announced that he was a Southerner, and from his fine stature, I thought he must be one of those tall mountaineers from the Alleghanian Ridge in Virginia. When the revelry of his companions had mounted to its height, this man slipped away unobserved, and I saw no more of him till he became my comrade on the sea. In a few minutes, however, he was missed by his shipmates, and being, it seems, for some reason a huge favourite with them, they raised a cry of ”Bulkington! Bulkington! where’s Bulkington?” and darted out of the house in pursuit of him. It was now about nine […]","https://www.gutenberg.org/files/2701/2701-h/2701-h.htm#link2HCH0003","https://www.wikidata.org/wiki/Q1141373"
"3","The Spouter-Inn","New England","Mentioned locations","44","-71","area","en","[…] at an understanding of its purpose. Such unaccountable masses of shades and shadows, that at first you almost thought some ambitious young artist, in the time of the New England hags, had endeavored to delineate chaos bewitched. But by dint of much and earnest contemplation, and oft repeated ponderings, and especially by throwing open the little window towards the back of the entry, you at last come to the conclusion that such an idea, however wild, might not be altogether unwarranted. But what most puzzled and confounded you was a long, limber, portentous, black mass of something hovering in the centre of […]","https://www.gutenberg.org/files/2701/2701-h/2701-h.htm#link2HCH0003","https://en.wikipedia.org/wiki/New_England"
"5","Breakfast","Green Mountains","Mentioned locations","44.791666666667","-72.582777777778","area","en","[…] table—all of the same calling, all of kindred tastes—looking round as sheepishly at each other as though they had never been out of sight of some sheepfold among the Green Mountains. A curious sight; these bashful bears, these timid warrior whalemen! But as for Queequeg—why, Queequeg sat there among them—at the head of the table, too, it so chanced; as cool as an icicle. To be sure I cannot say much for his breeding. His greatest admirer could not have cordially justified his bringing his harpoon into breakfast with him, and using it there without ceremony; reaching over the table with it, to the imminent […]","https://www.gutenberg.org/files/2701/2701-h/2701-h.htm#link2HCH0005","https://www.wikidata.org/wiki/Q41507"
"5","Breakfast","Andes","Mentioned locations","-32","-70","area","en","[…] but slightly bleached withal; he doubtless has tarried whole weeks ashore. But who could show a cheek like Queequeg? which, barred with various tints, seemed like the Andes’ western slope, to show forth in one array, contrasting climates, zone by zone. ”Grub, ho!” now cried the landlord, flinging open a door, and in we went to breakfast. They say that men who have seen the world, thereby become quite at ease in manner, quite self-possessed in company. Not always, though: Ledyard, the great New England traveller, and Mungo Park, the Scotch one; of all men, they possessed the least assurance in the parlor. But […]","https://www.gutenberg.org/files/2701/2701-h/2701-h.htm#link2HCH0005","https://en.wikipedia.org/wiki/Andes"
"5","Breakfast","Siberia","Mentioned locations","60","105","area","en","[…] Ledyard, the great New England traveller, and Mungo Park, the Scotch one; of all men, they possessed the least assurance in the parlor. But perhaps the mere crossing of Siberia in a sledge drawn by dogs as Ledyard did, or the taking a long solitary walk on an empty stomach, in the negro heart of Africa, which was the sum of poor Mungo’s performances—this kind of travel, I say, may not be the very best mode of attaining a high social polish. Still, for the most part, that sort of thing is to be had anywhere. These reflections just here are occasioned by the circumstance that after we were all seated at the table, […]","https://www.gutenberg.org/files/2701/2701-h/2701-h.htm#link2HCH0005","https://www.wikidata.org/wiki/Q5428"
"5","Breakfast","Africa","Mentioned locations","0","15","area","en","[…] parlor. But perhaps the mere crossing of Siberia in a sledge drawn by dogs as Ledyard did, or the taking a long solitary walk on an empty stomach, in the negro heart of Africa, which was the sum of poor Mungo’s performances—this kind of travel, I say, may not be the very best mode of attaining a high social polish. Still, for the most part, that sort of thing is to be had anywhere. These reflections just here are occasioned by the circumstance that after we were all seated at the table, and I was preparing to hear some good stories about whaling; to my no small surprise, nearly every man maintained a profound […]","https://www.gutenberg.org/files/2701/2701-h/2701-h.htm#link2HCH0005","https://www.wikidata.org/wiki/Q15"
"5","Breakfast","New England","Mentioned locations","44","-71","area","en","[…] to breakfast. They say that men who have seen the world, thereby become quite at ease in manner, quite self-possessed in company. Not always, though: Ledyard, the great New England traveller, and Mungo Park, the Scotch one; of all men, they possessed the least assurance in the parlor. But perhaps the mere crossing of Siberia in a sledge drawn by dogs as Ledyard did, or the taking a long solitary walk on an empty stomach, in the negro heart of Africa, which was the sum of poor Mungo’s performances—this kind of travel, I say, may not be the very best mode of attaining a high social polish. Still, for the most […]","https://www.gutenberg.org/files/2701/2701-h/2701-h.htm#link2HCH0005","https://en.wikipedia.org/wiki/New_England"
"6","The Street","Broadway","Mentioned locations","40.770139","-73.982069","street","en","[…] of New Bedford. In thoroughfares nigh the docks, any considerable seaport will frequently offer to view the queerest looking nondescripts from foreign parts. Even in Broadway and Chestnut streets, Mediterranean mariners will sometimes jostle the affrighted ladies. Regent Street is not unknown to Lascars and Malays; and at Bombay, in the Apollo Green, live Yankees have often scared the natives. But New Bedford beats all Water Street and Wapping. In these last-mentioned haunts you see only sailors; but in New Bedford, actual cannibals stand chatting at street corners; savages outright; many of whom yet carry on […]","https://www.gutenberg.org/files/2701/2701-h/2701-h.htm#link2HCH0006","https://www.wikidata.org/wiki/Q11260"
"6","The Street","Water Street, Liverpool","Mentioned locations","53.4062","-2.9935","street","en","[…] ladies. Regent Street is not unknown to Lascars and Malays; and at Bombay, in the Apollo Green, live Yankees have often scared the natives. But New Bedford beats all Water Street and Wapping. In these last-mentioned haunts you see only sailors; but in New Bedford, actual cannibals stand chatting at street corners; savages outright; many of whom yet carry on their bones unholy flesh. It makes a stranger stare. But, besides the Feegeeans, Tongatobooarrs, Erromanggoans, Pannangians, and Brighggians, and, besides the wild specimens of the whaling-craft which unheeded reel about the streets, you will see other […]","https://www.gutenberg.org/files/2701/2701-h/2701-h.htm#link2HCH0006","https://en.wikipedia.org/wiki/Water_Street%2C_Liverpool"
"6","The Street","Atlantic Ocean","Mentioned locations","0","-25","area","en","[…] gaze upon the iron emblematical harpoons round yonder lofty mansion, and your question will be answered. Yes; all these brave houses and flowery gardens came from the Atlantic, Pacific, and Indian oceans. One and all, they were harpooned and dragged up hither from the bottom of the sea. Can Herr Alexander perform a feat like that? In New Bedford, fathers, they say, give whales for dowers to their daughters, and portion off their nieces with a few porpoises a-piece. You must go to New Bedford to see a brilliant wedding; for, they say, they have reservoirs of oil in every house, and every night recklessly burn […]","https://www.gutenberg.org/files/2701/2701-h/2701-h.htm#link2HCH0006","https://en.wikipedia.org/wiki/Atlantic_Ocean"
"6","The Street","Pacific Ocean","Mentioned locations","0","-160","area","en","[…] the iron emblematical harpoons round yonder lofty mansion, and your question will be answered. Yes; all these brave houses and flowery gardens came from the Atlantic, Pacific, and Indian oceans. One and all, they were harpooned and dragged up hither from the bottom of the sea. Can Herr Alexander perform a feat like that? In New Bedford, fathers, they say, give whales for dowers to their daughters, and portion off their nieces with a few porpoises a-piece. You must go to New Bedford to see a brilliant wedding; for, they say, they have reservoirs of oil in every house, and every night recklessly burn their […]","https://www.gutenberg.org/files/2701/2701-h/2701-h.htm#link2HCH0006","https://en.wikipedia.org/wiki/Pacific_Ocean"
"6","The Street","Mediterranean Sea","Mentioned locations","35","18","area","en","[…] nigh the docks, any considerable seaport will frequently offer to view the queerest looking nondescripts from foreign parts. Even in Broadway and Chestnut streets, Mediterranean mariners will sometimes jostle the affrighted ladies. Regent Street is not unknown to Lascars and Malays; and at Bombay, in the Apollo Green, live Yankees have often scared the natives. But New Bedford beats all Water Street and Wapping. In these last-mentioned haunts you see only sailors; but in New Bedford, actual cannibals stand chatting at street corners; savages outright; many of whom yet carry on their bones unholy flesh. It […]","https://www.gutenberg.org/files/2701/2701-h/2701-h.htm#link2HCH0006","https://en.wikipedia.org/wiki/Mediterranean_Sea"
"6","The Street","Labrador","Mentioned locations","54","-62","area","en","[…] all. Still New Bedford is a queer place. Had it not been for us whalemen, that tract of land would this day perhaps have been in as howling condition as the coast of Labrador. As it is, parts of her back country are enough to frighten one, they look so bony. The town itself is perhaps the dearest place to live in, in all New England. It is a land of oil, true enough: but not like Canaan; a land, also, of corn and wine. The streets do not run with milk; nor in the spring-time do they pave them with fresh eggs. Yet, in spite of this, nowhere in all America will you find more patrician-like houses; parks and […]","https://www.gutenberg.org/files/2701/2701-h/2701-h.htm#link2HCH0006","https://www.wikidata.org/wiki/Q380307"
"6","The Street","Maluku Islands","Mentioned locations","-2","128","area","en","[…] of theirs, ye cannot, save in Salem, where they tell me the young girls breathe such musk, their sailor sweethearts smell them miles off shore, as though they were drawing nigh the odorous Moluccas instead of the Puritanic sands.","https://www.gutenberg.org/files/2701/2701-h/2701-h.htm#link2HCH0006","https://www.wikidata.org/wiki/Q3827"
"6","The Street","Tongatapu","Mentioned locations","-21.21138889","-175.15305556","area","en","[…] cannibals stand chatting at street corners; savages outright; many of whom yet carry on their bones unholy flesh. It makes a stranger stare. But, besides the Feegeeans, Tongatobooarrs, Erromanggoans, Pannangians, and Brighggians, and, besides the wild specimens of the whaling-craft which unheeded reel about the streets, you will see other sights still more curious, certainly more comical. There weekly arrive in this town scores of green Vermonters and New Hampshire men, all athirst for gain and glory in the fishery. They are mostly young, of stalwart frames; fellows who have felled forests, and now seek to drop […]","https://www.gutenberg.org/files/2701/2701-h/2701-h.htm#link2HCH0006","https://en.wikipedia.org/wiki/Tongatapu"
"6","The Street","Erromango","Mentioned locations","-18.81388889","169.12277778","area","en","[…] chatting at street corners; savages outright; many of whom yet carry on their bones unholy flesh. It makes a stranger stare. But, besides the Feegeeans, Tongatobooarrs, Erromanggoans, Pannangians, and Brighggians, and, besides the wild specimens of the whaling-craft which unheeded reel about the streets, you will see other sights still more curious, certainly more comical. There weekly arrive in this town scores of green Vermonters and New Hampshire men, all athirst for gain and glory in the fishery. They are mostly young, of stalwart frames; fellows who have felled forests, and now seek to drop the axe and […]","https://www.gutenberg.org/files/2701/2701-h/2701-h.htm#link2HCH0006","https://en.wikipedia.org/wiki/Erromango"
"6","The Street","Salem, Massachusetts","Mentioned locations","42.516845","-70.898503","area","en","[…] bloom in summer; whereas the fine carnation of their cheeks is perennial as sunlight in the seventh heavens. Elsewhere match that bloom of theirs, ye cannot, save in Salem, where they tell me the young girls breathe such musk, their sailor sweethearts smell them miles off shore, as though they were drawing nigh the odorous Moluccas instead of the Puritanic sands.","https://www.gutenberg.org/files/2701/2701-h/2701-h.htm#link2HCH0006","https://www.wikidata.org/wiki/Q54140"
"6","The Street","New Hampshire","Mentioned locations","44","-71.5","area","en","[…] unheeded reel about the streets, you will see other sights still more curious, certainly more comical. There weekly arrive in this town scores of green Vermonters and New Hampshire men, all athirst for gain and glory in the fishery. They are mostly young, of stalwart frames; fellows who have felled forests, and now seek to drop the axe and snatch the whale-lance. Many are as green as the Green Mountains whence they came. In some things you would think them but a few hours old. Look there! that chap strutting round the corner. He wears a beaver hat and swallow-tailed coat, girdled with a sailor-belt and […]","https://www.gutenberg.org/files/2701/2701-h/2701-h.htm#link2HCH0006","https://www.wikidata.org/wiki/Q759"
"6","The Street","Green Mountains","Mentioned locations","44.791666666667","-72.582777777778","area","en","[…] fishery. They are mostly young, of stalwart frames; fellows who have felled forests, and now seek to drop the axe and snatch the whale-lance. Many are as green as the Green Mountains whence they came. In some things you would think them but a few hours old. Look there! that chap strutting round the corner. He wears a beaver hat and swallow-tailed coat, girdled with a sailor-belt and sheath-knife. Here comes another with a sou’-wester and a bombazine cloak. No town-bred dandy will compare with a country-bred one—I mean a downright bumpkin dandy—a fellow that, in the dog-days, will mow his two acres in buckskin […]","https://www.gutenberg.org/files/2701/2701-h/2701-h.htm#link2HCH0006","https://www.wikidata.org/wiki/Q41507"
"6","The Street","Wapping High Street","Mentioned locations","51.504317637504","-0.056106092264","street","en","[…] Street is not unknown to Lascars and Malays; and at Bombay, in the Apollo Green, live Yankees have often scared the natives. But New Bedford beats all Water Street and Wapping. In these last-mentioned haunts you see only sailors; but in New Bedford, actual cannibals stand chatting at street corners; savages outright; many of whom yet carry on their bones unholy flesh. It makes a stranger stare. But, besides the Feegeeans, Tongatobooarrs, Erromanggoans, Pannangians, and Brighggians, and, besides the wild specimens of the whaling-craft which unheeded reel about the streets, you will see other sights still more […]","https://www.gutenberg.org/files/2701/2701-h/2701-h.htm#link2HCH0006","https://geocode.arcgis.com/arcgis/rest/services/World/GeocodeServer/findAddressCandidates?f=json&outSR=4326&outFields=*&SingleLine=Wapping%20High%20Street%2C%20London"
"6","The Street","Regent Street","Mentioned locations","51.5108","-0.1387","street","en","[…] to view the queerest looking nondescripts from foreign parts. Even in Broadway and Chestnut streets, Mediterranean mariners will sometimes jostle the affrighted ladies. Regent Street is not unknown to Lascars and Malays; and at Bombay, in the Apollo Green, live Yankees have often scared the natives. But New Bedford beats all Water Street and Wapping. In these last-mentioned haunts you see only sailors; but in New Bedford, actual cannibals stand chatting at street corners; savages outright; many of whom yet carry on their bones unholy flesh. It makes a stranger stare. But, besides the Feegeeans, Tongatobooarrs, […]","https://www.gutenberg.org/files/2701/2701-h/2701-h.htm#link2HCH0006","https://www.wikidata.org/wiki/Q1123106"
"6","The Street","Mumbai","Mentioned locations","19.07611111","72.8775","area","en","[…] Even in Broadway and Chestnut streets, Mediterranean mariners will sometimes jostle the affrighted ladies. Regent Street is not unknown to Lascars and Malays; and at Bombay, in the Apollo Green, live Yankees have often scared the natives. But New Bedford beats all Water Street and Wapping. In these last-mentioned haunts you see only sailors; but in New Bedford, actual cannibals stand chatting at street corners; savages outright; many of whom yet carry on their bones unholy flesh. It makes a stranger stare. But, besides the Feegeeans, Tongatobooarrs, Erromanggoans, Pannangians, and Brighggians, and, besides […]","https://www.gutenberg.org/files/2701/2701-h/2701-h.htm#link2HCH0006","https://en.wikipedia.org/wiki/Mumbai"
"6","The Street","New England","Mentioned locations","44","-71","area","en","[…] coast of Labrador. As it is, parts of her back country are enough to frighten one, they look so bony. The town itself is perhaps the dearest place to live in, in all New England. It is a land of oil, true enough: but not like Canaan; a land, also, of corn and wine. The streets do not run with milk; nor in the spring-time do they pave them with fresh eggs. Yet, in spite of this, nowhere in all America will you find more patrician-like houses; parks and gardens more opulent, than in New Bedford. Whence came they? how planted upon this once scraggy scoria of a country? Go and gaze upon the iron emblematical […]","https://www.gutenberg.org/files/2701/2701-h/2701-h.htm#link2HCH0006","https://en.wikipedia.org/wiki/New_England"
"6","The Street","Chestnut Street","Mentioned locations","39.9529","-75.18","street","en","[…] In thoroughfares nigh the docks, any considerable seaport will frequently offer to view the queerest looking nondescripts from foreign parts. Even in Broadway and Chestnut streets, Mediterranean mariners will sometimes jostle the affrighted ladies. Regent Street is not unknown to Lascars and Malays; and at Bombay, in the Apollo Green, live Yankees have often scared the natives. But New Bedford beats all Water Street and Wapping. In these last-mentioned haunts you see only sailors; but in New Bedford, actual cannibals stand chatting at street corners; savages outright; many of whom yet carry on their bones […]","https://www.gutenberg.org/files/2701/2701-h/2701-h.htm#link2HCH0006","https://en.wikipedia.org/wiki/Chestnut_Street_(Philadelphia)"
"6","The Street","Penang","Mentioned locations","5.41444444","100.32916667","area","en","[…] corners; savages outright; many of whom yet carry on their bones unholy flesh. It makes a stranger stare. But, besides the Feegeeans, Tongatobooarrs, Erromanggoans, Pannangians, and Brighggians, and, besides the wild specimens of the whaling-craft which unheeded reel about the streets, you will see other sights still more curious, certainly more comical. There weekly arrive in this town scores of green Vermonters and New Hampshire men, all athirst for gain and glory in the fishery. They are mostly young, of stalwart frames; fellows who have felled forests, and now seek to drop the axe and snatch the […]","https://www.gutenberg.org/files/2701/2701-h/2701-h.htm#link2HCH0006","https://en.wikipedia.org/wiki/Penang"
"6","The Street","United States","Mentioned locations","39.828175","-98.5795","area","en","[…] a land, also, of corn and wine. The streets do not run with milk; nor in the spring-time do they pave them with fresh eggs. Yet, in spite of this, nowhere in all America will you find more patrician-like houses; parks and gardens more opulent, than in New Bedford. Whence came they? how planted upon this once scraggy scoria of a country? Go and gaze upon the iron emblematical harpoons round yonder lofty mansion, and your question will be answered. Yes; all these brave houses and flowery gardens came from the Atlantic, Pacific, and Indian oceans. One and all, they were harpooned and dragged up hither from […]","https://www.gutenberg.org/files/2701/2701-h/2701-h.htm#link2HCH0006","https://www.wikidata.org/wiki/Q30"
"7","The Chapel","New Bedford, Massachusetts","Mentioned locations","41.636111111111","-70.934722222222","area","en","In this same New Bedford there stands a Whaleman’s Chapel, and few are the moody fishermen, shortly bound for the Indian Ocean or Pacific, who fail to make a Sunday visit to the spot. I am sure that I did not. Returning from my first morning stroll, I again sallied out upon this special errand. The sky had changed from clear, sunny cold, to driving sleet and mist. Wrapping myself in my shaggy jacket of the cloth called bearskin, I fought my way against the stubborn storm. Entering, I found a small scattered congregation of sailors, and sailors’ wives […]","https://www.gutenberg.org/files/2701/2701-h/2701-h.htm#link2HCH0007","https://www.wikidata.org/wiki/Q49147"
"7","The Chapel","Nantucket","Mentioned locations","41.276756","-70.090889","area","en","[…] like a jackal, feeds among the tombs, and even from these dead doubts she gathers her most vital hope. It needs scarcely to be told, with what feelings, on the eve of a Nantucket voyage, I regarded those marble tablets, and by the murky light of that darkened, doleful day read the fate of the whalemen who had gone before me. Yes, Ishmael, the same fate may be thine. But somehow I grew merry again. Delightful inducements to embark, fine chance for promotion, it seems—aye, a stove boat will make me an immortal by brevet. Yes, there is death in this business of whaling—a speechlessly quick chaotic bundling of a man […]","https://www.gutenberg.org/files/2701/2701-h/2701-h.htm#link2HCH0007","https://www.wikidata.org/wiki/Q49149"
"7","The Chapel","Japan","Mentioned locations","36","138","area","en","[…] placed by their surviving SHIPMATES. SACRED TO THE MEMORY OF The late CAPTAIN EZEKIEL HARDY, Who in the bows of his boat was killed by a Sperm Whale on the coast of Japan, August 3 d , 1833. THIS TABLET Is erected to his Memory BY HIS WIDOW. Shaking off the sleet from my ice-glazed hat and jacket, I seated myself near the door, and turning sideways was surprised to see Queequeg near me. Affected by the solemnity of the scene, there was a wondering gaze of incredulous curiosity in his countenance. This savage was the only person present who seemed to notice my entrance; because he was the only one who could […]","https://www.gutenberg.org/files/2701/2701-h/2701-h.htm#link2HCH0007","https://en.wikipedia.org/wiki/Japan"
"7","The Chapel","Pacific Ocean","Mentioned locations","0","-160","area","en","In this same New Bedford there stands a Whaleman’s Chapel, and few are the moody fishermen, shortly bound for the Indian Ocean or Pacific, who fail to make a Sunday visit to the spot. I am sure that I did not. Returning from my first morning stroll, I again sallied out upon this special errand. The sky had changed from clear, sunny cold, to driving sleet and mist. Wrapping myself in my shaggy jacket of the cloth called bearskin, I fought my way against the stubborn storm. Entering, I found a small scattered congregation of sailors, and sailors’ wives and widows. A muffled […]","https://www.gutenberg.org/files/2701/2701-h/2701-h.htm#link2HCH0007","https://en.wikipedia.org/wiki/Pacific_Ocean"
"7","The Chapel","Indian Ocean","Mentioned locations","-20","80","area","en","In this same New Bedford there stands a Whaleman’s Chapel, and few are the moody fishermen, shortly bound for the Indian Ocean or Pacific, who fail to make a Sunday visit to the spot. I am sure that I did not. Returning from my first morning stroll, I again sallied out upon this special errand. The sky had changed from clear, sunny cold, to driving sleet and mist. Wrapping myself in my shaggy jacket of the cloth called bearskin, I fought my way against the stubborn storm. Entering, I found a small scattered congregation of sailors, and sailors’ wives and […]","https://www.gutenberg.org/files/2701/2701-h/2701-h.htm#link2HCH0007","https://en.wikipedia.org/wiki/Indian_Ocean"
"7","The Chapel","Goodwin Sands","Mentioned locations","51.273611111111","1.5083333333333","area","en","[…] of living creatures, the dead of mankind are included; why it is that a universal proverb says of them, that they tell no tales, though containing more secrets than the Goodwin Sands; how it is that to his name who yesterday departed for the other world, we prefix so significant and infidel a word, and yet do not thus entitle him, if he but embarks for the remotest Indies of this living earth; why the Life Insurance Companies pay death-forfeitures upon immortals; in what eternal, unstirring paralysis, and deadly, hopeless trance, yet lies antique Adam who died sixty round centuries ago; how it is that we still […]","https://www.gutenberg.org/files/2701/2701-h/2701-h.htm#link2HCH0007","https://www.wikidata.org/wiki/Q1494482"
"7","The Chapel","Elephanta Island","Mentioned locations","18.9625","72.93388888888889","area","en","[…] that seem to gnaw upon all Faith, and refuse resurrections to the beings who have placelessly perished without a grave. As well might those tablets stand in the cave of Elephanta as here. In what census of living creatures, the dead of mankind are included; why it is that a universal proverb says of them, that they tell no tales, though containing more secrets than the Goodwin Sands; how it is that to his name who yesterday departed for the other world, we prefix so significant and infidel a word, and yet do not thus entitle him, if he but embarks for the remotest Indies of this living earth; why the Life […]","https://www.gutenberg.org/files/2701/2701-h/2701-h.htm#link2HCH0007","https://www.wikidata.org/wiki/Q175304"
"7","The Chapel","Patagonia","Mentioned locations","-41.81015","-68.90627","area","en","[…] the following, but I do not pretend to quote:— SACRED TO THE MEMORY OF JOHN TALBOT, Who, at the age of eighteen, was lost overboard, Near the Isle of Desolation, off Patagonia, November 1 st , 1836. THIS TABLET Is erected to his Memory BY HIS SISTER. SACRED TO THE MEMORY OF ROBERT LONG, WILLIS ELLERY, NATHAN COLEMAN, WALTER CANNY, SETH MACY, AND SAMUEL GLEIG, Forming one of the boats’ crews OF THE SHIP ELIZA Who were towed out of sight by a Whale, On the Off-shore Ground in the PACIFIC, December 31 st , 1839. THIS MARBLE Is here placed by their surviving SHIPMATES. SACRED TO THE MEMORY OF The late CAPTAIN […]","https://www.gutenberg.org/files/2701/2701-h/2701-h.htm#link2HCH0007","https://www.wikidata.org/wiki/Q1507"
"8","The Pulpit","Ehrenbreitstein Fortress","Mentioned locations","50.365","7.61528","building","en","[…] ties and connexions? Yes, for replenished with the meat and wine of the word, to the faithful man of God, this pulpit, I see, is a self-containing stronghold—a lofty Ehrenbreitstein, with a perennial well of water within the walls. But the side ladder was not the only strange feature of the place, borrowed from the chaplain’s former sea-farings. Between the marble cenotaphs on either hand of the pulpit, the wall which formed its back was adorned with a large painting representing a gallant ship beating against a terrible storm off a lee coast of black rocks and snowy breakers. But high above the flying scud […]","https://www.gutenberg.org/files/2701/2701-h/2701-h.htm#link2HCH0008","https://www.wikidata.org/wiki/Q50712"
"8","The Pulpit","Quebec City","Mentioned locations","46.816111","-71.224167","area","en","[…] turn round, and stooping over the pulpit, deliberately drag up the ladder step by step, till the whole was deposited within, leaving him impregnable in his little Quebec. I pondered some time without fully comprehending the reason for this. Father Mapple enjoyed such a wide reputation for sincerity and sanctity, that I could not suspect him of courting notoriety by any mere tricks of the stage. No, thought I, there must be some sober reason for this thing; furthermore, it must symbolize something unseen. Can it be, then, that by that act of physical isolation, he signifies his spiritual withdrawal for the […]","https://www.gutenberg.org/files/2701/2701-h/2701-h.htm#link2HCH0008","https://www.wikidata.org/wiki/Q2145"
"9","The Sermon","Atlantic Ocean","Mentioned locations","0","-25","area","en","[…] of learned men. And where is Cadiz, shipmates? Cadiz is in Spain; as far by water, from Joppa, as Jonah could possibly have sailed in those ancient days, when the Atlantic was an almost unknown sea. Because Joppa, the modern Jaffa, shipmates, is on the most easterly coast of the Mediterranean, the Syrian; and Tarshish or Cadiz more than two thousand miles to the westward from that, just outside the Straits of Gibraltar. See ye not then, shipmates, that Jonah sought to flee world-wide from God? Miserable man! Oh! most contemptible and worthy of all scorn; with slouched hat and guilty eye, skulking from his […]","https://www.gutenberg.org/files/2701/2701-h/2701-h.htm#link2HCH0009","https://en.wikipedia.org/wiki/Atlantic_Ocean"
"9","The Sermon","Mediterranean Sea","Mentioned locations","35","18","area","en","[…] have sailed in those ancient days, when the Atlantic was an almost unknown sea. Because Joppa, the modern Jaffa, shipmates, is on the most easterly coast of the Mediterranean, the Syrian; and Tarshish or Cadiz more than two thousand miles to the westward from that, just outside the Straits of Gibraltar. See ye not then, shipmates, that Jonah sought to flee world-wide from God? Miserable man! Oh! most contemptible and worthy of all scorn; with slouched hat and guilty eye, skulking from his God; prowling among the shipping like a vile burglar hastening to cross the seas. So disordered, self-condemning is […]","https://www.gutenberg.org/files/2701/2701-h/2701-h.htm#link2HCH0009","https://en.wikipedia.org/wiki/Mediterranean_Sea"
"9","The Sermon","Strait of Gibraltar","Mentioned locations","35.97388888888889","-5.516111111111111","area","en","[…] is on the most easterly coast of the Mediterranean, the Syrian; and Tarshish or Cadiz more than two thousand miles to the westward from that, just outside the Straits of Gibraltar. See ye not then, shipmates, that Jonah sought to flee world-wide from God? Miserable man! Oh! most contemptible and worthy of all scorn; with slouched hat and guilty eye, skulking from his God; prowling among the shipping like a vile burglar hastening to cross the seas. So disordered, self-condemning is his look, that had there been policemen in those days, Jonah, on the mere suspicion of something wrong, had been arrested […]","https://www.gutenberg.org/files/2701/2701-h/2701-h.htm#link2HCH0009","https://www.wikidata.org/wiki/Q36124"
"9","The Sermon","Cádiz","Mentioned locations","36.535","-6.2975","area","en","[…] seeks a ship that’s bound for Tarshish. There lurks, perhaps, a hitherto unheeded meaning here. By all accounts Tarshish could have been no other city than the modern Cadiz. That’s the opinion of learned men. And where is Cadiz, shipmates? Cadiz is in Spain; as far by water, from Joppa, as Jonah could possibly have sailed in those ancient days, when the Atlantic was an almost unknown sea. Because Joppa, the modern Jaffa, shipmates, is on the most easterly coast of the Mediterranean, the Syrian; and Tarshish or Cadiz more than two thousand miles to the westward from that, just outside the Straits of Gibraltar. […]","https://www.gutenberg.org/files/2701/2701-h/2701-h.htm#link2HCH0009","https://www.wikidata.org/wiki/Q15682"
"9","The Sermon","Nineveh","Mentioned locations","36.35944444","43.15277778","area","en","[…] pilot of the living God. How being an anointed pilot-prophet, or speaker of true things, and bidden by the Lord to sound those unwelcome truths in the ears of a wicked Nineveh, Jonah, appalled at the hostility he should raise, fled from his mission, and sought to escape his duty and his God by taking ship at Joppa. But God is everywhere; Tarshish he never reached. As we have seen, God came upon him in the whale, and swallowed him down to living gulfs of doom, and with swift slantings tore him along ’into the midst of the seas,’ where the eddying depths sucked him ten thousand fathoms down, and ’the weeds were […]","https://www.gutenberg.org/files/2701/2701-h/2701-h.htm#link2HCH0009","https://en.wikipedia.org/wiki/Nineveh"
"9","The Sermon","Jaffa","Mentioned locations","32.052222222222","34.753055555556","area","en","[…] from Him. He thinks that a ship made by men will carry him into countries where God does not reign, but only the Captains of this earth. He skulks about the wharves of Joppa, and seeks a ship that’s bound for Tarshish. There lurks, perhaps, a hitherto unheeded meaning here. By all accounts Tarshish could have been no other city than the modern Cadiz. That’s the opinion of learned men. And where is Cadiz, shipmates? Cadiz is in Spain; as far by water, from Joppa, as Jonah could possibly have sailed in those ancient days, when the Atlantic was an almost unknown sea. Because Joppa, the modern Jaffa, shipmates, is […]","https://www.gutenberg.org/files/2701/2701-h/2701-h.htm#link2HCH0009","https://www.wikidata.org/wiki/Q180294"
"9","The Sermon","Spain","Mentioned locations","40.2","-3.5","area","en","[…] here. By all accounts Tarshish could have been no other city than the modern Cadiz. That’s the opinion of learned men. And where is Cadiz, shipmates? Cadiz is in Spain; as far by water, from Joppa, as Jonah could possibly have sailed in those ancient days, when the Atlantic was an almost unknown sea. Because Joppa, the modern Jaffa, shipmates, is on the most easterly coast of the Mediterranean, the Syrian; and Tarshish or Cadiz more than two thousand miles to the westward from that, just outside the Straits of Gibraltar. See ye not then, shipmates, that Jonah sought to flee world-wide from God? Miserable […]","https://www.gutenberg.org/files/2701/2701-h/2701-h.htm#link2HCH0009","https://www.wikidata.org/wiki/Q29"
"10","A Bosom Friend","Cape Horn","Mentioned locations","-55.98","-67.289166666667","area","en","[…] struck me as mighty singular; yet, upon second thoughts, there was something almost sublime in it. Here was a man some twenty thousand miles from home, by the way of Cape Horn, that is—which was the only way he could get there—thrown among people as strange to him as though he were in the planet Jupiter; and yet he seemed entirely at his ease; preserving the utmost serenity; content with his own companionship; always equal to himself. Surely this was a touch of fine philosophy; though no doubt he had never heard there was such a thing as that. But, perhaps, to be true philosophers, we mortals should not be […]","https://www.gutenberg.org/files/2701/2701-h/2701-h.htm#link2HCH0010","https://www.wikidata.org/wiki/Q4078"
"12","Biographical","Nantucket","Mentioned locations","41.276756","-70.090889","area","en","[…] miserable and wicked; infinitely more so, than all his father’s heathens. Arrived at last in old Sag Harbor; and seeing what the sailors did there; and then going on to Nantucket, and seeing how they spent their wages in that place also, poor Queequeg gave it up for lost. Thought he, it’s a wicked world in all meridians; I’ll die a pagan. And thus an old idolator at heart, he yet lived among these Christians, wore their clothes, and tried to talk their gibberish. Hence the queer ways about him, though now some time from home. By hints, I asked him whether he did not propose going back, and having a coronation; […]","https://www.gutenberg.org/files/2701/2701-h/2701-h.htm#link2HCH0012","https://www.wikidata.org/wiki/Q49149"
"12","Biographical","Sag Harbor, New York","Mentioned locations","40.9967","-72.2922","area","en","[…] warriors. There was excellent blood in his veins—royal stuff; though sadly vitiated, I fear, by the cannibal propensity he nourished in his untutored youth. A Sag Harbor ship visited his father’s bay, and Queequeg sought a passage to Christian lands. But the ship, having her full complement of seamen, spurned his suit; and not all the King his father’s influence could prevail. But Queequeg vowed a vow. Alone in his canoe, he paddled off to a distant strait, which he knew the ship must pass through when she quitted the island. On one side was a coral reef; on the other a low tongue of land, covered with […]","https://www.gutenberg.org/files/2701/2701-h/2701-h.htm#link2HCH0012","https://www.wikidata.org/wiki/Q3087814"
"13","Wheelbarrow","Nantucket","Mentioned locations","41.276756","-70.090889","area","en","[…] borrowed a wheelbarrow, and embarking our things, including my own poor carpet-bag, and Queequeg’s canvas sack and hammock, away we went down to ”the Moss,” the little Nantucket packet schooner moored at the wharf. As we were going along the people stared; not at Queequeg so much—for they were used to seeing cannibals like him in their streets,—but at seeing him and me upon such confidential terms. But we heeded them not, going along wheeling the barrow by turns, and Queequeg now and then stopping to adjust the sheath on his harpoon barbs. I asked him why he carried such a troublesome thing with him ashore, and […]","https://www.gutenberg.org/files/2701/2701-h/2701-h.htm#link2HCH0013","https://www.wikidata.org/wiki/Q49149"
"14","Nantucket","Atlantic Ocean","Mentioned locations","0","-25","area","en","[…] Nantucketers, these sea hermits, issuing from their ant-hill in the sea, overrun and conquered the watery world like so many Alexanders; parcelling out among them the Atlantic, Pacific, and Indian oceans, as the three pirate powers did Poland. Let America add Mexico to Texas, and pile Cuba upon Canada; let the English overswarm all India, and hang out their blazing banner from the sun; two thirds of this terraqueous globe are the Nantucketer’s. For the sea is his; he owns it, as Emperors own empires; other seamen having but a right of way through it. Merchant ships are but extension bridges; armed ones but […]","https://www.gutenberg.org/files/2701/2701-h/2701-h.htm#link2HCH0014","https://en.wikipedia.org/wiki/Atlantic_Ocean"
"14","Nantucket","Pacific Ocean","Mentioned locations","0","-160","area","en","[…] these sea hermits, issuing from their ant-hill in the sea, overrun and conquered the watery world like so many Alexanders; parcelling out among them the Atlantic, Pacific, and Indian oceans, as the three pirate powers did Poland. Let America add Mexico to Texas, and pile Cuba upon Canada; let the English overswarm all India, and hang out their blazing banner from the sun; two thirds of this terraqueous globe are the Nantucketer’s. For the sea is his; he owns it, as Emperors own empires; other seamen having but a right of way through it. Merchant ships are but extension bridges; armed ones but floating […]","https://www.gutenberg.org/files/2701/2701-h/2701-h.htm#link2HCH0014","https://en.wikipedia.org/wiki/Pacific_Ocean"
"14","Nantucket","Bering Strait","Mentioned locations","65.75","-168.97694444444446","area","en","[…] and captured cod; and at last, launching a navy of great ships on the sea, explored this watery world; put an incessant belt of circumnavigations round it; peeped in at Behring’s Straits; and in all seasons and all oceans declared everlasting war with the mightiest animated mass that has survived the flood; most monstrous and most mountainous! That Himmalehan, salt-sea Mastodon, clothed with such portentousness of unconscious power, that his very panics are more to be dreaded than his most fearless and malicious assaults! And thus have these naked Nantucketers, these sea hermits, issuing from their ant-hill in […]","https://www.gutenberg.org/files/2701/2701-h/2701-h.htm#link2HCH0014","https://www.wikidata.org/wiki/Q11769"
"14","Nantucket","Texas","Mentioned locations","31","-100","area","en","[…] world like so many Alexanders; parcelling out among them the Atlantic, Pacific, and Indian oceans, as the three pirate powers did Poland. Let America add Mexico to Texas, and pile Cuba upon Canada; let the English overswarm all India, and hang out their blazing banner from the sun; two thirds of this terraqueous globe are the Nantucketer’s. For the sea is his; he owns it, as Emperors own empires; other seamen having but a right of way through it. Merchant ships are but extension bridges; armed ones but floating forts; even pirates and privateers, though following the sea as highwaymen the road, they but […]","https://www.gutenberg.org/files/2701/2701-h/2701-h.htm#link2HCH0014","https://www.wikidata.org/wiki/Q1439"
"14","Nantucket","Illinois","Mentioned locations","40.000277777777775","-89.25027777777778","area","en","[…] to their very chairs and tables small clams will sometimes be found adhering, as to the backs of sea turtles. But these extravaganzas only show that Nantucket is no Illinois. Look now at the wondrous traditional story of how this island was settled by the red-men. Thus goes the legend. In olden times an eagle swooped down upon the New England coast, and carried off an infant Indian in his talons. With loud lament the parents saw their child borne out of sight over the wide waters. They resolved to follow in the same direction. Setting out in their canoes, after a perilous passage they discovered the island, […]","https://www.gutenberg.org/files/2701/2701-h/2701-h.htm#link2HCH0014","https://www.wikidata.org/wiki/Q1204"
"14","Nantucket","Eddystone Rocks","Mentioned locations","50.180791","-4.266044","area","en","[…] in Nantucket. Nantucket! Take out your map and look at it. See what a real corner of the world it occupies; how it stands there, away off shore, more lonely than the Eddystone lighthouse. Look at it—a mere hillock, and elbow of sand; all beach, without a background. There is more sand there than you would use in twenty years as a substitute for blotting paper. Some gamesome wights will tell you that they have to plant weeds there, they don’t grow naturally; that they import Canada thistles; that they have to send beyond seas for a spile to stop a leak in an oil cask; that pieces of wood in Nantucket are […]","https://www.gutenberg.org/files/2701/2701-h/2701-h.htm#link2HCH0014","https://www.wikidata.org/wiki/Q4171798"
"14","Nantucket","Rome","Mentioned locations","41.89333333","12.48277778","area","en","[…] that they have to send beyond seas for a spile to stop a leak in an oil cask; that pieces of wood in Nantucket are carried about like bits of the true cross in Rome; that people there plant toadstools before their houses, to get under the shade in summer time; that one blade of grass makes an oasis, three blades in a day’s walk a prairie; that they wear quicksand shoes, something like Laplander snow-shoes; that they are so shut up, belted about, every way inclosed, surrounded, and made an utter island of by the ocean, that to their very chairs and tables small clams will sometimes be found adhering, as […]","https://www.gutenberg.org/files/2701/2701-h/2701-h.htm#link2HCH0014","https://en.wikipedia.org/wiki/Rome"
"14","Nantucket","Mexico","Mentioned locations","23","-102","area","en","[…] the watery world like so many Alexanders; parcelling out among them the Atlantic, Pacific, and Indian oceans, as the three pirate powers did Poland. Let America add Mexico to Texas, and pile Cuba upon Canada; let the English overswarm all India, and hang out their blazing banner from the sun; two thirds of this terraqueous globe are the Nantucketer’s. For the sea is his; he owns it, as Emperors own empires; other seamen having but a right of way through it. Merchant ships are but extension bridges; armed ones but floating forts; even pirates and privateers, though following the sea as highwaymen the road, […]","https://www.gutenberg.org/files/2701/2701-h/2701-h.htm#link2HCH0014","https://www.wikidata.org/wiki/Q96"
"14","Nantucket","Cuba","Mentioned locations","22","-79.5","area","en","[…] many Alexanders; parcelling out among them the Atlantic, Pacific, and Indian oceans, as the three pirate powers did Poland. Let America add Mexico to Texas, and pile Cuba upon Canada; let the English overswarm all India, and hang out their blazing banner from the sun; two thirds of this terraqueous globe are the Nantucketer’s. For the sea is his; he owns it, as Emperors own empires; other seamen having but a right of way through it. Merchant ships are but extension bridges; armed ones but floating forts; even pirates and privateers, though following the sea as highwaymen the road, they but plunder other ships, […]","https://www.gutenberg.org/files/2701/2701-h/2701-h.htm#link2HCH0014","https://www.wikidata.org/wiki/Q241"
"14","Nantucket","Himalayas","Mentioned locations","29","84","area","en","[…] and in all seasons and all oceans declared everlasting war with the mightiest animated mass that has survived the flood; most monstrous and most mountainous! That Himmalehan, salt-sea Mastodon, clothed with such portentousness of unconscious power, that his very panics are more to be dreaded than his most fearless and malicious assaults! And thus have these naked Nantucketers, these sea hermits, issuing from their ant-hill in the sea, overrun and conquered the watery world like so many Alexanders; parcelling out among them the Atlantic, Pacific, and Indian oceans, as the three pirate powers did Poland. Let […]","https://www.gutenberg.org/files/2701/2701-h/2701-h.htm#link2HCH0014","https://www.wikidata.org/wiki/Q5451"
"14","Nantucket","Alps","Mentioned locations","46.58","8.62","area","en","[…] it overwhelmed all the millions in China. He lives on the sea, as prairie cocks in the prairie; he hides among the waves, he climbs them as chamois hunters climb the Alps. For years he knows not the land; so that when he comes to it at last, it smells like another world, more strangely than the moon would to an Earthsman. With the landless gull, that at sunset folds her wings and is rocked to sleep between billows; so at nightfall, the Nantucketer, out of sight of land, furls his sails, and lays him to his rest, while under his very pillow rush herds of walruses and whales.","https://www.gutenberg.org/files/2701/2701-h/2701-h.htm#link2HCH0014","https://en.wikipedia.org/wiki/Alps"
"14","Nantucket","India","Mentioned locations","21","78","area","en","[…] Atlantic, Pacific, and Indian oceans, as the three pirate powers did Poland. Let America add Mexico to Texas, and pile Cuba upon Canada; let the English overswarm all India, and hang out their blazing banner from the sun; two thirds of this terraqueous globe are the Nantucketer’s. For the sea is his; he owns it, as Emperors own empires; other seamen having but a right of way through it. Merchant ships are but extension bridges; armed ones but floating forts; even pirates and privateers, though following the sea as highwaymen the road, they but plunder other ships, other fragments of the land like themselves, […]","https://www.gutenberg.org/files/2701/2701-h/2701-h.htm#link2HCH0014","https://en.wikipedia.org/wiki/India"
"14","Nantucket","China","Mentioned locations","35","103","area","en","[…] it as his own special plantation. There is his home; there lies his business, which a Noah’s flood would not interrupt, though it overwhelmed all the millions in China. He lives on the sea, as prairie cocks in the prairie; he hides among the waves, he climbs them as chamois hunters climb the Alps. For years he knows not the land; so that when he comes to it at last, it smells like another world, more strangely than the moon would to an Earthsman. With the landless gull, that at sunset folds her wings and is rocked to sleep between billows; so at nightfall, the Nantucketer, out of sight of land, furls his […]","https://www.gutenberg.org/files/2701/2701-h/2701-h.htm#link2HCH0014","https://en.wikipedia.org/wiki/China"
"14","Nantucket","Canada","Mentioned locations","56","-109","area","en","[…] parcelling out among them the Atlantic, Pacific, and Indian oceans, as the three pirate powers did Poland. Let America add Mexico to Texas, and pile Cuba upon Canada; let the English overswarm all India, and hang out their blazing banner from the sun; two thirds of this terraqueous globe are the Nantucketer’s. For the sea is his; he owns it, as Emperors own empires; other seamen having but a right of way through it. Merchant ships are but extension bridges; armed ones but floating forts; even pirates and privateers, though following the sea as highwaymen the road, they but plunder other ships, other […]","https://www.gutenberg.org/files/2701/2701-h/2701-h.htm#link2HCH0014","https://www.wikidata.org/wiki/Q16"
"14","Nantucket","Poland","Mentioned locations","52","19","area","en","[…] sea, overrun and conquered the watery world like so many Alexanders; parcelling out among them the Atlantic, Pacific, and Indian oceans, as the three pirate powers did Poland. Let America add Mexico to Texas, and pile Cuba upon Canada; let the English overswarm all India, and hang out their blazing banner from the sun; two thirds of this terraqueous globe are the Nantucketer’s. For the sea is his; he owns it, as Emperors own empires; other seamen having but a right of way through it. Merchant ships are but extension bridges; armed ones but floating forts; even pirates and privateers, though following the sea as […]","https://www.gutenberg.org/files/2701/2701-h/2701-h.htm#link2HCH0014","https://www.wikidata.org/wiki/Q36"
"14","Nantucket","New England","Mentioned locations","44","-71","area","en","[…] Illinois. Look now at the wondrous traditional story of how this island was settled by the red-men. Thus goes the legend. In olden times an eagle swooped down upon the New England coast, and carried off an infant Indian in his talons. With loud lament the parents saw their child borne out of sight over the wide waters. They resolved to follow in the same direction. Setting out in their canoes, after a perilous passage they discovered the island, and there they found an empty ivory casket,—the poor little Indian’s skeleton. What wonder, then, that these Nantucketers, born on a beach, should take to the sea for a […]","https://www.gutenberg.org/files/2701/2701-h/2701-h.htm#link2HCH0014","https://en.wikipedia.org/wiki/New_England"
"14","Nantucket","United States","Mentioned locations","39.828175","-98.5795","area","en","[…] and conquered the watery world like so many Alexanders; parcelling out among them the Atlantic, Pacific, and Indian oceans, as the three pirate powers did Poland. Let America add Mexico to Texas, and pile Cuba upon Canada; let the English overswarm all India, and hang out their blazing banner from the sun; two thirds of this terraqueous globe are the Nantucketer’s. For the sea is his; he owns it, as Emperors own empires; other seamen having but a right of way through it. Merchant ships are but extension bridges; armed ones but floating forts; even pirates and privateers, though following the sea as highwaymen […]","https://www.gutenberg.org/files/2701/2701-h/2701-h.htm#link2HCH0014","https://www.wikidata.org/wiki/Q30"
"16","The Ship","Martha's Vineyard","Mentioned locations","41.4","-70.616666666667","area","en","[…] old seaman, as an insulated Quakerish Nantucketer, was full of his insular prejudices, and rather distrustful of all aliens, unless they hailed from Cape Cod or the Vineyard. ”But what takes thee a-whaling? I want to know that before I think of shipping ye.” ”Well, sir, I want to see what whaling is. I want to see the world.” ”Want to see what whaling is, eh? Have ye clapped eye on Captain Ahab?” ”Who is Captain Ahab, sir?” ”Aye, aye, I thought so. Captain Ahab is the Captain of this ship.” ”I am mistaken then. I thought I was speaking to the Captain himself.” ”Thou art speaking to Captain Peleg—that’s who […]","https://www.gutenberg.org/files/2701/2701-h/2701-h.htm#link2HCH0016","https://www.wikidata.org/wiki/Q49148"
"16","The Ship","Aquinnah, Massachusetts","Mentioned locations","41.334444444444","-70.795833333333","area","en","[…] Ahab did not name himself. ’Twas a foolish, ignorant whim of his crazy, widowed mother, who died when he was only a twelvemonth old. And yet the old squaw Tistig, at Gayhead, said that the name would somehow prove prophetic. And, perhaps, other fools like her may tell thee the same. I wish to warn thee. It’s a lie. I know Captain Ahab well; I’ve sailed with him as mate years ago; I know what he is—a good man—not a pious, good man, like Bildad, but a swearing good man—something like me—only there’s a good deal more of him. Aye, aye, I know that he was never very jolly; and I know that on the passage home, he […]","https://www.gutenberg.org/files/2701/2701-h/2701-h.htm#link2HCH0016","https://www.wikidata.org/wiki/Q2418318"
"16","The Ship","Cape Cod","Mentioned locations","41.70011111111111","-70.03279444444445","area","en","[…] innuendoes, this old seaman, as an insulated Quakerish Nantucketer, was full of his insular prejudices, and rather distrustful of all aliens, unless they hailed from Cape Cod or the Vineyard. ”But what takes thee a-whaling? I want to know that before I think of shipping ye.” ”Well, sir, I want to see what whaling is. I want to see the world.” ”Want to see what whaling is, eh? Have ye clapped eye on Captain Ahab?” ”Who is Captain Ahab, sir?” ”Aye, aye, I thought so. Captain Ahab is the Captain of this ship.” ”I am mistaken then. I thought I was speaking to the Captain himself.” ”Thou art speaking to Captain […]","https://www.gutenberg.org/files/2701/2701-h/2701-h.htm#link2HCH0016","https://www.wikidata.org/wiki/Q49152"
"16","The Ship","Japan","Mentioned locations","36","138","area","en","[…] complexion was darkened like a French grenadier’s, who has alike fought in Egypt and Siberia. Her venerable bows looked bearded. Her masts—cut somewhere on the coast of Japan, where her original ones were lost overboard in a gale—her masts stood stiffly up like the spines of the three old kings of Cologne. Her ancient decks were worn and wrinkled, like the pilgrim-worshipped flag-stone in Canterbury Cathedral where Becket bled. But to all these her old antiquities, were added new and marvellous features, pertaining to the wild business that for more than half a century she had followed. Old Captain Peleg, many […]","https://www.gutenberg.org/files/2701/2701-h/2701-h.htm#link2HCH0016","https://en.wikipedia.org/wiki/Japan"
"16","The Ship","Atlantic Ocean","Mentioned locations","0","-25","area","en","[…] consistency about worthy Captain Bildad. Though refusing, from conscientious scruples, to bear arms against land invaders, yet himself had illimitably invaded the Atlantic and Pacific; and though a sworn foe to human bloodshed, yet had he in his straight-bodied coat, spilled tuns upon tuns of leviathan gore. How now in the contemplative evening of his days, the pious Bildad reconciled these things in the reminiscence, I do not know; but it did not seem to concern him much, and very probably he had long since come to the sage and sensible conclusion that a man’s religion is one thing, and this practical […]","https://www.gutenberg.org/files/2701/2701-h/2701-h.htm#link2HCH0016","https://en.wikipedia.org/wiki/Atlantic_Ocean"
"16","The Ship","Pacific Ocean","Mentioned locations","0","-160","area","en","[…] about worthy Captain Bildad. Though refusing, from conscientious scruples, to bear arms against land invaders, yet himself had illimitably invaded the Atlantic and Pacific; and though a sworn foe to human bloodshed, yet had he in his straight-bodied coat, spilled tuns upon tuns of leviathan gore. How now in the contemplative evening of his days, the pious Bildad reconciled these things in the reminiscence, I do not know; but it did not seem to concern him much, and very probably he had long since come to the sage and sensible conclusion that a man’s religion is one thing, and this practical world quite […]","https://www.gutenberg.org/files/2701/2701-h/2701-h.htm#link2HCH0016","https://en.wikipedia.org/wiki/Pacific_Ocean"
"16","The Ship","Massachusetts","Mentioned locations","42.3","-71.8","area","en","[…] the Tit-bit, and the Pequod. Devil-Dam , I do not know the origin of; Tit-bit is obvious; Pequod , you will no doubt remember, was the name of a celebrated tribe of Massachusetts Indians; now extinct as the ancient Medes. I peered and pryed about the Devil-dam; from her, hopped over to the Tit-bit; and finally, going on board the Pequod, looked around her for a moment, and then decided that this was the very ship for us. You may have seen many a quaint craft in your day, for aught I know;—square-toed luggers; mountainous Japanese junks; butter-box galliots, and what not; but take my word for it, you never […]","https://www.gutenberg.org/files/2701/2701-h/2701-h.htm#link2HCH0016","https://www.wikidata.org/wiki/Q771"
"16","The Ship","Canterbury Cathedral","Mentioned locations","51.279811","1.083001","building","en","[…] a gale—her masts stood stiffly up like the spines of the three old kings of Cologne. Her ancient decks were worn and wrinkled, like the pilgrim-worshipped flag-stone in Canterbury Cathedral where Becket bled. But to all these her old antiquities, were added new and marvellous features, pertaining to the wild business that for more than half a century she had followed. Old Captain Peleg, many years her chief-mate, before he commanded another vessel of his own, and now a retired seaman, and one of the principal owners of the Pequod,—this old Peleg, during the term of his chief-mateship, had built upon her original […]","https://www.gutenberg.org/files/2701/2701-h/2701-h.htm#link2HCH0016","https://www.wikidata.org/wiki/Q29265"
"16","The Ship","Cologne","Mentioned locations","50.93638889","6.95277778","area","en","[…] masts—cut somewhere on the coast of Japan, where her original ones were lost overboard in a gale—her masts stood stiffly up like the spines of the three old kings of Cologne. Her ancient decks were worn and wrinkled, like the pilgrim-worshipped flag-stone in Canterbury Cathedral where Becket bled. But to all these her old antiquities, were added new and marvellous features, pertaining to the wild business that for more than half a century she had followed. Old Captain Peleg, many years her chief-mate, before he commanded another vessel of his own, and now a retired seaman, and one of the principal owners of […]","https://www.gutenberg.org/files/2701/2701-h/2701-h.htm#link2HCH0016","https://en.wikipedia.org/wiki/Cologne"
"16","The Ship","Cape Horn","Mentioned locations","-55.98","-67.289166666667","area","en","[…] but water; considerable horizon though, and there’s a squall coming up, I think.” ”Well, what does thou think then of seeing the world? Do ye wish to go round Cape Horn to see any more of it, eh? Can’t ye see the world where you stand?” I was a little staggered, but go a-whaling I must, and I would; and the Pequod was as good a ship as any—I thought the best—and all this I now repeated to Peleg. Seeing me so determined, he expressed his willingness to ship me. ”And thou mayest as well sign the papers right off,” he added—”come along with ye.” And so saying, he led the way below deck into the cabin. […]","https://www.gutenberg.org/files/2701/2701-h/2701-h.htm#link2HCH0016","https://www.wikidata.org/wiki/Q4078"
"16","The Ship","Egypt","Mentioned locations","27","29","area","en","[…] seasoned and weather-stained in the typhoons and calms of all four oceans, her old hull’s complexion was darkened like a French grenadier’s, who has alike fought in Egypt and Siberia. Her venerable bows looked bearded. Her masts—cut somewhere on the coast of Japan, where her original ones were lost overboard in a gale—her masts stood stiffly up like the spines of the three old kings of Cologne. Her ancient decks were worn and wrinkled, like the pilgrim-worshipped flag-stone in Canterbury Cathedral where Becket bled. But to all these her old antiquities, were added new and marvellous features, pertaining to […]","https://www.gutenberg.org/files/2701/2701-h/2701-h.htm#link2HCH0016","https://www.wikidata.org/wiki/Q79"
"16","The Ship","Siberia","Mentioned locations","60","105","area","en","[…] and weather-stained in the typhoons and calms of all four oceans, her old hull’s complexion was darkened like a French grenadier’s, who has alike fought in Egypt and Siberia. Her venerable bows looked bearded. Her masts—cut somewhere on the coast of Japan, where her original ones were lost overboard in a gale—her masts stood stiffly up like the spines of the three old kings of Cologne. Her ancient decks were worn and wrinkled, like the pilgrim-worshipped flag-stone in Canterbury Cathedral where Becket bled. But to all these her old antiquities, were added new and marvellous features, pertaining to the wild […]","https://www.gutenberg.org/files/2701/2701-h/2701-h.htm#link2HCH0016","https://www.wikidata.org/wiki/Q5428"
"17","The Ramadan","Atlantic Ocean","Mentioned locations","0","-25","area","en","[…] who had just come from a plum-pudding voyage, as they called it (that is, a short whaling-voyage in a schooner or brig, confined to the north of the line, in the Atlantic Ocean only); after listening to these plum-puddingers till nearly eleven o’clock, I went up stairs to go to bed, feeling quite sure by this time Queequeg must certainly have brought his Ramadan to a termination. But no; there he was just where I had left him; he had not stirred an inch. I began to grow vexed with him; it seemed so downright senseless and insane to be sitting there all day and half the night on his hams in a cold room, […]","https://www.gutenberg.org/files/2701/2701-h/2701-h.htm#link2HCH0017","https://en.wikipedia.org/wiki/Atlantic_Ocean"
"18","His Mark","Martha's Vineyard","Mentioned locations","41.4","-70.616666666667","area","en","[…] the shark out of ’em; no harpooneer is worth a straw who aint pretty sharkish. There was young Nat Swaine, once the bravest boat-header out of all Nantucket and the Vineyard; he joined the meeting, and never came to good. He got so frightened about his plaguy soul, that he shrinked and sheered away from whales, for fear of after-claps, in case he got stove and went to Davy Jones.” ”Peleg! Peleg!” said Bildad, lifting his eyes and hands, ”thou thyself, as I myself, hast seen many a perilous time; thou knowest, Peleg, what it is to have the fear of death; how, then, can’st thou prate in this ungodly guise. […]","https://www.gutenberg.org/files/2701/2701-h/2701-h.htm#link2HCH0018","https://www.wikidata.org/wiki/Q49148"
"18","His Mark","Japan","Mentioned locations","36","138","area","en","[…] can’st thou prate in this ungodly guise. Thou beliest thine own heart, Peleg. Tell me, when this same Pequod here had her three masts overboard in that typhoon on Japan, that same voyage when thou went mate with Captain Ahab, did’st thou not think of Death and the Judgment then?” ”Hear him, hear him now,” cried Peleg, marching across the cabin, and thrusting his hands far down into his pockets,—”hear him, all of ye. Think of that! When every moment we thought the ship would sink! Death and the Judgment then? What? With all three masts making such an everlasting thundering against the side; and every sea […]","https://www.gutenberg.org/files/2701/2701-h/2701-h.htm#link2HCH0018","https://en.wikipedia.org/wiki/Japan"
"19","The Prophet","Cape Horn","Mentioned locations","-55.98","-67.289166666667","area","en","[…] enough. But you must jump when he gives an order. Step and growl; growl and go—that’s the word with Captain Ahab. But nothing about that thing that happened to him off Cape Horn, long ago, when he lay like dead for three days and nights; nothing about that deadly skrimmage with the Spaniard afore the altar in Santa?—heard nothing about that, eh? Nothing about the silver calabash he spat into? And nothing about his losing his leg last voyage, according to the prophecy. Didn’t ye hear a word about them matters and something more, eh? No, I don’t think ye did; how could ye? Who knows it? Not all Nantucket, I guess. […]","https://www.gutenberg.org/files/2701/2701-h/2701-h.htm#link2HCH0019","https://www.wikidata.org/wiki/Q4078"
"21","Going Aboard","Pacific Ocean","Mentioned locations","0","-160","area","en","[…] looking from me to Queequeg, with the most unaccountable glances. ”Elijah,” said I, ”you will oblige my friend and me by withdrawing. We are going to the Indian and Pacific Oceans, and would prefer not to be detained.” ”Ye be, be ye? Coming back afore breakfast?” ”He’s cracked, Queequeg,” said I, ”come on.” ”Holloa!” cried stationary Elijah, hailing us when we had removed a few paces. ”Never mind him,” said I, ”Queequeg, come on.” But he stole up to us again, and suddenly clapping his hand on my shoulder, said—”Did ye see anything looking like men going towards that ship a while ago?” Struck by this plain […]","https://www.gutenberg.org/files/2701/2701-h/2701-h.htm#link2HCH0021","https://en.wikipedia.org/wiki/Pacific_Ocean"
"22","Merry Christmas","Atlantic Ocean","Mentioned locations","0","-25","area","en","[…] between.” Never did those sweet words sound more sweetly to me than then. They were full of hope and fruition. Spite of this frigid winter night in the boisterous Atlantic, spite of my wet feet and wetter jacket, there was yet, it then seemed to me, many a pleasant haven in store; and meads and glades so eternally vernal, that the grass shot up by the spring, untrodden, unwilted, remains at midsummer. At last we gained such an offing, that the two pilots were needed no longer. The stout sail-boat that had accompanied us began ranging alongside. It was curious and not unpleasing, how Peleg and Bildad were […]","https://www.gutenberg.org/files/2701/2701-h/2701-h.htm#link2HCH0022","https://en.wikipedia.org/wiki/Atlantic_Ocean"
"23","The Lee Shore","New Bedford, Massachusetts","Mentioned locations","41.636111111111","-70.934722222222","area","en","Some chapters back, one Bulkington was spoken of, a tall, newlanded mariner, encountered in New Bedford at the inn. When on that shivering winter’s night, the Pequod thrust her vindictive bows into the cold malicious waves, who should I see standing at her helm but Bulkington! I looked with sympathetic awe and fearfulness upon the man, who in mid-winter just landed from a four years’ dangerous voyage, could so unrestingly push off again for still another tempestuous term. The land seemed scorching to his feet. Wonderfullest things are ever the […]","https://www.gutenberg.org/files/2701/2701-h/2701-h.htm#link2HCH0023","https://www.wikidata.org/wiki/Q49147"
"24","The Advocate","Nantucket","Mentioned locations","41.276756","-70.090889","area","en","[…] XVI. of France, at his own personal expense, fit out whaling ships from Dunkirk, and politely invite to that town some score or two of families from our own island of Nantucket? Why did Britain between the years 1750 and 1788 pay to her whalemen in bounties upwards of £1,000,000? And lastly, how comes it that we whalemen of America now outnumber all the rest of the banded whalemen in the world; sail a navy of upwards of seven hundred vessels; manned by eighteen thousand men; yearly consuming 4,000,000 of dollars; the ships worth, at the time of sailing, $20,000,000! and every year importing into our harbors a […]","https://www.gutenberg.org/files/2701/2701-h/2701-h.htm#link2HCH0024","https://www.wikidata.org/wiki/Q49149"
"24","The Advocate","Japan","Mentioned locations","36","138","area","en","[…] that cleared the way for the missionary and the merchant, and in many cases carried the primitive missionaries to their first destinations. If that double-bolted land, Japan, is ever to become hospitable, it is the whale-ship alone to whom the credit will be due; for already she is on the threshold. But if, in the face of all this, you still declare that whaling has no æsthetically noble associations connected with it, then am I ready to shiver fifty lances with you there, and unhorse you with a split helmet every time. The whale has no famous author, and whaling no famous chronicler, you will say. The whale no […]","https://www.gutenberg.org/files/2701/2701-h/2701-h.htm#link2HCH0024","https://en.wikipedia.org/wiki/Japan"
"24","The Advocate","Pacific Ocean","Mentioned locations","0","-160","area","en","[…] battled with virgin wonders and terrors that Cook with all his marines and muskets would not willingly have dared. All that is made such a flourish of in the old South Sea Voyages, those things were but the life-time commonplaces of our heroic Nantucketers. Often, adventures which Vancouver dedicates three chapters to, these men accounted unworthy of being set down in the ship’s common log. Ah, the world! Oh, the world! Until the whale fishery rounded Cape Horn, no commerce but colonial, scarcely any intercourse but colonial, was carried on between Europe and the long line of the opulent Spanish provinces […]","https://www.gutenberg.org/files/2701/2701-h/2701-h.htm#link2HCH0024","https://en.wikipedia.org/wiki/Pacific_Ocean"
"24","The Advocate","Dunkirk","Mentioned locations","51.037777777778","2.3763888888889","area","en","[…] been. Why did the Dutch in De Witt’s time have admirals of their whaling fleets? Why did Louis XVI. of France, at his own personal expense, fit out whaling ships from Dunkirk, and politely invite to that town some score or two of families from our own island of Nantucket? Why did Britain between the years 1750 and 1788 pay to her whalemen in bounties upwards of £1,000,000? And lastly, how comes it that we whalemen of America now outnumber all the rest of the banded whalemen in the world; sail a navy of upwards of seven hundred vessels; manned by eighteen thousand men; yearly consuming 4,000,000 of dollars; the […]","https://www.gutenberg.org/files/2701/2701-h/2701-h.htm#link2HCH0024","https://www.wikidata.org/wiki/Q45797"
"24","The Advocate","Chile","Mentioned locations","-34","-71","area","en","[…] of the Spanish crown, touching those colonies; and, if space permitted, it might be distinctly shown how from those whalemen at last eventuated the liberation of Peru, Chili, and Bolivia from the yoke of Old Spain, and the establishment of the eternal democracy in those parts. That great America on the other side of the sphere, Australia, was given to the enlightened world by the whaleman. After its first blunder-born discovery by a Dutchman, all other ships long shunned those shores as pestiferously barbarous; but the whale-ship touched there. The whale-ship is the true mother of that now mighty colony. […]","https://www.gutenberg.org/files/2701/2701-h/2701-h.htm#link2HCH0024","https://en.wikipedia.org/wiki/Chile"
"24","The Advocate","Peru","Mentioned locations","-9.4","-76","area","en","[…] policy of the Spanish crown, touching those colonies; and, if space permitted, it might be distinctly shown how from those whalemen at last eventuated the liberation of Peru, Chili, and Bolivia from the yoke of Old Spain, and the establishment of the eternal democracy in those parts. That great America on the other side of the sphere, Australia, was given to the enlightened world by the whaleman. After its first blunder-born discovery by a Dutchman, all other ships long shunned those shores as pestiferously barbarous; but the whale-ship touched there. The whale-ship is the true mother of that now mighty colony. […]","https://www.gutenberg.org/files/2701/2701-h/2701-h.htm#link2HCH0024","https://www.wikidata.org/wiki/Q419"
"24","The Advocate","Bolivia","Mentioned locations","-16.712","-64.666","area","en","[…] crown, touching those colonies; and, if space permitted, it might be distinctly shown how from those whalemen at last eventuated the liberation of Peru, Chili, and Bolivia from the yoke of Old Spain, and the establishment of the eternal democracy in those parts. That great America on the other side of the sphere, Australia, was given to the enlightened world by the whaleman. After its first blunder-born discovery by a Dutchman, all other ships long shunned those shores as pestiferously barbarous; but the whale-ship touched there. The whale-ship is the true mother of that now mighty colony. Moreover, in the […]","https://www.gutenberg.org/files/2701/2701-h/2701-h.htm#link2HCH0024","https://en.wikipedia.org/wiki/Bolivia"
"24","The Advocate","Cape Horn","Mentioned locations","-55.98","-67.289166666667","area","en","[…] dedicates three chapters to, these men accounted unworthy of being set down in the ship’s common log. Ah, the world! Oh, the world! Until the whale fishery rounded Cape Horn, no commerce but colonial, scarcely any intercourse but colonial, was carried on between Europe and the long line of the opulent Spanish provinces on the Pacific coast. It was the whaleman who first broke through the jealous policy of the Spanish crown, touching those colonies; and, if space permitted, it might be distinctly shown how from those whalemen at last eventuated the liberation of Peru, Chili, and Bolivia from the yoke of Old […]","https://www.gutenberg.org/files/2701/2701-h/2701-h.htm#link2HCH0024","https://www.wikidata.org/wiki/Q4078"
"24","The Advocate","Australia","Mentioned locations","-25","133","area","en","[…] Peru, Chili, and Bolivia from the yoke of Old Spain, and the establishment of the eternal democracy in those parts. That great America on the other side of the sphere, Australia, was given to the enlightened world by the whaleman. After its first blunder-born discovery by a Dutchman, all other ships long shunned those shores as pestiferously barbarous; but the whale-ship touched there. The whale-ship is the true mother of that now mighty colony. Moreover, in the infancy of the first Australian settlement, the emigrants were several times saved from starvation by the benevolent biscuit of the whale-ship luckily […]","https://www.gutenberg.org/files/2701/2701-h/2701-h.htm#link2HCH0024","https://www.wikidata.org/wiki/Q408"
"24","The Advocate","France","Mentioned locations","47","2","area","en","[…] it in all sorts of scales; see what we whalemen are, and have been. Why did the Dutch in De Witt’s time have admirals of their whaling fleets? Why did Louis XVI. of France, at his own personal expense, fit out whaling ships from Dunkirk, and politely invite to that town some score or two of families from our own island of Nantucket? Why did Britain between the years 1750 and 1788 pay to her whalemen in bounties upwards of £1,000,000? And lastly, how comes it that we whalemen of America now outnumber all the rest of the banded whalemen in the world; sail a navy of upwards of seven hundred vessels; manned by […]","https://www.gutenberg.org/files/2701/2701-h/2701-h.htm#link2HCH0024","https://www.wikidata.org/wiki/Q142"
"24","The Advocate","Spain","Mentioned locations","40.2","-3.5","area","en","[…] and, if space permitted, it might be distinctly shown how from those whalemen at last eventuated the liberation of Peru, Chili, and Bolivia from the yoke of Old Spain, and the establishment of the eternal democracy in those parts. That great America on the other side of the sphere, Australia, was given to the enlightened world by the whaleman. After its first blunder-born discovery by a Dutchman, all other ships long shunned those shores as pestiferously barbarous; but the whale-ship touched there. The whale-ship is the true mother of that now mighty colony. Moreover, in the infancy of the first […]","https://www.gutenberg.org/files/2701/2701-h/2701-h.htm#link2HCH0024","https://www.wikidata.org/wiki/Q29"
"24","The Advocate","Europe","Mentioned locations","53.5","15.5","area","en","[…] log. Ah, the world! Oh, the world! Until the whale fishery rounded Cape Horn, no commerce but colonial, scarcely any intercourse but colonial, was carried on between Europe and the long line of the opulent Spanish provinces on the Pacific coast. It was the whaleman who first broke through the jealous policy of the Spanish crown, touching those colonies; and, if space permitted, it might be distinctly shown how from those whalemen at last eventuated the liberation of Peru, Chili, and Bolivia from the yoke of Old Spain, and the establishment of the eternal democracy in those parts. That great America on the […]","https://www.gutenberg.org/files/2701/2701-h/2701-h.htm#link2HCH0024","https://www.wikidata.org/wiki/Q46"
"24","The Advocate","Polynesia","Mentioned locations","-16.852961","148.40522","area","en","[…] emigrants were several times saved from starvation by the benevolent biscuit of the whale-ship luckily dropping an anchor in their waters. The uncounted isles of all Polynesia confess the same truth, and do commercial homage to the whale-ship, that cleared the way for the missionary and the merchant, and in many cases carried the primitive missionaries to their first destinations. If that double-bolted land, Japan, is ever to become hospitable, it is the whale-ship alone to whom the credit will be due; for already she is on the threshold. But if, in the face of all this, you still declare that whaling has no […]","https://www.gutenberg.org/files/2701/2701-h/2701-h.htm#link2HCH0024","https://www.wikidata.org/wiki/Q35942"
"24","The Advocate","Yale University","Mentioned locations","41.31638889","-72.92222222","building","en","[…] if, at my death, my executors, or more properly my creditors, find any precious MSS. in my desk, then here I prospectively ascribe all the honor and the glory to whaling; for a whale-ship was my Yale College and my Harvard.","https://www.gutenberg.org/files/2701/2701-h/2701-h.htm#link2HCH0024","https://en.wikipedia.org/wiki/Yale_University"
"24","The Advocate","Harvard University","Mentioned locations","42.37444444","-71.11694444","building","en","[…] my death, my executors, or more properly my creditors, find any precious MSS. in my desk, then here I prospectively ascribe all the honor and the glory to whaling; for a whale-ship was my Yale College and my Harvard.","https://www.gutenberg.org/files/2701/2701-h/2701-h.htm#link2HCH0024","https://en.wikipedia.org/wiki/Harvard_University"
"24","The Advocate","United States","Mentioned locations","39.828175","-98.5795","area","en","[…] of Nantucket? Why did Britain between the years 1750 and 1788 pay to her whalemen in bounties upwards of £1,000,000? And lastly, how comes it that we whalemen of America now outnumber all the rest of the banded whalemen in the world; sail a navy of upwards of seven hundred vessels; manned by eighteen thousand men; yearly consuming 4,000,000 of dollars; the ships worth, at the time of sailing, $20,000,000! and every year importing into our harbors a well reaped harvest of $7,000,000. How comes all this, if there be not something puissant in whaling? But this is not the half; look again. I freely assert, […]","https://www.gutenberg.org/files/2701/2701-h/2701-h.htm#link2HCH0024","https://www.wikidata.org/wiki/Q30"
"26","Knights and Squires","Nantucket","Mentioned locations","41.276756","-70.090889","area","en","The chief mate of the Pequod was Starbuck, a native of Nantucket, and a Quaker by descent. He was a long, earnest man, and though born on an icy coast, seemed well adapted to endure hot latitudes, his flesh being hard as twice-baked biscuit. Transported to the Indies, his live blood would not spoil like bottled ale. He must have been born in some time of general drought and famine, or upon one of those fast days for which his state is famous. Only some thirty arid summers had he seen; those summers had dried up all his physical superfluousness. But this, […]","https://www.gutenberg.org/files/2701/2701-h/2701-h.htm#link2HCH0026","https://www.wikidata.org/wiki/Q49149"
"27","Knights and Squires","Nantucket","Mentioned locations","41.276756","-70.090889","area","en","[…] the most westerly promontory of Martha’s Vineyard, where there still exists the last remnant of a village of red men, which has long supplied the neighboring island of Nantucket with many of her most daring harpooneers. In the fishery, they usually go by the generic name of Gay-Headers. Tashtego’s long, lean, sable hair, his high cheek bones, and black rounding eyes—for an Indian, Oriental in their largeness, but Antarctic in their glittering expression—all this sufficiently proclaimed him an inheritor of the unvitiated blood of those proud warrior hunters, who, in quest of the great New England moose, had […]","https://www.gutenberg.org/files/2701/2701-h/2701-h.htm#link2HCH0027","https://www.wikidata.org/wiki/Q49149"
"27","Knights and Squires","Martha's Vineyard","Mentioned locations","41.4","-70.616666666667","area","en","[…] likewise, against all mortal tribulations, Stubb’s tobacco smoke might have operated as a sort of disinfecting agent. The third mate was Flask, a native of Tisbury, in Martha’s Vineyard. A short, stout, ruddy young fellow, very pugnacious concerning whales, who somehow seemed to think that the great leviathans had personally and hereditarily affronted him; and therefore it was a sort of point of honor with him, to destroy them whenever encountered. So utterly lost was he to all sense of reverence for the many marvels of their majestic bulk and mystic ways; and so dead to anything like an apprehension of any […]","https://www.gutenberg.org/files/2701/2701-h/2701-h.htm#link2HCH0027","https://www.wikidata.org/wiki/Q49148"
"27","Knights and Squires","Aquinnah, Massachusetts","Mentioned locations","41.334444444444","-70.795833333333","area","en","[…] First of all was Queequeg, whom Starbuck, the chief mate, had selected for his squire. But Queequeg is already known. Next was Tashtego, an unmixed Indian from Gay Head, the most westerly promontory of Martha’s Vineyard, where there still exists the last remnant of a village of red men, which has long supplied the neighboring island of Nantucket with many of her most daring harpooneers. In the fishery, they usually go by the generic name of Gay-Headers. Tashtego’s long, lean, sable hair, his high cheek bones, and black rounding eyes—for an Indian, Oriental in their largeness, but Antarctic in their […]","https://www.gutenberg.org/files/2701/2701-h/2701-h.htm#link2HCH0027","https://www.wikidata.org/wiki/Q2418318"
"27","Knights and Squires","Tisbury, Massachusetts","Mentioned locations","41.456111111111","-70.611111111111","area","en","[…] mouths; so, likewise, against all mortal tribulations, Stubb’s tobacco smoke might have operated as a sort of disinfecting agent. The third mate was Flask, a native of Tisbury, in Martha’s Vineyard. A short, stout, ruddy young fellow, very pugnacious concerning whales, who somehow seemed to think that the great leviathans had personally and hereditarily affronted him; and therefore it was a sort of point of honor with him, to destroy them whenever encountered. So utterly lost was he to all sense of reverence for the many marvels of their majestic bulk and mystic ways; and so dead to anything like an […]","https://www.gutenberg.org/files/2701/2701-h/2701-h.htm#link2HCH0027","https://www.wikidata.org/wiki/Q2302275"
"27","Knights and Squires","Cape Cod","Mentioned locations","41.70011111111111","-70.03279444444445","area","en","Stubb was the second mate. He was a native of Cape Cod; and hence, according to local usage, was called a Cape-Cod-man. A happy-go-lucky; neither craven nor valiant; taking perils as they came with an indifferent air; and while engaged in the most imminent crisis of the chase, toiling away, calm and collected as a journeyman joiner engaged for the year. Good-humored, easy, and careless, he presided over his whale-boat as if the most deadly encounter were but a dinner, and his crew all invited guests. He was as particular about the comfortable arrangement […]","https://www.gutenberg.org/files/2701/2701-h/2701-h.htm#link2HCH0027","https://www.wikidata.org/wiki/Q49152"
"27","Knights and Squires","Azores","Mentioned locations","38.66","-28.07","area","en","[…] the native American liberally provides the brains, the rest of the world as generously supplying the muscles. No small number of these whaling seamen belong to the Azores, where the outward bound Nantucket whalers frequently touch to augment their crews from the hardy peasants of those rocky shores. In like manner, the Greenland whalers sailing out of Hull or London, put in at the Shetland Islands, to receive the full complement of their crew. Upon the passage homewards, they drop them there again. How it is, there is no telling, but Islanders seem to make the best whalemen. They were nearly all Islanders in […]","https://www.gutenberg.org/files/2701/2701-h/2701-h.htm#link2HCH0027","https://en.wikipedia.org/wiki/Azores"
"27","Knights and Squires","Shetland","Mentioned locations","60.35666666666667","-1.2605555555555554","area","en","[…] touch to augment their crews from the hardy peasants of those rocky shores. In like manner, the Greenland whalers sailing out of Hull or London, put in at the Shetland Islands, to receive the full complement of their crew. Upon the passage homewards, they drop them there again. How it is, there is no telling, but Islanders seem to make the best whalemen. They were nearly all Islanders in the Pequod, Isolatoes too, I call such, not acknowledging the common continent of men, but each Isolato living on a separate continent of his own. Yet now, federated along one keel, what a set these Isolatoes were! An […]","https://www.gutenberg.org/files/2701/2701-h/2701-h.htm#link2HCH0027","https://www.wikidata.org/wiki/Q47134"
"27","Knights and Squires","Alabama","Mentioned locations","33","-87","area","en","[…] in the Pequod to lay the world’s grievances before that bar from which not very many of them ever come back. Black Little Pip—he never did—oh, no! he went before. Poor Alabama boy! On the grim Pequod’s forecastle, ye shall ere long see him, beating his tambourine; prelusive of the eternal time, when sent for, to the great quarter-deck on high, he was bid strike in with angels, and beat his tambourine in glory; called a coward here, hailed a hero there!","https://www.gutenberg.org/files/2701/2701-h/2701-h.htm#link2HCH0027","https://en.wikipedia.org/wiki/Alabama"
"27","Knights and Squires","London","Mentioned locations","51.50722222","-0.1275","area","en","[…] Nantucket whalers frequently touch to augment their crews from the hardy peasants of those rocky shores. In like manner, the Greenland whalers sailing out of Hull or London, put in at the Shetland Islands, to receive the full complement of their crew. Upon the passage homewards, they drop them there again. How it is, there is no telling, but Islanders seem to make the best whalemen. They were nearly all Islanders in the Pequod, Isolatoes too, I call such, not acknowledging the common continent of men, but each Isolato living on a separate continent of his own. Yet now, federated along one keel, what a set […]","https://www.gutenberg.org/files/2701/2701-h/2701-h.htm#link2HCH0027","https://en.wikipedia.org/wiki/London"
"27","Knights and Squires","Cape Horn","Mentioned locations","-55.98","-67.289166666667","area","en","[…] ignorant, unconscious fearlessness of his made him a little waggish in the matter of whales; he followed these fish for the fun of it; and a three years’ voyage round Cape Horn was only a jolly joke that lasted that length of time. As a carpenter’s nails are divided into wrought nails and cut nails; so mankind may be similarly divided. Little Flask was one of the wrought ones; made to clinch tight and last long. They called him King-Post on board of the Pequod; because, in form, he could be well likened to the short, square timber known by that name in Arctic whalers; and which by the means of many radiating […]","https://www.gutenberg.org/files/2701/2701-h/2701-h.htm#link2HCH0027","https://www.wikidata.org/wiki/Q4078"
"27","Knights and Squires","Africa","Mentioned locations","0","15","area","en","[…] to them. In his youth Daggoo had voluntarily shipped on board of a whaler, lying in a lonely bay on his native coast. And never having been anywhere in the world but in Africa, Nantucket, and the pagan harbors most frequented by whalemen; and having now led for many years the bold life of the fishery in the ships of owners uncommonly heedful of what manner of men they shipped; Daggoo retained all his barbaric virtues, and erect as a giraffe, moved about the decks in all the pomp of six feet five in his socks. There was a corporeal humility in looking up at him; and a white man standing before him seemed a white […]","https://www.gutenberg.org/files/2701/2701-h/2701-h.htm#link2HCH0027","https://www.wikidata.org/wiki/Q15"
"27","Knights and Squires","New England","Mentioned locations","44","-71","area","en","[…] in their glittering expression—all this sufficiently proclaimed him an inheritor of the unvitiated blood of those proud warrior hunters, who, in quest of the great New England moose, had scoured, bow in hand, the aboriginal forests of the main. But no longer snuffing in the trail of the wild beasts of the woodland, Tashtego now hunted in the wake of the great whales of the sea; the unerring harpoon of the son fitly replacing the infallible arrow of the sires. To look at the tawny brawn of his lithe snaky limbs, you would almost have credited the superstitions of some of the earlier Puritans, and […]","https://www.gutenberg.org/files/2701/2701-h/2701-h.htm#link2HCH0027","https://en.wikipedia.org/wiki/New_England"
"27","Knights and Squires","Kingston upon Hull","Mentioned locations","53.74444444","-0.3325","area","en","[…] bound Nantucket whalers frequently touch to augment their crews from the hardy peasants of those rocky shores. In like manner, the Greenland whalers sailing out of Hull or London, put in at the Shetland Islands, to receive the full complement of their crew. Upon the passage homewards, they drop them there again. How it is, there is no telling, but Islanders seem to make the best whalemen. They were nearly all Islanders in the Pequod, Isolatoes too, I call such, not acknowledging the common continent of men, but each Isolato living on a separate continent of his own. Yet now, federated along one keel, what a […]","https://www.gutenberg.org/files/2701/2701-h/2701-h.htm#link2HCH0027","https://en.wikipedia.org/wiki/Kingston_upon_Hull"
"28","Ahab","Nantucket","Mentioned locations","41.276756","-70.090889","area","en","For several days after leaving Nantucket, nothing above hatches was seen of Captain Ahab. The mates regularly relieved each other at the watches, and for aught that could be seen to the contrary, they seemed to be the only commanders of the ship; only they sometimes issued from the cabin with orders so sudden and peremptory, that after all it was plain they but commanded vicariously. Yes, their supreme lord and dictator was there, though hitherto unseen by any eyes not permitted to penetrate into the now sacred retreat of the cabin. Every time I ascended […]","https://www.gutenberg.org/files/2701/2701-h/2701-h.htm#link2HCH0028","https://www.wikidata.org/wiki/Q49149"
"28","Ahab","Japan","Mentioned locations","36","138","area","en","[…] he partly stood. It had previously come to me that this ivory leg had at sea been fashioned from the polished bone of the sperm whale’s jaw. ”Aye, he was dismasted off Japan,” said the old Gay-Head Indian once; ”but like his dismasted craft, he shipped another mast without coming home for it. He has a quiver of ’em.” I was struck with the singular posture he maintained. Upon each side of the Pequod’s quarter deck, and pretty close to the mizzen shrouds, there was an auger hole, bored about half an inch or so, into the plank. His bone leg steadied in that hole; one arm elevated, and holding by a shroud; Captain […]","https://www.gutenberg.org/files/2701/2701-h/2701-h.htm#link2HCH0028","https://en.wikipedia.org/wiki/Japan"
"29","Enter Ahab; to Him, Stubb","Quito","Mentioned locations","-0.22","-78.5125","area","en","Some days elapsed, and ice and icebergs all astern, the Pequod now went rolling through the bright Quito spring, which, at sea, almost perpetually reigns on the threshold of the eternal August of the Tropic. The warmly cool, clear, ringing, perfumed, overflowing, redundant days, were as crystal goblets of Persian sherbet, heaped up—flaked up, with rose-water snow. The starred and stately nights seemed haughty dames in jewelled velvets, nursing at home in lonely pride, the memory of their absent conquering Earls, the golden helmeted suns! For sleeping […]","https://www.gutenberg.org/files/2701/2701-h/2701-h.htm#link2HCH0029","https://www.wikidata.org/wiki/Q2900"
"31","Queen Mab","England","Mentioned locations","53.13","-1.38","area","en","[…] leg he kicked with, was it? No, you were kicked by a great man, and with a beautiful ivory leg, Stubb. It’s an honor; I consider it an honor. Listen, wise Stubb. In old England the greatest lords think it great glory to be slapped by a queen, and made garter-knights of; but, be your boast, Stubb, that ye were kicked by old Ahab, and made a wise man of. Remember what I say; be kicked by him; account his kicks honors; and on no account kick back; for you can’t help yourself, wise Stubb. Don’t you see that pyramid?’ With that, he all of a sudden seemed somehow, in some queer fashion, to swim off into the air. I […]","https://www.gutenberg.org/files/2701/2701-h/2701-h.htm#link2HCH0031","https://en.wikipedia.org/wiki/England"
"32","Cetology","Nantucket","Mentioned locations","41.276756","-70.090889","area","en","[…] ears, penem intrantem feminam mammis lactantem,” and finally, ”ex lege naturæ jure meritoque.” I submitted all this to my friends Simeon Macey and Charley Coffin, of Nantucket, both messmates of mine in a certain voyage, and they united in the opinion that the reasons set forth were altogether insufficient. Charley profanely hinted they were humbug. Be it known that, waiving all argument, I take the good old fashioned ground that the whale is a fish, and call upon holy Jonah to back me. This fundamental thing settled, the next point is, in what internal respect does the whale differ from other fish. Above, […]","https://www.gutenberg.org/files/2701/2701-h/2701-h.htm#link2HCH0032","https://www.wikidata.org/wiki/Q49149"
"32","Cetology","Atlantic Ocean","Mentioned locations","0","-25","area","en","[…] of Fin-Back, Tall-Spout, and Long-John, has been seen almost in every sea and is commonly the whale whose distant jet is so often descried by passengers crossing the Atlantic, in the New York packet-tracks. In the length he attains, and in his baleen, the Fin-back resembles the right whale, but is of a less portly girth, and a lighter colour, approaching to olive. His great lips present a cable-like aspect, formed by the intertwisting, slanting folds of large wrinkles. His grand distinguishing feature, the fin, from which he derives his name, is often a conspicuous object. This fin is some three or four feet […]","https://www.gutenberg.org/files/2701/2701-h/2701-h.htm#link2HCH0032","https://en.wikipedia.org/wiki/Atlantic_Ocean"
"32","Cetology","Pacific Ocean","Mentioned locations","0","-160","area","en","[…] see the great Sperm whale himself in miniature. BOOK III. ( Duodecimo ), CHAPTER II. ( Algerine Porpoise ).—A pirate. Very savage. He is only found, I think, in the Pacific. He is somewhat larger than the Huzza Porpoise, but much of the same general make. Provoke him, and he will buckle to a shark. I have lowered for him many times, but never yet saw him captured. BOOK III. ( Duodecimo ), CHAPTER III. ( Mealy-mouthed Porpoise ).—The largest kind of Porpoise; and only found in the Pacific, so far as it is known. The only English name, by which he has hitherto been designated, is that of the […]","https://www.gutenberg.org/files/2701/2701-h/2701-h.htm#link2HCH0032","https://en.wikipedia.org/wiki/Pacific_Ocean"
"32","Cetology","Fiji","Mentioned locations","-18","179","area","en","[…] at all to the professed naturalist. From what I have seen of him at a distance, I should say that he was about the bigness of a grampus. He is very savage—a sort of Feegee fish. He sometimes takes the great Folio whales by the lip, and hangs there like a leech, till the mighty brute is worried to death. The Killer is never hunted. I never heard what sort of oil he has. Exception might be taken to the name bestowed upon this whale, on the ground of its indistinctness. For we are all killers, on land and on sea; Bonapartes and Sharks included. BOOK II. ( Octavo ), CHAPTER V. ( Thrasher ).—This gentleman is […]","https://www.gutenberg.org/files/2701/2701-h/2701-h.htm#link2HCH0032","https://en.wikipedia.org/wiki/Fiji"
"32","Cetology","New York City","Mentioned locations","40.71277777777778","-74.00611111111111","area","en","[…] and Long-John, has been seen almost in every sea and is commonly the whale whose distant jet is so often descried by passengers crossing the Atlantic, in the New York packet-tracks. In the length he attains, and in his baleen, the Fin-back resembles the right whale, but is of a less portly girth, and a lighter colour, approaching to olive. His great lips present a cable-like aspect, formed by the intertwisting, slanting folds of large wrinkles. His grand distinguishing feature, the fin, from which he derives his name, is often a conspicuous object. This fin is some three or four feet long, growing […]","https://www.gutenberg.org/files/2701/2701-h/2701-h.htm#link2HCH0032","https://www.wikidata.org/wiki/Q60"
"32","Cetology","Charing Cross","Mentioned locations","51.5073","-0.12755","area","en","[…] days, will satisfy you that the Greenland whale, without one rival, was to them the monarch of the seas. But the time has at last come for a new proclamation. This is Charing Cross; hear ye! good people all,—the Greenland whale is deposed,—the great sperm whale now reigneth! There are only two books in being which at all pretend to put the living sperm whale before you, and at the same time, in the remotest degree succeed in the attempt. Those books are Beale’s and Bennett’s; both in their time surgeons to English South-Sea whale-ships, and both exact and reliable men. The original matter touching the sperm […]","https://www.gutenberg.org/files/2701/2701-h/2701-h.htm#link2HCH0032","https://www.wikidata.org/wiki/Q216185"
"32","Cetology","Palace of Placentia","Mentioned locations","51.482222222222","-0.0066666666666667","building","en","[…] curiosity. Black Letter tells me that Sir Martin Frobisher on his return from that voyage, when Queen Bess did gallantly wave her jewelled hand to him from a window of Greenwich Palace, as his bold ship sailed down the Thames; ”when Sir Martin returned from that voyage,” saith Black Letter, ”on bended knees he presented to her highness a prodigious long horn of the Narwhale, which for a long period after hung in the castle at Windsor.” An Irish author avers that the Earl of Leicester, on bended knees, did likewise present to her highness another horn, pertaining to a land beast of the unicorn nature. The […]","https://www.gutenberg.org/files/2701/2701-h/2701-h.htm#link2HCH0032","https://www.wikidata.org/wiki/Q1424839"
"32","Cetology","Windsor Castle","Mentioned locations","51.48388888888889","-0.6044444444444445","building","en","[…] voyage,” saith Black Letter, ”on bended knees he presented to her highness a prodigious long horn of the Narwhale, which for a long period after hung in the castle at Windsor.” An Irish author avers that the Earl of Leicester, on bended knees, did likewise present to her highness another horn, pertaining to a land beast of the unicorn nature. The Narwhale has a very picturesque, leopard-like look, being of a milk-white ground colour, dotted with round and oblong spots of black. His oil is very superior, clear and fine; but there is little of it, and he is seldom hunted. He is mostly found in the circumpolar […]","https://www.gutenberg.org/files/2701/2701-h/2701-h.htm#link2HCH0032","https://www.wikidata.org/wiki/Q42646"
"32","Cetology","River Thames","Mentioned locations","51.5","0.61","area","en","[…] on his return from that voyage, when Queen Bess did gallantly wave her jewelled hand to him from a window of Greenwich Palace, as his bold ship sailed down the Thames; ”when Sir Martin returned from that voyage,” saith Black Letter, ”on bended knees he presented to her highness a prodigious long horn of the Narwhale, which for a long period after hung in the castle at Windsor.” An Irish author avers that the Earl of Leicester, on bended knees, did likewise present to her highness another horn, pertaining to a land beast of the unicorn nature. The Narwhale has a very picturesque, leopard-like look, being […]","https://www.gutenberg.org/files/2701/2701-h/2701-h.htm#link2HCH0032","https://www.wikidata.org/wiki/Q19686"
"32","Cetology","Cologne Cathedral","Mentioned locations","50.94138888888889","6.958333333333333","building","en","[…] be here, and at once, perfected. You cannot but plainly see that I have kept my word. But I now leave my cetological System standing thus unfinished, even as the great Cathedral of Cologne was left, with the crane still standing upon the top of the uncompleted tower. For small erections may be finished by their first architects; grand ones, true ones, ever leave the copestone to posterity. God keep me from ever completing anything. This whole book is but a draught—nay, but the draught of a draught. Oh, Time, Strength, Cash, and Patience!","https://www.gutenberg.org/files/2701/2701-h/2701-h.htm#link2HCH0032","https://www.wikidata.org/wiki/Q4176"
"32","Cetology","Cologne","Mentioned locations","50.93638889","6.95277778","area","en","[…] at once, perfected. You cannot but plainly see that I have kept my word. But I now leave my cetological System standing thus unfinished, even as the great Cathedral of Cologne was left, with the crane still standing upon the top of the uncompleted tower. For small erections may be finished by their first architects; grand ones, true ones, ever leave the copestone to posterity. God keep me from ever completing anything. This whole book is but a draught—nay, but the draught of a draught. Oh, Time, Strength, Cash, and Patience!","https://www.gutenberg.org/files/2701/2701-h/2701-h.htm#link2HCH0032","https://en.wikipedia.org/wiki/Cologne"
"32","Cetology","Cape Horn","Mentioned locations","-55.98","-67.289166666667","area","en","[…] water generally than any other of them. BOOK I. ( Folio ), CHAPTER V. ( Razor Back ).—Of this whale little is known but his name. I have seen him at a distance off Cape Horn. Of a retiring nature, he eludes both hunters and philosophers. Though no coward, he has never yet shown any part of him but his back, which rises in a long sharp ridge. Let him go. I know little more of him, nor does anybody else. BOOK I. ( Folio ), CHAPTER VI. ( Sulphur Bottom ).—Another retiring gentleman, with a brimstone belly, doubtless got by scraping along the Tartarian tiles in some of his profounder divings. He is seldom seen; […]","https://www.gutenberg.org/files/2701/2701-h/2701-h.htm#link2HCH0032","https://www.wikidata.org/wiki/Q4078"
"32","Cetology","England","Mentioned locations","53.13","-1.38","area","en","[…] obtained from the stranded fish; in those days spermaceti, it would seem, was popularly supposed to be derived from a creature identical with the one then known in England as the Greenland or Right Whale. It was the idea also, that this same spermaceti was that quickening humor of the Greenland Whale which the first syllable of the word literally expresses. In those times, also, spermaceti was exceedingly scarce, not being used for light, but only as an ointment and medicament. It was only to be had from the druggists as you nowadays buy an ounce of rhubarb. When, as I opine, in the course of time, the true […]","https://www.gutenberg.org/files/2701/2701-h/2701-h.htm#link2HCH0032","https://en.wikipedia.org/wiki/England"
"33","The Specksnyder","Nantucket","Mentioned locations","41.276756","-70.090889","area","en","[…] live together; for all that, the punctilious externals, at least, of the quarter-deck are seldom materially relaxed, and in no instance done away. Indeed, many are the Nantucket ships in which you will see the skipper parading his quarter-deck with an elated grandeur not surpassed in any military navy; nay, extorting almost as much outward homage as if he wore the imperial purple, and not the shabbiest of pilot-cloth. And though of all men the moody captain of the Pequod was the least given to that sort of shallowest assumption; and though the only homage he ever exacted, was implicit, instantaneous obedience; […]","https://www.gutenberg.org/files/2701/2701-h/2701-h.htm#link2HCH0033","https://www.wikidata.org/wiki/Q49149"
"33","The Specksnyder","Greenland","Mentioned locations","72","-40","area","en","[…] and general management of the vessel; while over the whale-hunting department and all its concerns, the Specksnyder or Chief Harpooneer reigned supreme. In the British Greenland Fishery, under the corrupted title of Specksioneer, this old Dutch official is still retained, but his former dignity is sadly abridged. At present he ranks simply as senior Harpooneer; and as such, is but one of the captain’s more inferior subalterns. Nevertheless, as upon the good conduct of the harpooneers the success of a whaling voyage largely depends, and since in the American Fishery he is not only an important officer in the […]","https://www.gutenberg.org/files/2701/2701-h/2701-h.htm#link2HCH0033","https://en.wikipedia.org/wiki/Greenland"
"34","The Cabin-Table","Frankfurt","Mentioned locations","50.11055556","8.68222222","area","en","[…] started if, perchance, the knife grazed against the plate; and chewed it noiselessly; and swallowed it, not without circumspection. For, like the Coronation banquet at Frankfort, where the German Emperor profoundly dines with the seven Imperial Electors, so these cabin meals were somehow solemn meals, eaten in awful silence; and yet at table old Ahab forbade not conversation; only he himself was dumb. What a relief it was to choking Stubb, when a rat made a sudden racket in the hold below. And poor little Flask, he was the youngest son, and little boy of this weary family party. His were the shinbones of the […]","https://www.gutenberg.org/files/2701/2701-h/2701-h.htm#link2HCH0034","https://en.wikipedia.org/wiki/Frankfurt"
"34","The Cabin-Table","Babylon","Mentioned locations","32.5425","44.42111111111111","area","en","[…] as he sits at the head of the table; this is marvellous, sometimes most comical. Wherefore this difference? A problem? Perhaps not. To have been Belshazzar, King of Babylon; and to have been Belshazzar, not haughtily but courteously, therein certainly must have been some touch of mundane grandeur. But he who in the rightly regal and intelligent spirit presides over his own private dinner-table of invited guests, that man’s unchallenged power and dominion of individual influence for the time; that man’s royalty of state transcends Belshazzar’s, for Belshazzar was not the greatest. Who has but once dined his […]","https://www.gutenberg.org/files/2701/2701-h/2701-h.htm#link2HCH0034","https://www.wikidata.org/wiki/Q5684"
"34","The Cabin-Table","Missouri","Mentioned locations","38","-92","area","en","[…] Though nominally included in the census of Christendom, he was still an alien to it. He lived in the world, as the last of the Grisly Bears lived in settled Missouri. And as when Spring and Summer had departed, that wild Logan of the woods, burying himself in the hollow of a tree, lived out the winter there, sucking his own paws; so, in his inclement, howling old age, Ahab’s soul, shut up in the caved trunk of his body, there fed upon the sullen paws of its gloom!","https://www.gutenberg.org/files/2701/2701-h/2701-h.htm#link2HCH0034","https://en.wikipedia.org/wiki/Missouri"
"35","The Mast-Head","Nantucket","Mentioned locations","41.276756","-70.090889","area","en","[…] the mast-head standers of the land with those of the sea; but that in truth it is not so, is plainly evinced by an item for which Obed Macy, the sole historian of Nantucket, stands accountable. The worthy Obed tells us, that in the early times of the whale fishery, ere ships were regularly launched in pursuit of the game, the people of that island erected lofty spars along the sea-coast, to which the look-outs ascended by means of nailed cleats, something as fowls go upstairs in a hen-house. A few years ago this same plan was adopted by the Bay whalemen of New Zealand, who, upon descrying the game, gave […]","https://www.gutenberg.org/files/2701/2701-h/2701-h.htm#link2HCH0035","https://www.wikidata.org/wiki/Q49149"
"35","The Mast-Head","Greenland","Mentioned locations","72","-40","area","en","[…] of Captain Sleet, entitled ”A Voyage among the Icebergs, in quest of the Greenland Whale, and incidentally for the re-discovery of the Lost Icelandic Colonies of Old Greenland;” in this admirable volume, all standers of mast-heads are furnished with a charmingly circumstantial account of the then recently invented crow’s-nest of the Glacier, which was the name of Captain Sleet’s good craft. He called it the Sleet’s crow’s-nest , in honor of himself; he being the original inventor and patentee, and free from all ridiculous false delicacy, and holding that if we call our own children after our own names (we […]","https://www.gutenberg.org/files/2701/2701-h/2701-h.htm#link2HCH0035","https://en.wikipedia.org/wiki/Greenland"
"35","The Mast-Head","New Zealand","Mentioned locations","-41.2","174","area","en","[…] which the look-outs ascended by means of nailed cleats, something as fowls go upstairs in a hen-house. A few years ago this same plan was adopted by the Bay whalemen of New Zealand, who, upon descrying the game, gave notice to the ready-manned boats nigh the beach. But this custom has now become obsolete; turn we then to the one proper mast-head, that of a whale-ship at sea. The three mast-heads are kept manned from sun-rise to sun-set; the seamen taking their regular turns (as at the helm), and relieving each other every two hours. In the serene weather of the tropics it is exceedingly pleasant the mast-head; […]","https://www.gutenberg.org/files/2701/2701-h/2701-h.htm#link2HCH0035","https://www.wikidata.org/wiki/Q664"
"35","The Mast-Head","Baltimore","Mentioned locations","39.286388888889","-76.615","area","en","[…] careless, now, who rules the decks below; whether Louis Philippe, Louis Blanc, or Louis the Devil. Great Washington, too, stands high aloft on his towering main-mast in Baltimore, and like one of Hercules’ pillars, his column marks that point of human grandeur beyond which few mortals will go. Admiral Nelson, also, on a capstan of gun-metal, stands his mast-head in Trafalgar Square; and ever when most obscured by that London smoke, token is yet given that a hidden hero is there; for where there is smoke, must be fire. But neither great Washington, nor Napoleon, nor Nelson, will answer a single hail from below, […]","https://www.gutenberg.org/files/2701/2701-h/2701-h.htm#link2HCH0035","https://www.wikidata.org/wiki/Q5092"
"35","The Mast-Head","London","Mentioned locations","51.50722222","-0.1275","area","en","[…] beyond which few mortals will go. Admiral Nelson, also, on a capstan of gun-metal, stands his mast-head in Trafalgar Square; and ever when most obscured by that London smoke, token is yet given that a hidden hero is there; for where there is smoke, must be fire. But neither great Washington, nor Napoleon, nor Nelson, will answer a single hail from below, however madly invoked to befriend by their counsels the distracted decks upon which they gaze; however it may be surmised, that their spirits penetrate through the thick haze of the future, and descry what shoals and what rocks must be shunned. It may […]","https://www.gutenberg.org/files/2701/2701-h/2701-h.htm#link2HCH0035","https://en.wikipedia.org/wiki/London"
"35","The Mast-Head","Place Vendôme","Mentioned locations","48.8675","2.3294444444444","building","en","[…] a stiff gale, are still entirely incompetent to the business of singing out upon discovering any strange sight. There is Napoleon; who, upon the top of the column of Vendome, stands with arms folded, some one hundred and fifty feet in the air; careless, now, who rules the decks below; whether Louis Philippe, Louis Blanc, or Louis the Devil. Great Washington, too, stands high aloft on his towering main-mast in Baltimore, and like one of Hercules’ pillars, his column marks that point of human grandeur beyond which few mortals will go. Admiral Nelson, also, on a capstan of gun-metal, stands his mast-head in […]","https://www.gutenberg.org/files/2701/2701-h/2701-h.htm#link2HCH0035","https://www.wikidata.org/wiki/Q643520"
"35","The Mast-Head","Alps","Mentioned locations","46.58","8.62","area","en","[…] its fleshy tabernacle, and cannot freely move about in it, nor even move out of it, without running great risk of perishing (like an ignorant pilgrim crossing the snowy Alps in winter); so a watch-coat is not so much of a house as it is a mere envelope, or additional skin encasing you. You cannot put a shelf or chest of drawers in your body, and no more can you make a convenient closet of your watch-coat. Concerning all this, it is much to be deplored that the mast-heads of a southern whale ship are unprovided with those enviable little tents or pulpits, called crow’s-nests , in which the look-outs of a […]","https://www.gutenberg.org/files/2701/2701-h/2701-h.htm#link2HCH0035","https://en.wikipedia.org/wiki/Alps"
"35","The Mast-Head","Africa","Mentioned locations","0","15","area","en","[…] none prior to them. For though their progenitors, the builders of Babel, must doubtless, by their tower, have intended to rear the loftiest mast-head in all Asia, or Africa either; yet (ere the final truck was put to it) as that great stone mast of theirs may be said to have gone by the board, in the dread gale of God’s wrath; therefore, we cannot give these Babel builders priority over the Egyptians. And that the Egyptians were a nation of mast-head standers, is an assertion based upon the general belief among archæologists, that the first pyramids were founded for astronomical purposes: a theory singularly […]","https://www.gutenberg.org/files/2701/2701-h/2701-h.htm#link2HCH0035","https://www.wikidata.org/wiki/Q15"
"35","The Mast-Head","Asia","Mentioned locations","35","108","area","en","[…] I find none prior to them. For though their progenitors, the builders of Babel, must doubtless, by their tower, have intended to rear the loftiest mast-head in all Asia, or Africa either; yet (ere the final truck was put to it) as that great stone mast of theirs may be said to have gone by the board, in the dread gale of God’s wrath; therefore, we cannot give these Babel builders priority over the Egyptians. And that the Egyptians were a nation of mast-head standers, is an assertion based upon the general belief among archæologists, that the first pyramids were founded for astronomical purposes: a theory […]","https://www.gutenberg.org/files/2701/2701-h/2701-h.htm#link2HCH0035","https://www.wikidata.org/wiki/Q48"
"35","The Mast-Head","Trafalgar Square","Mentioned locations","51.50805556","-0.12805556","area","en","[…] pillars, his column marks that point of human grandeur beyond which few mortals will go. Admiral Nelson, also, on a capstan of gun-metal, stands his mast-head in Trafalgar Square; and ever when most obscured by that London smoke, token is yet given that a hidden hero is there; for where there is smoke, must be fire. But neither great Washington, nor Napoleon, nor Nelson, will answer a single hail from below, however madly invoked to befriend by their counsels the distracted decks upon which they gaze; however it may be surmised, that their spirits penetrate through the thick haze of the future, and descry […]","https://www.gutenberg.org/files/2701/2701-h/2701-h.htm#link2HCH0035","https://en.wikipedia.org/wiki/Trafalgar_Square"
"35","The Mast-Head","Rhodes","Mentioned locations","36.17","27.92","area","en","[…] while beneath you and between your legs, as it were, swim the hugest monsters of the sea, even as ships once sailed between the boots of the famous Colossus at old Rhodes. There you stand, lost in the infinite series of the sea, with nothing ruffled but the waves. The tranced ship indolently rolls; the drowsy trade winds blow; everything resolves you into languor. For the most part, in this tropic whaling life, a sublime uneventfulness invests you; you hear no news; read no gazettes; extras with startling accounts of commonplaces never delude you into unnecessary excitements; you hear of no domestic […]","https://www.gutenberg.org/files/2701/2701-h/2701-h.htm#link2HCH0035","https://en.wikipedia.org/wiki/Rhodes"
"36","The Quarter-Deck","Nantucket","Mentioned locations","41.276756","-70.090889","area","en","[…] Ahab, ”aye, Queequeg, the harpoons lie all twisted and wrenched in him; aye, Daggoo, his spout is a big one, like a whole shock of wheat, and white as a pile of our Nantucket wool after the great annual sheep-shearing; aye, Tashtego, and he fan-tails like a split jib in a squall. Death and devils! men, it is Moby Dick ye have seen—Moby Dick—Moby Dick!” ”Captain Ahab,” said Starbuck, who, with Stubb and Flask, had thus far been eyeing his superior with increasing surprise, but at last seemed struck with a thought which somewhat explained all the wonder. ”Captain Ahab, I have heard of Moby Dick—but it was not […]","https://www.gutenberg.org/files/2701/2701-h/2701-h.htm#link2HCH0036","https://www.wikidata.org/wiki/Q49149"
"36","The Quarter-Deck","Moskstraumen","Mentioned locations","67.8","12.83333333","area","en","[…] ever and a day!” Then tossing both arms, with measureless imprecations he shouted out: ”Aye, aye! and I’ll chase him round Good Hope, and round the Horn, and round the Norway Maelstrom, and round perdition’s flames before I give him up. And this is what ye have shipped for, men! to chase that white whale on both sides of land, and over all sides of earth, till he spouts black blood and rolls fin out. What say ye, men, will ye splice hands on it, now? I think ye do look brave.” ”Aye, aye!” shouted the harpooneers and seamen, running closer to the excited old man: ”A sharp eye for the white whale; a sharp lance […]","https://www.gutenberg.org/files/2701/2701-h/2701-h.htm#link2HCH0036","https://en.wikipedia.org/wiki/Moskstraumen"
"37","Sunset","Lombardy","Mentioned locations","45.58333333","9.91666667","area","en","[…] blue. The diver sun—slow dived from noon—goes down; my soul mounts up! she wearies with her endless hill. Is, then, the crown too heavy that I wear? this Iron Crown of Lombardy. Yet is it bright with many a gem; I the wearer, see not its far flashings; but darkly feel that I wear that, that dazzlingly confounds. ’Tis iron—that I know—not gold. ’Tis split, too—that I feel; the jagged edge galls me so, my brain seems to beat against the solid metal; aye, steel skull, mine; the sort that needs no helmet in the most brain-battering fight! Dry heat upon my brow? Oh! time was, when as the sunrise nobly spurred me, so […]","https://www.gutenberg.org/files/2701/2701-h/2701-h.htm#link2HCH0037","https://en.wikipedia.org/wiki/Lombardy"
"40","Midnight, Forecastle","Tahiti","Mentioned locations","-17.666666666667","-149.46666666667","area","en","[…] come satiety. Eh, Pagan? ( Nudging .) TAHITAN SAILOR. ( Reclining on a mat .) Hail, holy nakedness of our dancing girls!—the Heeva-Heeva! Ah! low veiled, high palmed Tahiti! I still rest me on thy mat, but the soft soil has slid! I saw thee woven in the wood, my mat! green the first day I brought ye thence; now worn and wilted quite. Ah me!—not thou nor I can bear the change! How then, if so be transplanted to yon sky? Hear I the roaring streams from Pirohitee’s peak of spears, when they leap down the crags and drown the villages?—The blast! the blast! Up, spine, and meet it! ( Leaps to his feet .) PORTUGUESE […]","https://www.gutenberg.org/files/2701/2701-h/2701-h.htm#link2HCH0040","https://www.wikidata.org/wiki/Q42000"
"40","Midnight, Forecastle","Baltic Sea","Mentioned locations","58","20","area","en","[…] so long as thou crackest, thou holdest! Well done! The mate there holds ye to it stiffly. He’s no more afraid than the isle fort at Cattegat, put there to fight the Baltic with storm-lashed guns, on which the sea-salt cakes! 4TH NANTUCKET SAILOR. He has his orders, mind ye that. I heard old Ahab tell him he must always kill a squall, something as they burst a waterspout with a pistol—fire your ship right into it! ENGLISH SAILOR. Blood! but that old man’s a grand old cove! We are the lads to hunt him up his whale! ALL. Aye! aye! OLD MANX SAILOR. How the three pines shake! Pines are the hardest sort of tree to […]","https://www.gutenberg.org/files/2701/2701-h/2701-h.htm#link2HCH0040","https://en.wikipedia.org/wiki/Baltic_Sea"
"40","Midnight, Forecastle","Spain","Mentioned locations","40.2","-3.5","area","en","[…] standing, lounging, leaning, and lying in various attitudes, all singing in chorus .) Farewell and adieu to you, Spanish ladies! Farewell and adieu to you, ladies of Spain! Our captain’s commanded.— 1ST NANTUCKET SAILOR. Oh, boys, don’t be sentimental; it’s bad for the digestion! Take a tonic, follow me! ( Sings, and all follow. ) Our captain stood upon the deck, A spy-glass in his hand, A viewing of those gallant whales That blew at every strand. Oh, your tubs in your boats, my boys, And by your braces stand, And we’ll have one of those fine whales, Hand, boys, over hand! So, be cheery, my lads! may your […]","https://www.gutenberg.org/files/2701/2701-h/2701-h.htm#link2HCH0040","https://www.wikidata.org/wiki/Q29"
"40","Midnight, Forecastle","Ganges","Mentioned locations","22","90.9","area","en","[…] They cease dancing, and gather in clusters. Meantime the sky darkens—the wind rises .) LASCAR SAILOR. By Brahma! boys, it’ll be douse sail soon. The sky-born, high-tide Ganges turned to wind! Thou showest thy black brow, Seeva! MALTESE SAILOR. ( Reclining and shaking his cap .) It’s the waves—the snow’s caps turn to jig it now. They’ll shake their tassels soon. Now would all the waves were women, then I’d go drown, and chassee with them evermore! There’s naught so sweet on earth—heaven may not match it!—as those swift glances of warm, wild bosoms in the dance, when the over-arboring arms hide such ripe, bursting […]","https://www.gutenberg.org/files/2701/2701-h/2701-h.htm#link2HCH0040","https://en.wikipedia.org/wiki/Ganges"
"40","Midnight, Forecastle","Kattegat","Mentioned locations","56.86666667","11.38333333","area","en","[…] SAILOR. Crack, crack, old ship! so long as thou crackest, thou holdest! Well done! The mate there holds ye to it stiffly. He’s no more afraid than the isle fort at Cattegat, put there to fight the Baltic with storm-lashed guns, on which the sea-salt cakes! 4TH NANTUCKET SAILOR. He has his orders, mind ye that. I heard old Ahab tell him he must always kill a squall, something as they burst a waterspout with a pistol—fire your ship right into it! ENGLISH SAILOR. Blood! but that old man’s a grand old cove! We are the lads to hunt him up his whale! ALL. Aye! aye! OLD MANX SAILOR. How the three pines shake! […]","https://www.gutenberg.org/files/2701/2701-h/2701-h.htm#link2HCH0040","https://en.wikipedia.org/wiki/Kattegat"
"41","Moby Dick","Pacific Ocean","Mentioned locations","0","-160","area","en","[…] both American and English whale-ships, and as well a thing placed upon authoritative record years ago by Scoresby, that some whales have been captured far north in the Pacific, in whose bodies have been found the barbs of harpoons darted in the Greenland seas. Nor is it to be gainsaid, that in some of these instances it has been declared that the interval of time between the two assaults could not have exceeded very many days. Hence, by inference, it has been believed by some whalemen, that the Nor’ West Passage, so long a problem to man, was never a problem to the whale. So that here, in the real living […]","https://www.gutenberg.org/files/2701/2701-h/2701-h.htm#link2HCH0041","https://en.wikipedia.org/wiki/Pacific_Ocean"
"41","Moby Dick","Greenland","Mentioned locations","72","-40","area","en","[…] record years ago by Scoresby, that some whales have been captured far north in the Pacific, in whose bodies have been found the barbs of harpoons darted in the Greenland seas. Nor is it to be gainsaid, that in some of these instances it has been declared that the interval of time between the two assaults could not have exceeded very many days. Hence, by inference, it has been believed by some whalemen, that the Nor’ West Passage, so long a problem to man, was never a problem to the whale. So that here, in the real living experience of living men, the prodigies related in old times of the inland Strello […]","https://www.gutenberg.org/files/2701/2701-h/2701-h.htm#link2HCH0041","https://en.wikipedia.org/wiki/Greenland"
"41","Moby Dick","Hudson River","Mentioned locations","40.6001","-74.042","area","en","[…] you think it fled, it may have but become transfigured into some still subtler form. Ahab’s full lunacy subsided not, but deepeningly contracted; like the unabated Hudson, when that noble Northman flows narrowly, but unfathomably through the Highland gorge. But, as in his narrow-flowing monomania, not one jot of Ahab’s broad madness had been left behind; so in that broad madness, not one jot of his great natural intellect had perished. That before living agent, now became the living instrument. If such a furious trope may stand, his special lunacy stormed his general sanity, and carried it, and turned all […]","https://www.gutenberg.org/files/2701/2701-h/2701-h.htm#link2HCH0041","https://www.wikidata.org/wiki/Q3140"
"41","Moby Dick","Cape Horn","Mentioned locations","-55.98","-67.289166666667","area","en","[…] latitudes, the ship, with mild stun’sails spread, floated across the tranquil tropics, and, to all appearances, the old man’s delirium seemed left behind him with the Cape Horn swells, and he came forth from his dark den into the blessed light and air; even then, when he bore that firm, collected front, however pale, and issued his calm orders once again; and his mates thanked God the direful madness was now gone; even then, Ahab, in his hidden self, raved on. Human madness is oftentimes a cunning and most feline thing. When you think it fled, it may have but become transfigured into some still subtler form. […]","https://www.gutenberg.org/files/2701/2701-h/2701-h.htm#link2HCH0041","https://www.wikidata.org/wiki/Q4078"
"41","Moby Dick","Portugal","Mentioned locations","39","-8","area","en","[…] man, was never a problem to the whale. So that here, in the real living experience of living men, the prodigies related in old times of the inland Strello mountain in Portugal (near whose top there was said to be a lake in which the wrecks of ships floated up to the surface); and that still more wonderful story of the Arethusa fountain near Syracuse (whose waters were believed to have come from the Holy Land by an underground passage); these fabulous narrations are almost fully equalled by the realities of the whalemen. Forced into familiarity, then, with such prodigies as these; and knowing that after […]","https://www.gutenberg.org/files/2701/2701-h/2701-h.htm#link2HCH0041","https://en.wikipedia.org/wiki/Portugal"
"41","Moby Dick","Syracuse, Sicily","Mentioned locations","37.06916667","15.2875","area","en","[…] (near whose top there was said to be a lake in which the wrecks of ships floated up to the surface); and that still more wonderful story of the Arethusa fountain near Syracuse (whose waters were believed to have come from the Holy Land by an underground passage); these fabulous narrations are almost fully equalled by the realities of the whalemen. Forced into familiarity, then, with such prodigies as these; and knowing that after repeated, intrepid assaults, the White Whale had escaped alive; it cannot be much matter of surprise that some whalemen should go still further in their superstitions; declaring Moby […]","https://www.gutenberg.org/files/2701/2701-h/2701-h.htm#link2HCH0041","https://en.wikipedia.org/wiki/Syracuse%2C_Sicily"
"41","Moby Dick","Arkansas","Mentioned locations","35","-92","area","en","[…] His three boats stove around him, and oars and men both whirling in the eddies; one captain, seizing the line-knife from his broken prow, had dashed at the whale, as an Arkansas duellist at his foe, blindly seeking with a six inch blade to reach the fathom-deep life of the whale. That captain was Ahab. And then it was, that suddenly sweeping his sickle-shaped lower jaw beneath him, Moby Dick had reaped away Ahab’s leg, as a mower a blade of grass in the field. No turbaned Turk, no hired Venetian or Malay, could have smote him with more seeming malice. Small reason was there to doubt, then, that ever since that […]","https://www.gutenberg.org/files/2701/2701-h/2701-h.htm#link2HCH0041","https://en.wikipedia.org/wiki/Arkansas"
"41","Moby Dick","Musée de Cluny","Mentioned locations","48.85055556","2.34333333","building","en","[…] larger, darker, deeper part remains unhinted. But vain to popularize profundities, and all truth is profound. Winding far down from within the very heart of this spiked Hotel de Cluny where we here stand—however grand and wonderful, now quit it;—and take your way, ye nobler, sadder souls, to those vast Roman halls of Thermes; where far beneath the fantastic towers of man’s upper earth, his root of grandeur, his whole awful essence sits in bearded state; an antique buried beneath antiquities, and throned on torsoes! So with a broken throne, the great gods mock that captive king; so like a Caryatid, he patient […]","https://www.gutenberg.org/files/2701/2701-h/2701-h.htm#link2HCH0041","https://en.wikipedia.org/wiki/Mus%C3%A9e_de_Cluny"
"41","Moby Dick","Fountain of Arethusa","Mentioned locations","37.05725556","15.29291111","building","en","[…] mountain in Portugal (near whose top there was said to be a lake in which the wrecks of ships floated up to the surface); and that still more wonderful story of the Arethusa fountain near Syracuse (whose waters were believed to have come from the Holy Land by an underground passage); these fabulous narrations are almost fully equalled by the realities of the whalemen. Forced into familiarity, then, with such prodigies as these; and knowing that after repeated, intrepid assaults, the White Whale had escaped alive; it cannot be much matter of surprise that some whalemen should go still further in their […]","https://www.gutenberg.org/files/2701/2701-h/2701-h.htm#link2HCH0041","https://en.wikipedia.org/wiki/Fountain_of_Arethusa"
"42","The Whiteness of the Whale","Lima","Mentioned locations","-12.06","-77.0375","area","en","[…] of anchored fleets); and her suburban avenues of house-walls lying over upon each other, as a tossed pack of cards;—it is not these things alone which make tearless Lima, the strangest, saddest city thou can’st see. For Lima has taken the white veil; and there is a higher horror in this whiteness of her woe. Old as Pizarro, this whiteness keeps her ruins for ever new; admits not the cheerful greenness of complete decay; spreads over her broken ramparts the rigid pallor of an apoplexy that fixes its own distortions. I know that, to the common apprehension, this phenomenon of whiteness is not confessed to be […]","https://www.gutenberg.org/files/2701/2701-h/2701-h.htm#link2HCH0042","https://www.wikidata.org/wiki/Q2868"
"42","The Whiteness of the Whale","Ohio River","Mentioned locations","40.4430066","-80.0171244","area","en","[…] and fearless as this mighty steed. Whether marching amid his aides and marshals in the van of countless cohorts that endlessly streamed it over the plains, like an Ohio; or whether with his circumambient subjects browsing all around at the horizon, the White Steed gallopingly reviewed them with warm nostrils reddening through his cool milkiness; in whatever aspect he presented himself, always to the bravest Indians he was the object of trembling reverence and awe. Nor can it be questioned from what stands on legendary record of this noble horse, that it was his spiritual whiteness chiefly, which so clothed […]","https://www.gutenberg.org/files/2701/2701-h/2701-h.htm#link2HCH0042","https://www.wikidata.org/wiki/Q4915"
"42","The Whiteness of the Whale","New Hampshire","Mentioned locations","44","-71.5","area","en","[…] of an untravelled American, than those other storied structures, its neighbors—the Byward Tower, or even the Bloody? And those sublimer towers, the White Mountains of New Hampshire, whence, in peculiar moods, comes that gigantic ghostliness over the soul at the bare mention of that name, while the thought of Virginia’s Blue Ridge is full of a soft, dewy, distant dreaminess? Or why, irrespective of all latitudes and longitudes, does the name of the White Sea exert such a spectralness over the fancy, while that of the Yellow Sea lulls us with mortal thoughts of long lacquered mild afternoons on the waves, […]","https://www.gutenberg.org/files/2701/2701-h/2701-h.htm#link2HCH0042","https://www.wikidata.org/wiki/Q759"
"42","The Whiteness of the Whale","Virginia","Mentioned locations","37.5","-79","area","en","[…] the White Mountains of New Hampshire, whence, in peculiar moods, comes that gigantic ghostliness over the soul at the bare mention of that name, while the thought of Virginia’s Blue Ridge is full of a soft, dewy, distant dreaminess? Or why, irrespective of all latitudes and longitudes, does the name of the White Sea exert such a spectralness over the fancy, while that of the Yellow Sea lulls us with mortal thoughts of long lacquered mild afternoons on the waves, followed by the gaudiest and yet sleepiest of sunsets? Or, to choose a wholly unsubstantial instance, purely addressed to the fancy, why, in reading […]","https://www.gutenberg.org/files/2701/2701-h/2701-h.htm#link2HCH0042","https://www.wikidata.org/wiki/Q1370"
"42","The Whiteness of the Whale","Oregon","Mentioned locations","43.935833333333335","-120.575","area","en","[…] he smells cannot recall to him anything associated with the experience of former perils; for what knows he, this New England colt, of the black bisons of distant Oregon? No: but here thou beholdest even in a dumb brute, the instinct of the knowledge of the demonism in the world. Though thousands of miles from Oregon, still when he smells that savage musk, the rending, goring bison herds are as present as to the deserted wild foal of the prairies, which this instant they may be trampling into dust. Thus, then, the muffled rollings of a milky sea; the bleak rustlings of the festooned frosts of mountains; […]","https://www.gutenberg.org/files/2701/2701-h/2701-h.htm#link2HCH0042","https://www.wikidata.org/wiki/Q824"
"42","The Whiteness of the Whale","London","Mentioned locations","51.50722222","-0.1275","area","en","[…] statue in the soul? Or what is there apart from the traditions of dungeoned warriors and kings (which will not wholly account for it) that makes the White Tower of London tell so much more strongly on the imagination of an untravelled American, than those other storied structures, its neighbors—the Byward Tower, or even the Bloody? And those sublimer towers, the White Mountains of New Hampshire, whence, in peculiar moods, comes that gigantic ghostliness over the soul at the bare mention of that name, while the thought of Virginia’s Blue Ridge is full of a soft, dewy, distant dreaminess? Or why, irrespective […]","https://www.gutenberg.org/files/2701/2701-h/2701-h.htm#link2HCH0042","https://en.wikipedia.org/wiki/London"
"42","The Whiteness of the Whale","Rome","Mentioned locations","41.89333333","12.48277778","area","en","[…] quadruped in the royal standard; and the Hanoverian flag bearing the one figure of a snow-white charger; and the great Austrian Empire, Cæsarian, heir to overlording Rome, having for the imperial colour the same imperial hue; and though this pre-eminence in it applies to the human race itself, giving the white man ideal mastership over every dusky tribe; and though, besides, all this, whiteness has been even made significant of gladness, for among the Romans a white stone marked a joyful day; and though in other mortal sympathies and symbolizings, this same hue is made the emblem of many touching, noble […]","https://www.gutenberg.org/files/2701/2701-h/2701-h.htm#link2HCH0042","https://en.wikipedia.org/wiki/Rome"
"42","The Whiteness of the Whale","Peru","Mentioned locations","-9.4","-76","area","en","[…] will tell thee, ”Sir, it was not so much the fear of striking hidden rocks, as the fear of that hideous whiteness that so stirred me?” Second: To the native Indian of Peru, the continual sight of the snow-howdahed Andes conveys naught of dread, except, perhaps, in the mere fancying of the eternal frosted desolateness reigning at such vast altitudes, and the natural conceit of what a fearfulness it would be to lose oneself in such inhuman solitudes. Much the same is it with the backwoodsman of the West, who with comparative indifference views an unbounded prairie sheeted with driven snow, no shadow of tree or […]","https://www.gutenberg.org/files/2701/2701-h/2701-h.htm#link2HCH0042","https://www.wikidata.org/wiki/Q419"
"42","The Whiteness of the Whale","Andes","Mentioned locations","-32","-70","area","en","[…] fear of striking hidden rocks, as the fear of that hideous whiteness that so stirred me?” Second: To the native Indian of Peru, the continual sight of the snow-howdahed Andes conveys naught of dread, except, perhaps, in the mere fancying of the eternal frosted desolateness reigning at such vast altitudes, and the natural conceit of what a fearfulness it would be to lose oneself in such inhuman solitudes. Much the same is it with the backwoodsman of the West, who with comparative indifference views an unbounded prairie sheeted with driven snow, no shadow of tree or twig to break the fixed trance of whiteness. Not […]","https://www.gutenberg.org/files/2701/2701-h/2701-h.htm#link2HCH0042","https://en.wikipedia.org/wiki/Andes"
"42","The Whiteness of the Whale","Europe","Mentioned locations","53.5","15.5","area","en","[…] the gaudiest and yet sleepiest of sunsets? Or, to choose a wholly unsubstantial instance, purely addressed to the fancy, why, in reading the old fairy tales of Central Europe, does ”the tall pale man” of the Hartz forests, whose changeless pallor unrustlingly glides through the green of the groves—why is this phantom more terrible than all the whooping imps of the Blocksburg? Nor is it, altogether, the remembrance of her cathedral-toppling earthquakes; nor the stampedoes of her frantic seas; nor the tearlessness of arid skies that never rain; nor the sight of her wide field of leaning spires, wrenched […]","https://www.gutenberg.org/files/2701/2701-h/2701-h.htm#link2HCH0042","https://www.wikidata.org/wiki/Q46"
"42","The Whiteness of the Whale","Americas","Mentioned locations","19","-96","area","en","[…] sympathies and symbolizings, this same hue is made the emblem of many touching, noble things—the innocence of brides, the benignity of age; though among the Red Men of America the giving of the white belt of wampum was the deepest pledge of honor; though in many climes, whiteness typifies the majesty of Justice in the ermine of the Judge, and contributes to the daily state of kings and queens drawn by milk-white steeds; though even in the higher mysteries of the most august religions it has been made the symbol of the divine spotlessness and power; by the Persian fire worshippers, the white forked flame being […]","https://www.gutenberg.org/files/2701/2701-h/2701-h.htm#link2HCH0042","https://www.wikidata.org/wiki/Q828"
"42","The Whiteness of the Whale","Bago, Myanmar","Mentioned locations","17.33333333","96.48333333","area","en","[…] in marbles, japonicas, and pearls; and though various nations have in some way recognised a certain royal preeminence in this hue; even the barbaric, grand old kings of Pegu placing the title ”Lord of the White Elephants” above all their other magniloquent ascriptions of dominion; and the modern kings of Siam unfurling the same snow-white quadruped in the royal standard; and the Hanoverian flag bearing the one figure of a snow-white charger; and the great Austrian Empire, Cæsarian, heir to overlording Rome, having for the imperial colour the same imperial hue; and though this pre-eminence in it applies to the […]","https://www.gutenberg.org/files/2701/2701-h/2701-h.htm#link2HCH0042","https://en.wikipedia.org/wiki/Bago%2C_Myanmar"
"42","The Whiteness of the Whale","Thailand","Mentioned locations","15","101","area","en","[…] barbaric, grand old kings of Pegu placing the title ”Lord of the White Elephants” above all their other magniloquent ascriptions of dominion; and the modern kings of Siam unfurling the same snow-white quadruped in the royal standard; and the Hanoverian flag bearing the one figure of a snow-white charger; and the great Austrian Empire, Cæsarian, heir to overlording Rome, having for the imperial colour the same imperial hue; and though this pre-eminence in it applies to the human race itself, giving the white man ideal mastership over every dusky tribe; and though, besides, all this, whiteness has been even […]","https://www.gutenberg.org/files/2701/2701-h/2701-h.htm#link2HCH0042","https://en.wikipedia.org/wiki/Thailand"
"42","The Whiteness of the Whale","Rocky Mountains","Mentioned locations","44.15","-113.8","area","en","[…] a thousand monarchs in his lofty, overscorning carriage. He was the elected Xerxes of vast herds of wild horses, whose pastures in those days were only fenced by the Rocky Mountains and the Alleghanies. At their flaming head he westward trooped it like that chosen star which every evening leads on the hosts of light. The flashing cascade of his mane, the curving comet of his tail, invested him with housings more resplendent than gold and silver-beaters could have furnished him. A most imperial and archangelical apparition of that unfallen, western world, which to the eyes of the old trappers and hunters […]","https://www.gutenberg.org/files/2701/2701-h/2701-h.htm#link2HCH0042","https://en.wikipedia.org/wiki/Rocky_Mountains"
"42","The Whiteness of the Whale","Ghent","Mentioned locations","51.05361111","3.72527778","area","en","[…] so potent an auxiliary. How wildly it heightens the effect of that passage in Froissart, when, masked in the snowy symbol of their faction, the desperate White Hoods of Ghent murder their bailiff in the market-place! Nor, in some things, does the common, hereditary experience of all mankind fail to bear witness to the supernaturalism of this hue. It cannot well be doubted, that the one visible quality in the aspect of the dead which most appals the gazer, is the marble pallor lingering there; as if indeed that pallor were as much like the badge of consternation in the other world, as of mortal trepidation here. […]","https://www.gutenberg.org/files/2701/2701-h/2701-h.htm#link2HCH0042","https://en.wikipedia.org/wiki/Ghent"
"42","The Whiteness of the Whale","White Tower","Mentioned locations","51.508098","-0.075977","building","en","[…] such an eyeless statue in the soul? Or what is there apart from the traditions of dungeoned warriors and kings (which will not wholly account for it) that makes the White Tower of London tell so much more strongly on the imagination of an untravelled American, than those other storied structures, its neighbors—the Byward Tower, or even the Bloody? And those sublimer towers, the White Mountains of New Hampshire, whence, in peculiar moods, comes that gigantic ghostliness over the soul at the bare mention of that name, while the thought of Virginia’s Blue Ridge is full of a soft, dewy, distant dreaminess? Or […]","https://www.gutenberg.org/files/2701/2701-h/2701-h.htm#link2HCH0042","https://en.wikipedia.org/wiki/White_Tower_(Tower_of_London)"
"42","The Whiteness of the Whale","Byward Tower","Mentioned locations","51.50777778","-0.07791667","building","en","[…] that makes the White Tower of London tell so much more strongly on the imagination of an untravelled American, than those other storied structures, its neighbors—the Byward Tower, or even the Bloody? And those sublimer towers, the White Mountains of New Hampshire, whence, in peculiar moods, comes that gigantic ghostliness over the soul at the bare mention of that name, while the thought of Virginia’s Blue Ridge is full of a soft, dewy, distant dreaminess? Or why, irrespective of all latitudes and longitudes, does the name of the White Sea exert such a spectralness over the fancy, while that of the Yellow Sea […]","https://www.gutenberg.org/files/2701/2701-h/2701-h.htm#link2HCH0042","https://www.wikidata.org/wiki/Q1018727"
"42","The Whiteness of the Whale","White Mountains","Mentioned locations","44.271","-71.305","area","en","[…] on the imagination of an untravelled American, than those other storied structures, its neighbors—the Byward Tower, or even the Bloody? And those sublimer towers, the White Mountains of New Hampshire, whence, in peculiar moods, comes that gigantic ghostliness over the soul at the bare mention of that name, while the thought of Virginia’s Blue Ridge is full of a soft, dewy, distant dreaminess? Or why, irrespective of all latitudes and longitudes, does the name of the White Sea exert such a spectralness over the fancy, while that of the Yellow Sea lulls us with mortal thoughts of long lacquered mild afternoons on […]","https://www.gutenberg.org/files/2701/2701-h/2701-h.htm#link2HCH0042","https://en.wikipedia.org/wiki/White_Mountains_(New_England)"
"42","The Whiteness of the Whale","Blue Ridge Mountains","Mentioned locations","35.76472222","-82.26527778","area","en","[…] Mountains of New Hampshire, whence, in peculiar moods, comes that gigantic ghostliness over the soul at the bare mention of that name, while the thought of Virginia’s Blue Ridge is full of a soft, dewy, distant dreaminess? Or why, irrespective of all latitudes and longitudes, does the name of the White Sea exert such a spectralness over the fancy, while that of the Yellow Sea lulls us with mortal thoughts of long lacquered mild afternoons on the waves, followed by the gaudiest and yet sleepiest of sunsets? Or, to choose a wholly unsubstantial instance, purely addressed to the fancy, why, in reading the old […]","https://www.gutenberg.org/files/2701/2701-h/2701-h.htm#link2HCH0042","https://en.wikipedia.org/wiki/Blue_Ridge_Mountains"
"42","The Whiteness of the Whale","White Sea","Mentioned locations","65.5","37.5","area","en","[…] while the thought of Virginia’s Blue Ridge is full of a soft, dewy, distant dreaminess? Or why, irrespective of all latitudes and longitudes, does the name of the White Sea exert such a spectralness over the fancy, while that of the Yellow Sea lulls us with mortal thoughts of long lacquered mild afternoons on the waves, followed by the gaudiest and yet sleepiest of sunsets? Or, to choose a wholly unsubstantial instance, purely addressed to the fancy, why, in reading the old fairy tales of Central Europe, does ”the tall pale man” of the Hartz forests, whose changeless pallor unrustlingly glides through the […]","https://www.gutenberg.org/files/2701/2701-h/2701-h.htm#link2HCH0042","https://en.wikipedia.org/wiki/White_Sea"
"42","The Whiteness of the Whale","Yellow Sea","Mentioned locations","38","123","area","en","[…] distant dreaminess? Or why, irrespective of all latitudes and longitudes, does the name of the White Sea exert such a spectralness over the fancy, while that of the Yellow Sea lulls us with mortal thoughts of long lacquered mild afternoons on the waves, followed by the gaudiest and yet sleepiest of sunsets? Or, to choose a wholly unsubstantial instance, purely addressed to the fancy, why, in reading the old fairy tales of Central Europe, does ”the tall pale man” of the Hartz forests, whose changeless pallor unrustlingly glides through the green of the groves—why is this phantom more terrible than all the […]","https://www.gutenberg.org/files/2701/2701-h/2701-h.htm#link2HCH0042","https://en.wikipedia.org/wiki/Yellow_Sea"
"42","The Whiteness of the Whale","Harz","Mentioned locations","51.75","10.63333333","area","en","[…] Or, to choose a wholly unsubstantial instance, purely addressed to the fancy, why, in reading the old fairy tales of Central Europe, does ”the tall pale man” of the Hartz forests, whose changeless pallor unrustlingly glides through the green of the groves—why is this phantom more terrible than all the whooping imps of the Blocksburg? Nor is it, altogether, the remembrance of her cathedral-toppling earthquakes; nor the stampedoes of her frantic seas; nor the tearlessness of arid skies that never rain; nor the sight of her wide field of leaning spires, wrenched cope-stones, and crosses all adroop (like canted […]","https://www.gutenberg.org/files/2701/2701-h/2701-h.htm#link2HCH0042","https://en.wikipedia.org/wiki/Harz"
"42","The Whiteness of the Whale","Brocken","Mentioned locations","51.80055556","10.61722222","area","en","[…] of the Hartz forests, whose changeless pallor unrustlingly glides through the green of the groves—why is this phantom more terrible than all the whooping imps of the Blocksburg? Nor is it, altogether, the remembrance of her cathedral-toppling earthquakes; nor the stampedoes of her frantic seas; nor the tearlessness of arid skies that never rain; nor the sight of her wide field of leaning spires, wrenched cope-stones, and crosses all adroop (like canted yards of anchored fleets); and her suburban avenues of house-walls lying over upon each other, as a tossed pack of cards;—it is not these things alone which […]","https://www.gutenberg.org/files/2701/2701-h/2701-h.htm#link2HCH0042","https://en.wikipedia.org/wiki/Brocken"
"42","The Whiteness of the Whale","Vermont","Mentioned locations","44","-72.7","area","en","[…] whiteness is but a white flag hung out from a craven soul; thou surrenderest to a hypo, Ishmael. Tell me, why this strong young colt, foaled in some peaceful valley of Vermont, far removed from all beasts of prey—why is it that upon the sunniest day, if you but shake a fresh buffalo robe behind him, so that he cannot even see it, but only smells its wild animal muskiness—why will he start, snort, and with bursting eyes paw the ground in phrensies of affright? There is no remembrance in him of any gorings of wild creatures in his green northern home, so that the strange muskiness he smells cannot recall to him […]","https://www.gutenberg.org/files/2701/2701-h/2701-h.htm#link2HCH0042","https://en.wikipedia.org/wiki/Vermont"
"42","The Whiteness of the Whale","Sápmi","Mentioned locations","68","20","area","en","[…] would touch all objects, even tulips and roses, with its own blank tinge—pondering all this, the palsied universe lies before us a leper; and like wilful travellers in Lapland, who refuse to wear coloured and colouring glasses upon their eyes, so the wretched infidel gazes himself blind at the monumental white shroud that wraps all the prospect around him. And of all these things the Albino whale was the symbol. Wonder ye then at the fiery hunt?","https://www.gutenberg.org/files/2701/2701-h/2701-h.htm#link2HCH0042","https://en.wikipedia.org/wiki/S%C3%A1pmi"
"42","The Whiteness of the Whale","New England","Mentioned locations","44","-71","area","en","[…] his green northern home, so that the strange muskiness he smells cannot recall to him anything associated with the experience of former perils; for what knows he, this New England colt, of the black bisons of distant Oregon? No: but here thou beholdest even in a dumb brute, the instinct of the knowledge of the demonism in the world. Though thousands of miles from Oregon, still when he smells that savage musk, the rending, goring bison herds are as present as to the deserted wild foal of the prairies, which this instant they may be trampling into dust. Thus, then, the muffled rollings of a milky sea; the bleak […]","https://www.gutenberg.org/files/2701/2701-h/2701-h.htm#link2HCH0042","https://en.wikipedia.org/wiki/New_England"
"43","Hark!","Nantucket","Mentioned locations","41.276756","-70.090889","area","en","[…] ”Say what ye will, shipmate; I’ve sharp ears.” ”Aye, you are the chap, ain’t ye, that heard the hum of the old Quakeress’s knitting-needles fifty miles at sea from Nantucket; you’re the chap.” ”Grin away; we’ll see what turns up. Hark ye, Cabaco, there is somebody down in the after-hold that has not yet been seen on deck; and I suspect our old Mogul knows something of it too. I heard Stubb tell Flask, one morning watch, that there was something of that sort in the wind.” ”Tish! the bucket!”","https://www.gutenberg.org/files/2701/2701-h/2701-h.htm#link2HCH0043","https://www.wikidata.org/wiki/Q49149"
"44","The Chart","Nantucket","Mentioned locations","41.276756","-70.090889","area","en","[…] be to those hopes; nor in the sleeplessness of his vow could he so tranquillize his unquiet heart as to postpone all intervening quest. Now, the Pequod had sailed from Nantucket at the very beginning of the Season-on-the-Line. No possible endeavor then could enable her commander to make the great passage southwards, double Cape Horn, and then running down sixty degrees of latitude arrive in the equatorial Pacific in time to cruise there. Therefore, he must wait for the next ensuing season. Yet the premature hour of the Pequod’s sailing had, perhaps, been correctly selected by Ahab, with a view to this very […]","https://www.gutenberg.org/files/2701/2701-h/2701-h.htm#link2HCH0044","https://www.wikidata.org/wiki/Q49149"
"44","The Chart","Uchiura Bay","Mentioned locations","42.333333333333","140.58333333333","area","en","[…] the matured, aged sperm whales. So that though Moby Dick had in a former year been seen, for example, on what is called the Seychelle ground in the Indian ocean, or Volcano Bay on the Japanese Coast; yet it did not follow, that were the Pequod to visit either of those spots at any subsequent corresponding season, she would infallibly encounter him there. So, too, with some other feeding grounds, where he had at times revealed himself. But all these seemed only his casual stopping-places and ocean-inns, so to speak, not his places of prolonged abode. And where Ahab’s chances of accomplishing his object have […]","https://www.gutenberg.org/files/2701/2701-h/2701-h.htm#link2HCH0044","https://www.wikidata.org/wiki/Q1036267"
"44","The Chart","Seychelles","Mentioned locations","-7.1","52.766667","area","en","[…] applies to the solitaries and hermits among the matured, aged sperm whales. So that though Moby Dick had in a former year been seen, for example, on what is called the Seychelle ground in the Indian ocean, or Volcano Bay on the Japanese Coast; yet it did not follow, that were the Pequod to visit either of those spots at any subsequent corresponding season, she would infallibly encounter him there. So, too, with some other feeding grounds, where he had at times revealed himself. But all these seemed only his casual stopping-places and ocean-inns, so to speak, not his places of prolonged abode. And where Ahab’s […]","https://www.gutenberg.org/files/2701/2701-h/2701-h.htm#link2HCH0044","https://www.wikidata.org/wiki/Q1042"
"44","The Chart","Pacific Ocean","Mentioned locations","0","-160","area","en","[…] then could enable her commander to make the great passage southwards, double Cape Horn, and then running down sixty degrees of latitude arrive in the equatorial Pacific in time to cruise there. Therefore, he must wait for the next ensuing season. Yet the premature hour of the Pequod’s sailing had, perhaps, been correctly selected by Ahab, with a view to this very complexion of things. Because, an interval of three hundred and sixty-five days and nights was before him; an interval which, instead of impatiently enduring ashore, he would spend in a miscellaneous hunt; if by chance the White Whale, spending […]","https://www.gutenberg.org/files/2701/2701-h/2701-h.htm#link2HCH0044","https://en.wikipedia.org/wiki/Pacific_Ocean"
"44","The Chart","Persian Gulf","Mentioned locations","26","52","area","en","[…] miscellaneous hunt; if by chance the White Whale, spending his vacation in seas far remote from his periodical feeding-grounds, should turn up his wrinkled brow off the Persian Gulf, or in the Bengal Bay, or China Seas, or in any other waters haunted by his race. So that Monsoons, Pampas, Nor’-Westers, Harmattans, Trades; any wind but the Levanter and Simoon, might blow Moby Dick into the devious zig-zag world-circle of the Pequod’s circumnavigating wake. But granting all this; yet, regarded discreetly and coolly, seems it not but a mad idea, this; that in the broad boundless ocean, one solitary whale, even if […]","https://www.gutenberg.org/files/2701/2701-h/2701-h.htm#link2HCH0044","https://www.wikidata.org/wiki/Q34675"
"44","The Chart","Istanbul","Mentioned locations","41.01","28.960277777778","area","en","[…] solitary whale, even if encountered, should be thought capable of individual recognition from his hunter, even as a white-bearded Mufti in the thronged thoroughfares of Constantinople? Yes. For the peculiar snow-white brow of Moby Dick, and his snow-white hump, could not but be unmistakable. And have I not tallied the whale, Ahab would mutter to himself, as after poring over his charts till long after midnight he would throw himself back in reveries—tallied him, and shall he escape? His broad fins are bored, and scalloped out like a lost sheep’s ear! And here, his mad mind would run on in a breathless race; till […]","https://www.gutenberg.org/files/2701/2701-h/2701-h.htm#link2HCH0044","https://www.wikidata.org/wiki/Q406"
"44","The Chart","Cape Horn","Mentioned locations","-55.98","-67.289166666667","area","en","[…] sailed from Nantucket at the very beginning of the Season-on-the-Line. No possible endeavor then could enable her commander to make the great passage southwards, double Cape Horn, and then running down sixty degrees of latitude arrive in the equatorial Pacific in time to cruise there. Therefore, he must wait for the next ensuing season. Yet the premature hour of the Pequod’s sailing had, perhaps, been correctly selected by Ahab, with a view to this very complexion of things. Because, an interval of three hundred and sixty-five days and nights was before him; an interval which, instead of impatiently enduring […]","https://www.gutenberg.org/files/2701/2701-h/2701-h.htm#link2HCH0044","https://www.wikidata.org/wiki/Q4078"
"44","The Chart","China","Mentioned locations","35","103","area","en","[…] Whale, spending his vacation in seas far remote from his periodical feeding-grounds, should turn up his wrinkled brow off the Persian Gulf, or in the Bengal Bay, or China Seas, or in any other waters haunted by his race. So that Monsoons, Pampas, Nor’-Westers, Harmattans, Trades; any wind but the Levanter and Simoon, might blow Moby Dick into the devious zig-zag world-circle of the Pequod’s circumnavigating wake. But granting all this; yet, regarded discreetly and coolly, seems it not but a mad idea, this; that in the broad boundless ocean, one solitary whale, even if encountered, should be thought capable […]","https://www.gutenberg.org/files/2701/2701-h/2701-h.htm#link2HCH0044","https://en.wikipedia.org/wiki/China"
"44","The Chart","Bay of Bengal","Mentioned locations","15","88","area","en","[…] chance the White Whale, spending his vacation in seas far remote from his periodical feeding-grounds, should turn up his wrinkled brow off the Persian Gulf, or in the Bengal Bay, or China Seas, or in any other waters haunted by his race. So that Monsoons, Pampas, Nor’-Westers, Harmattans, Trades; any wind but the Levanter and Simoon, might blow Moby Dick into the devious zig-zag world-circle of the Pequod’s circumnavigating wake. But granting all this; yet, regarded discreetly and coolly, seems it not but a mad idea, this; that in the broad boundless ocean, one solitary whale, even if encountered, should be […]","https://www.gutenberg.org/files/2701/2701-h/2701-h.htm#link2HCH0044","https://en.wikipedia.org/wiki/Bay_of_Bengal"
"44","The Chart","South China Sea","Mentioned locations","12","113","area","en","[…] Whale, spending his vacation in seas far remote from his periodical feeding-grounds, should turn up his wrinkled brow off the Persian Gulf, or in the Bengal Bay, or China Seas, or in any other waters haunted by his race. So that Monsoons, Pampas, Nor’-Westers, Harmattans, Trades; any wind but the Levanter and Simoon, might blow Moby Dick into the devious zig-zag world-circle of the Pequod’s circumnavigating wake. But granting all this; yet, regarded discreetly and coolly, seems it not but a mad idea, this; that in the broad boundless ocean, one solitary whale, even if encountered, should be thought capable […]","https://www.gutenberg.org/files/2701/2701-h/2701-h.htm#link2HCH0044","https://en.wikipedia.org/wiki/South_China_Sea"
"45","The Affidavit","Nantucket","Mentioned locations","41.276756","-70.090889","area","en","[…] to stave in, utterly destroy, and sink a large ship; and what is more, the Sperm Whale has done it. First: In the year 1820 the ship Essex, Captain Pollard, of Nantucket, was cruising in the Pacific Ocean. One day she saw spouts, lowered her boats, and gave chase to a shoal of sperm whales. Ere long, several of the whales were wounded; when, suddenly, a very large whale escaping from the boats, issued from the shoal, and bore directly down upon the ship. Dashing his forehead against her hull, he so stove her in, that in less than ”ten minutes” she settled down and fell over. Not a surviving plank of her […]","https://www.gutenberg.org/files/2701/2701-h/2701-h.htm#link2HCH0045","https://www.wikidata.org/wiki/Q49149"
"45","The Affidavit","Azores","Mentioned locations","38.66","-28.07","area","en","[…] place—p. 45,—he speaks of ” the mysterious and mortal attack of the animal .” Secondly: The ship Union, also of Nantucket, was in the year 1807 totally lost off the Azores by a similar onset, but the authentic particulars of this catastrophe I have never chanced to encounter, though from the whale hunters I have now and then heard casual allusions to it. Thirdly: Some eighteen or twenty years ago Commodore J——, then commanding an American sloop-of-war of the first class, happened to be dining with a party of whaling captains, on board a Nantucket ship in the harbor of Oahu, Sandwich Islands. Conversation […]","https://www.gutenberg.org/files/2701/2701-h/2701-h.htm#link2HCH0045","https://en.wikipedia.org/wiki/Azores"
"45","The Affidavit","Timor","Mentioned locations","-9.083333333333334","125.08333333333333","area","en","[…] stories after death, but he was admitted into all the rights, privileges, and distinctions of a name; had as much a name indeed as Cambyses or Cæsar. Was it not so, O Timor Tom! thou famed leviathan, scarred like an iceberg, who so long did’st lurk in the Oriental straits of that name, whose spout was oft seen from the palmy beach of Ombay? Was it not so, O New Zealand Jack! thou terror of all cruisers that crossed their wakes in the vicinity of the Tattoo Land? Was it not so, O Morquan! King of Japan, whose lofty jet they say at times assumed the semblance of a snow-white cross against the sky? Was it not so, […]","https://www.gutenberg.org/files/2701/2701-h/2701-h.htm#link2HCH0045","https://www.wikidata.org/wiki/Q83067"
"45","The Affidavit","Japan","Mentioned locations","36","138","area","en","[…] of Ombay? Was it not so, O New Zealand Jack! thou terror of all cruisers that crossed their wakes in the vicinity of the Tattoo Land? Was it not so, O Morquan! King of Japan, whose lofty jet they say at times assumed the semblance of a snow-white cross against the sky? Was it not so, O Don Miguel! thou Chilian whale, marked like an old tortoise with mystic hieroglyphics upon the back! In plain prose, here are four whales as well known to the students of Cetacean History as Marius or Sylla to the classic scholar. But this is not all. New Zealand Tom and Don Miguel, after at various times creating great havoc […]","https://www.gutenberg.org/files/2701/2701-h/2701-h.htm#link2HCH0045","https://en.wikipedia.org/wiki/Japan"
"45","The Affidavit","Pacific Ocean","Mentioned locations","0","-160","area","en","[…] In fact, did you ever hear what might be called regular news direct or indirect from New Guinea? Yet I tell you that upon one particular voyage which I made to the Pacific, among many others we spoke thirty different ships, every one of which had had a death by a whale, some of them more than one, and three that had each lost a boat’s crew. For God’s sake, be economical with your lamps and candles! not a gallon you burn, but at least one drop of man’s blood was spilled for it. Secondly: People ashore have indeed some indefinite idea that a whale is an enormous creature of enormous power; but I have ever […]","https://www.gutenberg.org/files/2701/2701-h/2701-h.htm#link2HCH0045","https://en.wikipedia.org/wiki/Pacific_Ocean"
"45","The Affidavit","Mediterranean Sea","Mentioned locations","35","18","area","en","[…] been a whale; and I am strongly inclined to think a sperm whale. And I will tell you why. For a long time I fancied that the sperm whale had been always unknown in the Mediterranean and the deep waters connecting with it. Even now I am certain that those seas are not, and perhaps never can be, in the present constitution of things, a place for his habitual gregarious resort. But further investigations have recently proved to me, that in modern times there have been isolated instances of the presence of the sperm whale in the Mediterranean. I am told, on good authority, that on the Barbary coast, a Commodore […]","https://www.gutenberg.org/files/2701/2701-h/2701-h.htm#link2HCH0045","https://en.wikipedia.org/wiki/Mediterranean_Sea"
"45","The Affidavit","Sea of Marmara","Mentioned locations","40.75","28","area","en","[…] Now, in this history of his, Procopius mentions that, during the term of his prefecture at Constantinople, a great sea-monster was captured in the neighboring Propontis, or Sea of Marmora, after having destroyed vessels at intervals in those waters for a period of more than fifty years. A fact thus set down in substantial history cannot easily be gainsaid. Nor is there any reason it should be. Of what precise species this sea-monster was, is not mentioned. But as he destroyed ships, as well as for other reasons, he must have been a whale; and I am strongly inclined to think a sperm whale. And I will […]","https://www.gutenberg.org/files/2701/2701-h/2701-h.htm#link2HCH0045","https://www.wikidata.org/wiki/Q35367"
"45","The Affidavit","Dardanelles","Mentioned locations","40.2","26.4","area","en","[…] good authority, that on the Barbary coast, a Commodore Davis of the British navy found the skeleton of a sperm whale. Now, as a vessel of war readily passes through the Dardanelles, hence a sperm whale could, by the same route, pass out of the Mediterranean into the Propontis. In the Propontis, as far as I can learn, none of that peculiar substance called brit is to be found, the aliment of the right whale. But I have every reason to believe that the food of the sperm whale—squid or cuttle-fish—lurks at the bottom of that sea, because large creatures, but by no means the largest of that sort, have been found at […]","https://www.gutenberg.org/files/2701/2701-h/2701-h.htm#link2HCH0045","https://en.wikipedia.org/wiki/Dardanelles"
"45","The Affidavit","New Zealand","Mentioned locations","-41.2","174","area","en","[…] scarred like an iceberg, who so long did’st lurk in the Oriental straits of that name, whose spout was oft seen from the palmy beach of Ombay? Was it not so, O New Zealand Jack! thou terror of all cruisers that crossed their wakes in the vicinity of the Tattoo Land? Was it not so, O Morquan! King of Japan, whose lofty jet they say at times assumed the semblance of a snow-white cross against the sky? Was it not so, O Don Miguel! thou Chilian whale, marked like an old tortoise with mystic hieroglyphics upon the back! In plain prose, here are four whales as well known to the students of Cetacean History as […]","https://www.gutenberg.org/files/2701/2701-h/2701-h.htm#link2HCH0045","https://www.wikidata.org/wiki/Q664"
"45","The Affidavit","New Guinea","Mentioned locations","-5","140","area","en","[…] however transient and immediately forgotten that record. Do you suppose that that poor fellow there, who this moment perhaps caught by the whale-line off the coast of New Guinea, is being carried down to the bottom of the sea by the sounding leviathan—do you suppose that that poor fellow’s name will appear in the newspaper obituary you will read to-morrow at your breakfast? No: because the mails are very irregular between here and New Guinea. In fact, did you ever hear what might be called regular news direct or indirect from New Guinea? Yet I tell you that upon one particular voyage which I made to the […]","https://www.gutenberg.org/files/2701/2701-h/2701-h.htm#link2HCH0045","https://www.wikidata.org/wiki/Q40285"
"45","The Affidavit","Boston","Mentioned locations","42.360277777777775","-71.05777777777777","area","en","[…] commanding the ship in question, is a New Englander, who, after a long life of unusual adventures as a sea-captain, this day resides in the village of Dorchester near Boston. I have the honor of being a nephew of his. I have particularly questioned him concerning this passage in Langsdorff. He substantiates every word. The ship, however, was by no means a large one: a Russian craft built on the Siberian coast, and purchased by my uncle after bartering away the vessel in which he sailed from home. In that up and down manly book of old-fashioned adventure, so full, too, of honest wonders—the voyage of Lionel […]","https://www.gutenberg.org/files/2701/2701-h/2701-h.htm#link2HCH0045","https://www.wikidata.org/wiki/Q100"
"45","The Affidavit","Istanbul","Mentioned locations","41.01","28.960277777778","area","en","[…] for the millionth time we say amen with Solomon—Verily there is nothing new under the sun. In the sixth Christian century lived Procopius, a Christian magistrate of Constantinople, in the days when Justinian was Emperor and Belisarius general. As many know, he wrote the history of his own times, a work every way of uncommon value. By the best authorities, he has always been considered a most trustworthy and unexaggerating historian, except in some one or two particulars, not at all affecting the matter presently to be mentioned. Now, in this history of his, Procopius mentions that, during the term of his […]","https://www.gutenberg.org/files/2701/2701-h/2701-h.htm#link2HCH0045","https://www.wikidata.org/wiki/Q406"
"45","The Affidavit","Egypt","Mentioned locations","27","29","area","en","[…] complimented me upon my facetiousness; when, I declare upon my soul, I had no more idea of being facetious than Moses, when he wrote the history of the plagues of Egypt. But fortunately the special point I here seek can be established upon testimony entirely independent of my own. That point is this: The Sperm Whale is in some cases sufficiently powerful, knowing, and judiciously malicious, as with direct aforethought to stave in, utterly destroy, and sink a large ship; and what is more, the Sperm Whale has done it. First: In the year 1820 the ship Essex, Captain Pollard, of Nantucket, was cruising in the […]","https://www.gutenberg.org/files/2701/2701-h/2701-h.htm#link2HCH0045","https://www.wikidata.org/wiki/Q79"
"45","The Affidavit","Africa","Mentioned locations","0","15","area","en","[…] of the two harpoons; and I think it may have been something more than that; the man who darted them happening, in the interval, to go in a trading ship on a voyage to Africa, went ashore there, joined a discovery party, and penetrated far into the interior, where he travelled for a period of nearly two years, often endangered by serpents, savages, tigers, poisonous miasmas, with all the other common perils incident to wandering in the heart of unknown regions. Meanwhile, the whale he had struck must also have been on its travels; no doubt it had thrice circumnavigated the globe, brushing with its flanks all […]","https://www.gutenberg.org/files/2701/2701-h/2701-h.htm#link2HCH0045","https://www.wikidata.org/wiki/Q15"
"45","The Affidavit","Americas","Mentioned locations","19","-96","area","en","[…] he calls the modern Juan Fernandes. ”In our way thither,” he says, ”about four o’clock in the morning, when we were about one hundred and fifty leagues from the Main of America, our ship felt a terrible shock, which put our men in such consternation that they could hardly tell where they were or what to think; but every one began to prepare for death. And, indeed, the shock was so sudden and violent, that we took it for granted the ship had struck against a rock; but when the amazement was a little over, we cast the lead, and sounded, but found no ground. * * * * * The suddenness of the shock made the guns leap […]","https://www.gutenberg.org/files/2701/2701-h/2701-h.htm#link2HCH0045","https://www.wikidata.org/wiki/Q828"
"45","The Affidavit","Alor Island","Mentioned locations","-8.26666667","124.75","area","en","[…] Timor Tom! thou famed leviathan, scarred like an iceberg, who so long did’st lurk in the Oriental straits of that name, whose spout was oft seen from the palmy beach of Ombay? Was it not so, O New Zealand Jack! thou terror of all cruisers that crossed their wakes in the vicinity of the Tattoo Land? Was it not so, O Morquan! King of Japan, whose lofty jet they say at times assumed the semblance of a snow-white cross against the sky? Was it not so, O Don Miguel! thou Chilian whale, marked like an old tortoise with mystic hieroglyphics upon the back! In plain prose, here are four whales as well known to the […]","https://www.gutenberg.org/files/2701/2701-h/2701-h.htm#link2HCH0045","https://en.wikipedia.org/wiki/Alor_Island"
"45","The Affidavit","Oʻahu","Mentioned locations","21.5","-158","area","en","[…] J——, then commanding an American sloop-of-war of the first class, happened to be dining with a party of whaling captains, on board a Nantucket ship in the harbor of Oahu, Sandwich Islands. Conversation turning upon whales, the Commodore was pleased to be sceptical touching the amazing strength ascribed to them by the professional gentlemen present. He peremptorily denied for example, that any whale could so smite his stout sloop-of-war as to cause her to leak so much as a thimbleful. Very good; but there is more coming. Some weeks after, the Commodore set sail in this impregnable craft for Valparaiso. But he […]","https://www.gutenberg.org/files/2701/2701-h/2701-h.htm#link2HCH0045","https://en.wikipedia.org/wiki/O%CA%BBahu"
"45","The Affidavit","Valparaíso","Mentioned locations","-33.04611111","-71.61972222","area","en","[…] as to cause her to leak so much as a thimbleful. Very good; but there is more coming. Some weeks after, the Commodore set sail in this impregnable craft for Valparaiso. But he was stopped on the way by a portly sperm whale, that begged a few moments’ confidential business with him. That business consisted in fetching the Commodore’s craft such a thwack, that with all his pumps going he made straight for the nearest port to heave down and repair. I am not superstitious, but I consider the Commodore’s interview with that whale as providential. Was not Saul of Tarsus converted from unbelief by a similar […]","https://www.gutenberg.org/files/2701/2701-h/2701-h.htm#link2HCH0045","https://en.wikipedia.org/wiki/Valpara%C3%ADso"
"45","The Affidavit","Okhotsk","Mentioned locations","59.3675","143.25944444","area","en","[…] Langsdorff thus begins his seventeenth chapter: ”By the thirteenth of May our ship was ready to sail, and the next day we were out in the open sea, on our way to Ochotsh. The weather was very clear and fine, but so intolerably cold that we were obliged to keep on our fur clothing. For some days we had very little wind; it was not till the nineteenth that a brisk gale from the northwest sprang up. An uncommon large whale, the body of which was larger than the ship itself, lay almost at the surface of the water, but was not perceived by any one on board till the moment when the ship, which was in full sail, […]","https://www.gutenberg.org/files/2701/2701-h/2701-h.htm#link2HCH0045","https://en.wikipedia.org/wiki/Okhotsk"
"45","The Affidavit","Juan Fernández Islands","Mentioned locations","-33.641388888889","-78.841111111111","area","en","[…] that I cannot forbear inserting it here for a corroborative example, if such be needed. Lionel, it seems, was on his way to ”John Ferdinando,” as he calls the modern Juan Fernandes. ”In our way thither,” he says, ”about four o’clock in the morning, when we were about one hundred and fifty leagues from the Main of America, our ship felt a terrible shock, which put our men in such consternation that they could hardly tell where they were or what to think; but every one began to prepare for death. And, indeed, the shock was so sudden and violent, that we took it for granted the ship had struck against a rock; […]","https://www.gutenberg.org/files/2701/2701-h/2701-h.htm#link2HCH0045","https://www.wikidata.org/wiki/Q156325"
"48","The First Lowering","Nantucket","Mentioned locations","41.276756","-70.090889","area","en","[…] dark Ahab’s precise agency in the matter from the beginning. For me, I silently recalled the mysterious shadows I had seen creeping on board the Pequod during the dim Nantucket dawn, as well as the enigmatical hintings of the unaccountable Elijah. Meantime, Ahab, out of hearing of his officers, having sided the furthest to windward, was still ranging ahead of the other boats; a circumstance bespeaking how potent a crew was pulling him. Those tiger yellow creatures of his seemed all steel and whalebone; like five trip-hammers they rose and fell with regular strokes of strength, which periodically started the […]","https://www.gutenberg.org/files/2701/2701-h/2701-h.htm#link2HCH0048","https://www.wikidata.org/wiki/Q49149"
"48","The First Lowering","Martha's Vineyard","Mentioned locations","41.4","-70.616666666667","area","en","[…] out and say something, my hearties. Roar and pull, my thunderbolts! Beach me, beach me on their black backs, boys; only do that for me, and I’ll sign over to you my Martha’s Vineyard plantation, boys; including wife and children, boys. Lay me on—lay me on! O Lord, Lord! but I shall go stark, staring mad! See! see that white water!” And so shouting, he pulled his hat from his head, and stamped up and down on it; then picking it up, flirted it far off upon the sea; and finally fell to rearing and plunging in the boat’s stern like a crazed colt from the prairie. ”Look at that chap now,” philosophically drawled […]","https://www.gutenberg.org/files/2701/2701-h/2701-h.htm#link2HCH0048","https://www.wikidata.org/wiki/Q49148"
"48","The First Lowering","Mississippi River","Mentioned locations","29.1536","-89.2508","area","en","[…] like five trip-hammers they rose and fell with regular strokes of strength, which periodically started the boat along the water like a horizontal burst boiler out of a Mississippi steamer. As for Fedallah, who was seen pulling the harpooneer oar, he had thrown aside his black jacket, and displayed his naked chest with the whole part of his body above the gunwale, clearly cut against the alternating depressions of the watery horizon; while at the other end of the boat Ahab, with one arm, like a fencer’s, thrown half backward into the air, as if to counterbalance any tendency to trip; Ahab was seen steadily […]","https://www.gutenberg.org/files/2701/2701-h/2701-h.htm#link2HCH0048","https://www.wikidata.org/wiki/Q1497"
"49","The Hyena","Cape Horn","Mentioned locations","-55.98","-67.289166666667","area","en","[…] on a flying whale with your sail set in a foggy squall is the height of a whaleman’s discretion?” ”Certain. I’ve lowered for whales from a leaking ship in a gale off Cape Horn.” ”Mr. Flask,” said I, turning to little King-Post, who was standing close by; ”you are experienced in these things, and I am not. Will you tell me whether it is an unalterable law in this fishery, Mr. Flask, for an oarsman to break his own back pulling himself back-foremost into death’s jaws?” ”Can’t you twist that smaller?” said Flask. ”Yes, that’s the law. I should like to see a boat’s crew backing water up to a whale face foremost. […]","https://www.gutenberg.org/files/2701/2701-h/2701-h.htm#link2HCH0049","https://www.wikidata.org/wiki/Q4078"
"51","The Spirit-Spout","Saint Helena","Mentioned locations","-15.95","-5.7166666666667","area","en","[…] off the Cape de Verdes; on the Plate (so called), being off the mouth of the Rio de la Plata; and the Carrol Ground, an unstaked, watery locality, southerly from St. Helena. It was while gliding through these latter waters that one serene and moonlight night, when all the waves rolled by like scrolls of silver; and, by their soft, suffusing seethings, made what seemed a silvery silence, not a solitude; on such a silent night a silvery jet was seen far in advance of the white bubbles at the bow. Lit up by the moon, it looked celestial; seemed some plumed and glittering god uprising from the sea. Fedallah […]","https://www.gutenberg.org/files/2701/2701-h/2701-h.htm#link2HCH0051","https://www.wikidata.org/wiki/Q34497"
"52","The Albatross","Solomon Islands","Mentioned locations","-8","159","area","en","[…] us. Were this world an endless plain, and by sailing eastward we could for ever reach new distances, and discover sights more sweet and strange than any Cyclades or Islands of King Solomon, then there were promise in the voyage. But in pursuit of those far mysteries we dream of, or in tormented chase of that demon phantom that, some time or other, swims before all human hearts; while chasing such over this round globe, they either lead us on in barren mazes or midway leave us whelmed.","https://www.gutenberg.org/files/2701/2701-h/2701-h.htm#link2HCH0052","https://www.wikidata.org/wiki/Q148966"
"52","The Albatross","Pacific Ocean","Mentioned locations","0","-160","area","en","[…] vessel was a Nantucketer and shortly bound home, he loudly hailed—”Ahoy there! This is the Pequod, bound round the world! Tell them to address all future letters to the Pacific ocean! and this time three years, if I am not at home, tell them to address them to ——” At that moment the two wakes were fairly crossed, and instantly, then, in accordance with their singular ways, shoals of small harmless fish, that for some days before had been placidly swimming by our side, darted away with what seemed shuddering fins, and ranged themselves fore and aft with the stranger’s flanks. Though in the course of his continual […]","https://www.gutenberg.org/files/2701/2701-h/2701-h.htm#link2HCH0052","https://en.wikipedia.org/wiki/Pacific_Ocean"
"52","The Albatross","Cyclades","Mentioned locations","37","25.16666667","area","en","[…] the time before us. Were this world an endless plain, and by sailing eastward we could for ever reach new distances, and discover sights more sweet and strange than any Cyclades or Islands of King Solomon, then there were promise in the voyage. But in pursuit of those far mysteries we dream of, or in tormented chase of that demon phantom that, some time or other, swims before all human hearts; while chasing such over this round globe, they either lead us on in barren mazes or midway leave us whelmed.","https://www.gutenberg.org/files/2701/2701-h/2701-h.htm#link2HCH0052","https://en.wikipedia.org/wiki/Cyclades"
"53","The Gam","Broadway","Mentioned locations","40.770139","-73.982069","street","en","[…] in the mid-Atlantic, will oftentimes pass on without so much as a single word of recognition, mutually cutting each other on the high seas, like a brace of dandies in Broadway; and all the time indulging, perhaps, in finical criticism upon each other’s rig. As for Men-of-War, when they chance to meet at sea, they first go through such a string of silly bowings and scrapings, such a ducking of ensigns, that there does not seem to be much right-down hearty good-will and brotherly love about it at all. As touching Slave-ships meeting, why, they are in such a prodigious hurry, they run away from each other as soon […]","https://www.gutenberg.org/files/2701/2701-h/2701-h.htm#link2HCH0053","https://www.wikidata.org/wiki/Q11260"
"53","The Gam","Atlantic Ocean","Mentioned locations","0","-25","area","en","[…] of all ships separately sailing the sea, the whalers have most reason to be sociable—and they are so. Whereas, some merchant ships crossing each other’s wake in the mid-Atlantic, will oftentimes pass on without so much as a single word of recognition, mutually cutting each other on the high seas, like a brace of dandies in Broadway; and all the time indulging, perhaps, in finical criticism upon each other’s rig. As for Men-of-War, when they chance to meet at sea, they first go through such a string of silly bowings and scrapings, such a ducking of ensigns, that there does not seem to be much right-down hearty […]","https://www.gutenberg.org/files/2701/2701-h/2701-h.htm#link2HCH0053","https://en.wikipedia.org/wiki/Atlantic_Ocean"
"53","The Gam","England","Mentioned locations","53.13","-1.38","area","en","[…] in foreign seas, and especially on a common cruising-ground. If two strangers crossing the Pine Barrens in New York State, or the equally desolate Salisbury Plain in England; if casually encountering each other in such inhospitable wilds, these twain, for the life of them, cannot well avoid a mutual salutation; and stopping for a moment to interchange the news; and, perhaps, sitting down for a while and resting in concert: then, how much more natural that upon the illimitable Pine Barrens and Salisbury Plains of the sea, two whaling vessels descrying each other at the ends of the earth—off lone Fanning’s […]","https://www.gutenberg.org/files/2701/2701-h/2701-h.htm#link2HCH0053","https://en.wikipedia.org/wiki/England"
"53","The Gam","Salisbury Plain","Mentioned locations","51.155","-1.809","area","en","[…] meeting each other in foreign seas, and especially on a common cruising-ground. If two strangers crossing the Pine Barrens in New York State, or the equally desolate Salisbury Plain in England; if casually encountering each other in such inhospitable wilds, these twain, for the life of them, cannot well avoid a mutual salutation; and stopping for a moment to interchange the news; and, perhaps, sitting down for a while and resting in concert: then, how much more natural that upon the illimitable Pine Barrens and Salisbury Plains of the sea, two whaling vessels descrying each other at the ends of the earth—off […]","https://www.gutenberg.org/files/2701/2701-h/2701-h.htm#link2HCH0053","https://en.wikipedia.org/wiki/Salisbury_Plain"
"53","The Gam","Tabuaeran","Mentioned locations","3.86","-159.36444444","area","en","[…] how much more natural that upon the illimitable Pine Barrens and Salisbury Plains of the sea, two whaling vessels descrying each other at the ends of the earth—off lone Fanning’s Island, or the far away King’s Mills; how much more natural, I say, that under such circumstances these ships should not only interchange hails, but come into still closer, more friendly and sociable contact. And especially would this seem to be a matter of course, in the case of vessels owned in one seaport, and whose captains, officers, and not a few of the men are personally known to each other; and consequently, have all sorts of […]","https://www.gutenberg.org/files/2701/2701-h/2701-h.htm#link2HCH0053","https://en.wikipedia.org/wiki/Tabuaeran"
"53","The Gam","Gilbert Islands","Mentioned locations","0","174","area","en","[…] illimitable Pine Barrens and Salisbury Plains of the sea, two whaling vessels descrying each other at the ends of the earth—off lone Fanning’s Island, or the far away King’s Mills; how much more natural, I say, that under such circumstances these ships should not only interchange hails, but come into still closer, more friendly and sociable contact. And especially would this seem to be a matter of course, in the case of vessels owned in one seaport, and whose captains, officers, and not a few of the men are personally known to each other; and consequently, have all sorts of dear domestic things to talk about. […]","https://www.gutenberg.org/files/2701/2701-h/2701-h.htm#link2HCH0053","https://en.wikipedia.org/wiki/Gilbert_Islands"
"53","The Gam","New York","Mentioned locations","43","-76","area","en","[…] peculiar usages of whaling-vessels when meeting each other in foreign seas, and especially on a common cruising-ground. If two strangers crossing the Pine Barrens in New York State, or the equally desolate Salisbury Plain in England; if casually encountering each other in such inhospitable wilds, these twain, for the life of them, cannot well avoid a mutual salutation; and stopping for a moment to interchange the news; and, perhaps, sitting down for a while and resting in concert: then, how much more natural that upon the illimitable Pine Barrens and Salisbury Plains of the sea, two whaling vessels descrying […]","https://www.gutenberg.org/files/2701/2701-h/2701-h.htm#link2HCH0053","https://en.wikipedia.org/wiki/New_York_(state)"
"54","The Town-Ho’s Story","Nantucket","Mentioned locations","41.276756","-70.090889","area","en","[…] which are duly answered at the time. ”Some two years prior to my first learning the events which I am about rehearsing to you, gentlemen, the Town-Ho, Sperm Whaler of Nantucket, was cruising in your Pacific here, not very many days’ sail eastward from the eaves of this good Golden Inn. She was somewhere to the northward of the Line. One morning upon handling the pumps, according to daily usage, it was observed that she made more water in her hold than common. They supposed a sword-fish had stabbed her, gentlemen. But the captain, having some unusual reason for believing that rare good luck awaited him in those […]","https://www.gutenberg.org/files/2701/2701-h/2701-h.htm#link2HCH0054","https://www.wikidata.org/wiki/Q49149"
"54","The Town-Ho’s Story","Cape of Good Hope","Mentioned locations","-34.358055555556","18.471944444444","area","en","( As told at the Golden Inn. ) The Cape of Good Hope, and all the watery region round about there, is much like some noted four corners of a great highway, where you meet more travellers than in any other part. It was not very long after speaking the Goney that another homeward-bound whaleman, the Town-Ho,* was encountered. She was manned almost wholly by Polynesians. In the short gam that ensued she gave us strong news of Moby Dick. To some the general interest in the White Whale was now wildly heightened by a circumstance of the Town-Ho’s story, which […]","https://www.gutenberg.org/files/2701/2701-h/2701-h.htm#link2HCH0054","https://www.wikidata.org/wiki/Q4092"
"54","The Town-Ho’s Story","Galápagos Islands","Mentioned locations","-0.66666666666667","-90.55","area","en","[…] affair I now proceed to put on lasting record. *The ancient whale-cry upon first sighting a whale from the mast-head, still used by whalemen in hunting the famous Gallipagos terrapin. For my humor’s sake, I shall preserve the style in which I once narrated it at Lima, to a lounging circle of my Spanish friends, one saint’s eve, smoking upon the thick-gilt tiled piazza of the Golden Inn. Of those fine cavaliers, the young Dons, Pedro and Sebastian, were on the closer terms with me; and hence the interluding questions they occasionally put, and which are duly answered at the time. ”Some two years prior to my […]","https://www.gutenberg.org/files/2701/2701-h/2701-h.htm#link2HCH0054","https://www.wikidata.org/wiki/Q38095"
"54","The Town-Ho’s Story","Callao","Mentioned locations","-12.052222222222222","-77.13916666666667","area","en","[…] shall soon hear further of all that. Now, gentlemen, in square-sail brigs and three-masted ships, well-nigh as large and stout as any that ever sailed out of your old Callao to far Manilla; this Lakeman, in the land-locked heart of our America, had yet been nurtured by all those agrarian freebooting impressions popularly connected with the open ocean. For in their interflowing aggregate, those grand fresh-water seas of ours,—Erie, and Ontario, and Huron, and Superior, and Michigan,—possess an ocean-like expansiveness, with many of the ocean’s noblest traits; with many of its rimmed varieties of races and of […]","https://www.gutenberg.org/files/2701/2701-h/2701-h.htm#link2HCH0054","https://www.wikidata.org/wiki/Q105037"
"54","The Town-Ho’s Story","Atlantic Ocean","Mentioned locations","0","-25","area","en","[…] and of climes. They contain round archipelagoes of romantic isles, even as the Polynesian waters do; in large part, are shored by two great contrasting nations, as the Atlantic is; they furnish long maritime approaches to our numerous territorial colonies from the East, dotted all round their banks; here and there are frowned upon by batteries, and by the goat-like craggy guns of lofty Mackinaw; they have heard the fleet thunderings of naval victories; at intervals, they yield their beaches to wild barbarians, whose red painted faces flash from out their peltry wigwams; for leagues and leagues are flanked by […]","https://www.gutenberg.org/files/2701/2701-h/2701-h.htm#link2HCH0054","https://en.wikipedia.org/wiki/Atlantic_Ocean"
"54","The Town-Ho’s Story","Pacific Ocean","Mentioned locations","0","-160","area","en","[…] time. ”Some two years prior to my first learning the events which I am about rehearsing to you, gentlemen, the Town-Ho, Sperm Whaler of Nantucket, was cruising in your Pacific here, not very many days’ sail eastward from the eaves of this good Golden Inn. She was somewhere to the northward of the Line. One morning upon handling the pumps, according to daily usage, it was observed that she made more water in her hold than common. They supposed a sword-fish had stabbed her, gentlemen. But the captain, having some unusual reason for believing that rare good luck awaited him in those latitudes; and therefore being […]","https://www.gutenberg.org/files/2701/2701-h/2701-h.htm#link2HCH0054","https://en.wikipedia.org/wiki/Pacific_Ocean"
"54","The Town-Ho’s Story","Manila","Mentioned locations","14.595833333333333","120.97722222222222","area","en","[…] further of all that. Now, gentlemen, in square-sail brigs and three-masted ships, well-nigh as large and stout as any that ever sailed out of your old Callao to far Manilla; this Lakeman, in the land-locked heart of our America, had yet been nurtured by all those agrarian freebooting impressions popularly connected with the open ocean. For in their interflowing aggregate, those grand fresh-water seas of ours,—Erie, and Ontario, and Huron, and Superior, and Michigan,—possess an ocean-like expansiveness, with many of the ocean’s noblest traits; with many of its rimmed varieties of races and of climes. They […]","https://www.gutenberg.org/files/2701/2701-h/2701-h.htm#link2HCH0054","https://www.wikidata.org/wiki/Q1461"
"54","The Town-Ho’s Story","Buffalo, New York","Mentioned locations","42.88638889","-78.87805556","area","en","[…] fatality, had it not been for the brutal overbearing of Radney, the mate, a Vineyarder, and the bitterly provoked vengeance of Steelkilt, a Lakeman and desperado from Buffalo. ”’Lakeman!—Buffalo! Pray, what is a Lakeman, and where is Buffalo?’ said Don Sebastian, rising in his swinging mat of grass. ”On the eastern shore of our Lake Erie, Don; but—I crave your courtesy—may be, you shall soon hear further of all that. Now, gentlemen, in square-sail brigs and three-masted ships, well-nigh as large and stout as any that ever sailed out of your old Callao to far Manilla; this Lakeman, in the land-locked heart of […]","https://www.gutenberg.org/files/2701/2701-h/2701-h.htm#link2HCH0054","https://en.wikipedia.org/wiki/Buffalo%2C_New_York"
"54","The Town-Ho’s Story","Mackinac Island","Mentioned locations","45.861111111111","-84.630555555556","area","en","[…] our numerous territorial colonies from the East, dotted all round their banks; here and there are frowned upon by batteries, and by the goat-like craggy guns of lofty Mackinaw; they have heard the fleet thunderings of naval victories; at intervals, they yield their beaches to wild barbarians, whose red painted faces flash from out their peltry wigwams; for leagues and leagues are flanked by ancient and unentered forests, where the gaunt pines stand like serried lines of kings in Gothic genealogies; those same woods harboring wild Afric beasts of prey, and silken creatures whose exported furs give robes to […]","https://www.gutenberg.org/files/2701/2701-h/2701-h.htm#link2HCH0054","https://www.wikidata.org/wiki/Q1431148"
"54","The Town-Ho’s Story","Erie Canal","Mentioned locations","42.7834","-73.6767","area","en","[…] have seen many whale-ships in our harbours, but never heard of your Canallers. Pardon: who and what are they?’ ”’Canallers, Don, are the boatmen belonging to our grand Erie Canal. You must have heard of it.’ ”’Nay, Senor; hereabouts in this dull, warm, most lazy, and hereditary land, we know but little of your vigorous North.’ ”’Aye? Well then, Don, refill my cup. Your chicha’s very fine; and ere proceeding further I will tell ye what our Canallers are; for such information may throw side-light upon my story.’ ”For three hundred and sixty miles, gentlemen, through the entire breadth of the state of New York; […]","https://www.gutenberg.org/files/2701/2701-h/2701-h.htm#link2HCH0054","https://en.wikipedia.org/wiki/Erie_Canal"
"54","The Town-Ho’s Story","Lake Michigan","Mentioned locations","44.007874","-86.756451","area","en","[…] popularly connected with the open ocean. For in their interflowing aggregate, those grand fresh-water seas of ours,—Erie, and Ontario, and Huron, and Superior, and Michigan,—possess an ocean-like expansiveness, with many of the ocean’s noblest traits; with many of its rimmed varieties of races and of climes. They contain round archipelagoes of romantic isles, even as the Polynesian waters do; in large part, are shored by two great contrasting nations, as the Atlantic is; they furnish long maritime approaches to our numerous territorial colonies from the East, dotted all round their banks; here and there are […]","https://www.gutenberg.org/files/2701/2701-h/2701-h.htm#link2HCH0054","https://www.wikidata.org/wiki/Q1169"
"54","The Town-Ho’s Story","Venice","Mentioned locations","45.439722222222","12.331944444444","area","en","[…] the name of all us Limeese, I but desire to express to you, sir sailor, that we have by no means overlooked your delicacy in not substituting present Lima for distant Venice in your corrupt comparison. Oh! do not bow and look surprised; you know the proverb all along this coast—”Corrupt as Lima.” It but bears out your saying, too; churches more plentiful than billiard-tables, and for ever open—and ”Corrupt as Lima.” So, too, Venice; I have been there; the holy city of the blessed evangelist, St. Mark!—St. Dominic, purge it! Your cup! Thanks: here I refill; now, you pour out again.’ ”Freely depicted in his own […]","https://www.gutenberg.org/files/2701/2701-h/2701-h.htm#link2HCH0054","https://www.wikidata.org/wiki/Q641"
"54","The Town-Ho’s Story","Tenerife","Mentioned locations","28.268611111111","-16.605555555556","area","en","[…] the damning thing he would have done. ”It was just between daybreak and sunrise of the morning of the second day, when they were washing down the decks, that a stupid Teneriffe man, drawing water in the main-chains, all at once shouted out, ’There she rolls! there she rolls!’ Jesu, what a whale! It was Moby Dick. ”’Moby Dick!’ cried Don Sebastian; ’St. Dominic! Sir sailor, but do whales have christenings? Whom call you Moby Dick?’ ”’A very white, and famous, and most deadly immortal monster, Don;—but that would be too long a story.’ ”’How? how?’ cried all the young Spaniards, crowding. ”’Nay, Dons, Dons—nay, […]","https://www.gutenberg.org/files/2701/2701-h/2701-h.htm#link2HCH0054","https://www.wikidata.org/wiki/Q40846"
"54","The Town-Ho’s Story","Nile","Mentioned locations","30.1725","31.14","area","en","[…] the Canaller would make a fine dramatic hero, so abundantly and picturesquely wicked is he. Like Mark Antony, for days and days along his green-turfed, flowery Nile, he indolently floats, openly toying with his red-cheeked Cleopatra, ripening his apricot thigh upon the sunny deck. But ashore, all this effeminacy is dashed. The brigandish guise which the Canaller so proudly sports; his slouched and gaily-ribboned hat betoken his grand features. A terror to the smiling innocence of the villages through which he floats; his swart visage and bold swagger are not unshunned in cities. Once a vagabond on his […]","https://www.gutenberg.org/files/2701/2701-h/2701-h.htm#link2HCH0054","https://en.wikipedia.org/wiki/Nile"
"54","The Town-Ho’s Story","France","Mentioned locations","47","2","area","en","[…] trees, Steelkilt made sail again, and in due time arrived at Tahiti, his own place of destination. There, luck befriended him; two ships were about to sail for France, and were providentially in want of precisely that number of men which the sailor headed. They embarked; and so for ever got the start of their former captain, had he been at all minded to work them legal retribution. ”Some ten days after the French ships sailed, the whale-boat arrived, and the captain was forced to enlist some of the more civilized Tahitians, who had been somewhat used to the sea. Chartering a small native schooner, he […]","https://www.gutenberg.org/files/2701/2701-h/2701-h.htm#link2HCH0054","https://www.wikidata.org/wiki/Q142"
"54","The Town-Ho’s Story","Lake Erie","Mentioned locations","42.2","-81.2","area","en","[…] from Buffalo. ”’Lakeman!—Buffalo! Pray, what is a Lakeman, and where is Buffalo?’ said Don Sebastian, rising in his swinging mat of grass. ”On the eastern shore of our Lake Erie, Don; but—I crave your courtesy—may be, you shall soon hear further of all that. Now, gentlemen, in square-sail brigs and three-masted ships, well-nigh as large and stout as any that ever sailed out of your old Callao to far Manilla; this Lakeman, in the land-locked heart of our America, had yet been nurtured by all those agrarian freebooting impressions popularly connected with the open ocean. For in their interflowing aggregate, those […]","https://www.gutenberg.org/files/2701/2701-h/2701-h.htm#link2HCH0054","https://en.wikipedia.org/wiki/Lake_Erie"
"54","The Town-Ho’s Story","Lake Ontario","Mentioned locations","43.7","-77.9","area","en","[…] all those agrarian freebooting impressions popularly connected with the open ocean. For in their interflowing aggregate, those grand fresh-water seas of ours,—Erie, and Ontario, and Huron, and Superior, and Michigan,—possess an ocean-like expansiveness, with many of the ocean’s noblest traits; with many of its rimmed varieties of races and of climes. They contain round archipelagoes of romantic isles, even as the Polynesian waters do; in large part, are shored by two great contrasting nations, as the Atlantic is; they furnish long maritime approaches to our numerous territorial colonies from the East, dotted all […]","https://www.gutenberg.org/files/2701/2701-h/2701-h.htm#link2HCH0054","https://en.wikipedia.org/wiki/Lake_Ontario"
"54","The Town-Ho’s Story","Lake Huron","Mentioned locations","44.8","-82.4","area","en","[…] freebooting impressions popularly connected with the open ocean. For in their interflowing aggregate, those grand fresh-water seas of ours,—Erie, and Ontario, and Huron, and Superior, and Michigan,—possess an ocean-like expansiveness, with many of the ocean’s noblest traits; with many of its rimmed varieties of races and of climes. They contain round archipelagoes of romantic isles, even as the Polynesian waters do; in large part, are shored by two great contrasting nations, as the Atlantic is; they furnish long maritime approaches to our numerous territorial colonies from the East, dotted all round their […]","https://www.gutenberg.org/files/2701/2701-h/2701-h.htm#link2HCH0054","https://en.wikipedia.org/wiki/Lake_Huron"
"54","The Town-Ho’s Story","Lake Superior","Mentioned locations","47.7","-87.5","area","en","[…] impressions popularly connected with the open ocean. For in their interflowing aggregate, those grand fresh-water seas of ours,—Erie, and Ontario, and Huron, and Superior, and Michigan,—possess an ocean-like expansiveness, with many of the ocean’s noblest traits; with many of its rimmed varieties of races and of climes. They contain round archipelagoes of romantic isles, even as the Polynesian waters do; in large part, are shored by two great contrasting nations, as the Atlantic is; they furnish long maritime approaches to our numerous territorial colonies from the East, dotted all round their banks; here […]","https://www.gutenberg.org/files/2701/2701-h/2701-h.htm#link2HCH0054","https://en.wikipedia.org/wiki/Lake_Superior"
"54","The Town-Ho’s Story","Cleveland","Mentioned locations","41.4992","-81.6947","area","en","[…] same woods harboring wild Afric beasts of prey, and silken creatures whose exported furs give robes to Tartar Emperors; they mirror the paved capitals of Buffalo and Cleveland, as well as Winnebago villages; they float alike the full-rigged merchant ship, the armed cruiser of the State, the steamer, and the beech canoe; they are swept by Borean and dismasting blasts as direful as any that lash the salted wave; they know what shipwrecks are, for out of sight of land, however inland, they have drowned full many a midnight ship with all its shrieking crew. Thus, gentlemen, though an inlander, Steelkilt was […]","https://www.gutenberg.org/files/2701/2701-h/2701-h.htm#link2HCH0054","https://en.wikipedia.org/wiki/Cleveland"
"54","The Town-Ho’s Story","Sydney","Mentioned locations","-33.86777778","151.21","area","en","[…] canal life is, is emphatically evinced by this; that our wild whale-fishery contains so many of its most finished graduates, and that scarce any race of mankind, except Sydney men, are so much distrusted by our whaling captains. Nor does it at all diminish the curiousness of this matter, that to many thousands of our rural boys and young men born along its line, the probationary life of the Grand Canal furnishes the sole transition between quietly reaping in a Christian corn-field, and recklessly ploughing the waters of the most barbaric seas. ”’I see! I see!’ impetuously exclaimed Don Pedro, spilling his chicha […]","https://www.gutenberg.org/files/2701/2701-h/2701-h.htm#link2HCH0054","https://en.wikipedia.org/wiki/Sydney"
"54","The Town-Ho’s Story","New York","Mentioned locations","43","-76","area","en","[…] ye what our Canallers are; for such information may throw side-light upon my story.’ ”For three hundred and sixty miles, gentlemen, through the entire breadth of the state of New York; through numerous populous cities and most thriving villages; through long, dismal, uninhabited swamps, and affluent, cultivated fields, unrivalled for fertility; by billiard-room and bar-room; through the holy-of-holies of great forests; on Roman arches over Indian rivers; through sun and shade; by happy hearts or broken; through all the wide contrasting scenery of those noble Mohawk counties; and especially, by rows of […]","https://www.gutenberg.org/files/2701/2701-h/2701-h.htm#link2HCH0054","https://en.wikipedia.org/wiki/New_York_(state)"
"54","The Town-Ho’s Story","United States","Mentioned locations","39.828175","-98.5795","area","en","[…] brigs and three-masted ships, well-nigh as large and stout as any that ever sailed out of your old Callao to far Manilla; this Lakeman, in the land-locked heart of our America, had yet been nurtured by all those agrarian freebooting impressions popularly connected with the open ocean. For in their interflowing aggregate, those grand fresh-water seas of ours,—Erie, and Ontario, and Huron, and Superior, and Michigan,—possess an ocean-like expansiveness, with many of the ocean’s noblest traits; with many of its rimmed varieties of races and of climes. They contain round archipelagoes of romantic isles, even as the […]","https://www.gutenberg.org/files/2701/2701-h/2701-h.htm#link2HCH0054","https://www.wikidata.org/wiki/Q30"
"55","Of the Monstrous Pictures of Whales","Nantucket","Mentioned locations","41.276756","-70.090889","area","en","[…] Whales, in which he gives what he calls a picture of the Sperm Whale. Before showing that picture to any Nantucketer, you had best provide for your summary retreat from Nantucket. In a word, Frederick Cuvier’s Sperm Whale is not a Sperm Whale, but a squash. Of course, he never had the benefit of a whaling voyage (such men seldom have), but whence he derived that picture, who can tell? Perhaps he got it as his scientific predecessor in the same field, Desmarest, got one of his authentic abortions; that is, from a Chinese drawing. And what sort of lively lads with the pencil those Chinese are, many queer cups and […]","https://www.gutenberg.org/files/2701/2701-h/2701-h.htm#link2HCH0055","https://www.wikidata.org/wiki/Q49149"
"55","Of the Monstrous Pictures of Whales","Spitsbergen","Mentioned locations","78.75","16","area","en","[…] those who know. In old Harris’s collection of voyages there are some plates of whales extracted from a Dutch book of voyages, A.D. 1671, entitled ”A Whaling Voyage to Spitzbergen in the ship Jonas in the Whale, Peter Peterson of Friesland, master.” In one of those plates the whales, like great rafts of logs, are represented lying among ice-isles, with white bears running over their living backs. In another plate, the prodigious blunder is made of representing the whale with perpendicular flukes. Then again, there is an imposing quarto, written by one Captain Colnett, a Post Captain in the English navy, […]","https://www.gutenberg.org/files/2701/2701-h/2701-h.htm#link2HCH0055","https://www.wikidata.org/wiki/Q21162"
"55","Of the Monstrous Pictures of Whales","Saratoga Springs, New York","Mentioned locations","43.075277777778","-73.7825","area","en","[…] other embellishments of some ancient books you will at times meet with very curious touches at the whale, where all manner of spouts, jets d’eau, hot springs and cold, Saratoga and Baden-Baden, come bubbling up from his unexhausted brain. In the title-page of the original edition of the ”Advancement of Learning” you will find some curious whales. But quitting all these unprofessional attempts, let us glance at those pictures of leviathan purporting to be sober, scientific delineations, by those who know. In old Harris’s collection of voyages there are some plates of whales extracted from a Dutch book of […]","https://www.gutenberg.org/files/2701/2701-h/2701-h.htm#link2HCH0055","https://www.wikidata.org/wiki/Q1144357"
"55","Of the Monstrous Pictures of Whales","London","Mentioned locations","51.50722222","-0.1275","area","en","[…] History for the benefit of the young and tender, free from the same heinousness of mistake. Look at that popular work ”Goldsmith’s Animated Nature.” In the abridged London edition of 1807, there are plates of an alleged ”whale” and a ”narwhale.” I do not wish to seem inelegant, but this unsightly whale looks much like an amputated sow; and, as for the narwhale, one glimpse at it is enough to amaze one, that in this nineteenth century such a hippogriff could be palmed for genuine upon any intelligent public of schoolboys. Then, again, in 1825, Bernard Germain, Count de Lacépède, a great naturalist, published […]","https://www.gutenberg.org/files/2701/2701-h/2701-h.htm#link2HCH0055","https://en.wikipedia.org/wiki/London"
"55","Of the Monstrous Pictures of Whales","River Thames","Mentioned locations","51.5","0.61","area","en","[…] of water. It has a sort of howdah on its back, and its distended tusked mouth into which the billows are rolling, might be taken for the Traitors’ Gate leading from the Thames by water into the Tower. Then, there are the Prodromus whales of old Scotch Sibbald, and Jonah’s whale, as depicted in the prints of old Bibles and the cuts of old primers. What shall be said of these? As for the book-binder’s whale winding like a vine-stalk round the stock of a descending anchor—as stamped and gilded on the backs and title-pages of many books both old and new—that is a very picturesque but purely fabulous creature, […]","https://www.gutenberg.org/files/2701/2701-h/2701-h.htm#link2HCH0055","https://www.wikidata.org/wiki/Q19686"
"55","Of the Monstrous Pictures of Whales","Elephanta Island","Mentioned locations","18.9625","72.93388888888889","area","en","[…] scientific presentations of him. Now, by all odds, the most ancient extant portrait anyways purporting to be the whale’s, is to be found in the famous cavern-pagoda of Elephanta, in India. The Brahmins maintain that in the almost endless sculptures of that immemorial pagoda, all the trades and pursuits, every conceivable avocation of man, were prefigured ages before any of them actually came into being. No wonder then, that in some sort our noble profession of whaling should have been there shadowed forth. The Hindoo whale referred to, occurs in a separate department of the wall, depicting the incarnation of […]","https://www.gutenberg.org/files/2701/2701-h/2701-h.htm#link2HCH0055","https://www.wikidata.org/wiki/Q175304"
"55","Of the Monstrous Pictures of Whales","Mexico","Mentioned locations","23","-102","area","en","[…] Spermaceti Whale Fisheries.” In this book is an outline purporting to be a ”Picture of a Physeter or Spermaceti whale, drawn by scale from one killed on the coast of Mexico, August, 1793, and hoisted on deck.” I doubt not the captain had this veracious picture taken for the benefit of his marines. To mention but one thing about it, let me say that it has an eye which applied, according to the accompanying scale, to a full grown sperm whale, would make the eye of that whale a bow-window some five feet long. Ah, my gallant captain, why did ye not give us Jonah looking out of that eye! Nor are the most […]","https://www.gutenberg.org/files/2701/2701-h/2701-h.htm#link2HCH0055","https://www.wikidata.org/wiki/Q96"
"55","Of the Monstrous Pictures of Whales","Cape Horn","Mentioned locations","-55.98","-67.289166666667","area","en","[…] whale with perpendicular flukes. Then again, there is an imposing quarto, written by one Captain Colnett, a Post Captain in the English navy, entitled ”A Voyage round Cape Horn into the South Seas, for the purpose of extending the Spermaceti Whale Fisheries.” In this book is an outline purporting to be a ”Picture of a Physeter or Spermaceti whale, drawn by scale from one killed on the coast of Mexico, August, 1793, and hoisted on deck.” I doubt not the captain had this veracious picture taken for the benefit of his marines. To mention but one thing about it, let me say that it has an eye which applied, […]","https://www.gutenberg.org/files/2701/2701-h/2701-h.htm#link2HCH0055","https://www.wikidata.org/wiki/Q4078"
"55","Of the Monstrous Pictures of Whales","India","Mentioned locations","21","78","area","en","[…] of him. Now, by all odds, the most ancient extant portrait anyways purporting to be the whale’s, is to be found in the famous cavern-pagoda of Elephanta, in India. The Brahmins maintain that in the almost endless sculptures of that immemorial pagoda, all the trades and pursuits, every conceivable avocation of man, were prefigured ages before any of them actually came into being. No wonder then, that in some sort our noble profession of whaling should have been there shadowed forth. The Hindoo whale referred to, occurs in a separate department of the wall, depicting the incarnation of Vishnu in the […]","https://www.gutenberg.org/files/2701/2701-h/2701-h.htm#link2HCH0055","https://en.wikipedia.org/wiki/India"
"55","Of the Monstrous Pictures of Whales","Baden-Baden","Mentioned locations","48.76277778","8.24083333","area","en","[…] of some ancient books you will at times meet with very curious touches at the whale, where all manner of spouts, jets d’eau, hot springs and cold, Saratoga and Baden-Baden, come bubbling up from his unexhausted brain. In the title-page of the original edition of the ”Advancement of Learning” you will find some curious whales. But quitting all these unprofessional attempts, let us glance at those pictures of leviathan purporting to be sober, scientific delineations, by those who know. In old Harris’s collection of voyages there are some plates of whales extracted from a Dutch book of voyages, A.D. 1671, […]","https://www.gutenberg.org/files/2701/2701-h/2701-h.htm#link2HCH0055","https://en.wikipedia.org/wiki/Baden-Baden"
"55","Of the Monstrous Pictures of Whales","Friesland","Mentioned locations","53.2014","5.8","area","en","[…] are some plates of whales extracted from a Dutch book of voyages, A.D. 1671, entitled ”A Whaling Voyage to Spitzbergen in the ship Jonas in the Whale, Peter Peterson of Friesland, master.” In one of those plates the whales, like great rafts of logs, are represented lying among ice-isles, with white bears running over their living backs. In another plate, the prodigious blunder is made of representing the whale with perpendicular flukes. Then again, there is an imposing quarto, written by one Captain Colnett, a Post Captain in the English navy, entitled ”A Voyage round Cape Horn into the South Seas, for the […]","https://www.gutenberg.org/files/2701/2701-h/2701-h.htm#link2HCH0055","https://en.wikipedia.org/wiki/Friesland"
"56","Of the Less Erroneous Pictures of Whales, and the True Pictures of Whaling Scenes","Pacific Ocean","Mentioned locations","0","-160","area","en","[…] One of them, though not precisely adapted to our present purpose, nevertheless deserves mention on other accounts. It is a quiet noon-scene among the isles of the Pacific; a French whaler anchored, inshore, in a calm, and lazily taking water on board; the loosened sails of the ship, and the long leaves of the palms in the background, both drooping together in the breezeless air. The effect is very fine, when considered with reference to its presenting the hardy fishermen under one of their few aspects of oriental repose. The other engraving is quite a different affair: the ship hove-to upon the open sea, […]","https://www.gutenberg.org/files/2701/2701-h/2701-h.htm#link2HCH0056","https://en.wikipedia.org/wiki/Pacific_Ocean"
"56","Of the Less Erroneous Pictures of Whales, and the True Pictures of Whaling Scenes","Greenland","Mentioned locations","72","-40","area","en","[…] voyager (I honor him for a veteran), but in so important a matter it was certainly an oversight not to have procured for every crystal a sworn affidavit taken before a Greenland Justice of the Peace. In addition to those fine engravings from Garnery, there are two other French engravings worthy of note, by some one who subscribes himself ”H. Durand.” One of them, though not precisely adapted to our present purpose, nevertheless deserves mention on other accounts. It is a quiet noon-scene among the isles of the Pacific; a French whaler anchored, inshore, in a calm, and lazily taking water on board; the loosened […]","https://www.gutenberg.org/files/2701/2701-h/2701-h.htm#link2HCH0056","https://en.wikipedia.org/wiki/Greenland"
"56","Of the Less Erroneous Pictures of Whales, and the True Pictures of Whaling Scenes","England","Mentioned locations","53.13","-1.38","area","en","[…] for seizing the picturesqueness of things seems to be peculiarly evinced in what paintings and engravings they have of their whaling scenes. With not one tenth of England’s experience in the fishery, and not the thousandth part of that of the Americans, they have nevertheless furnished both nations with the only finished sketches at all capable of conveying the real spirit of the whale hunt. For the most part, the English and American whale draughtsmen seem entirely content with presenting the mechanical outline of things, such as the vacant profile of the whale; which, so far as picturesqueness of effect […]","https://www.gutenberg.org/files/2701/2701-h/2701-h.htm#link2HCH0056","https://en.wikipedia.org/wiki/England"
"56","Of the Less Erroneous Pictures of Whales, and the True Pictures of Whaling Scenes","France","Mentioned locations","47","2","area","en","[…] and breathing commotion on canvas, as in that triumphal hall at Versailles; where the beholder fights his way, pell-mell, through the consecutive great battles of France; where every sword seems a flash of the Northern Lights, and the successive armed kings and Emperors dash by, like a charge of crowned centaurs? Not wholly unworthy of a place in that gallery, are these sea battle-pieces of Garnery. The natural aptitude of the French for seizing the picturesqueness of things seems to be peculiarly evinced in what paintings and engravings they have of their whaling scenes. With not one tenth of England’s […]","https://www.gutenberg.org/files/2701/2701-h/2701-h.htm#link2HCH0056","https://www.wikidata.org/wiki/Q142"
"56","Of the Less Erroneous Pictures of Whales, and the True Pictures of Whaling Scenes","Europe","Mentioned locations","53.5","15.5","area","en","[…] with his subject, or else marvellously tutored by some experienced whaleman. The French are the lads for painting action. Go and gaze upon all the paintings of Europe, and where will you find such a gallery of living and breathing commotion on canvas, as in that triumphal hall at Versailles; where the beholder fights his way, pell-mell, through the consecutive great battles of France; where every sword seems a flash of the Northern Lights, and the successive armed kings and Emperors dash by, like a charge of crowned centaurs? Not wholly unworthy of a place in that gallery, are these sea battle-pieces of […]","https://www.gutenberg.org/files/2701/2701-h/2701-h.htm#link2HCH0056","https://www.wikidata.org/wiki/Q46"
"56","Of the Less Erroneous Pictures of Whales, and the True Pictures of Whaling Scenes","Palace of Versailles","Mentioned locations","48.8047","2.1203","building","en","[…] action. Go and gaze upon all the paintings of Europe, and where will you find such a gallery of living and breathing commotion on canvas, as in that triumphal hall at Versailles; where the beholder fights his way, pell-mell, through the consecutive great battles of France; where every sword seems a flash of the Northern Lights, and the successive armed kings and Emperors dash by, like a charge of crowned centaurs? Not wholly unworthy of a place in that gallery, are these sea battle-pieces of Garnery. The natural aptitude of the French for seizing the picturesqueness of things seems to be peculiarly evinced in […]","https://www.gutenberg.org/files/2701/2701-h/2701-h.htm#link2HCH0056","https://en.wikipedia.org/wiki/Palace_of_Versailles"
"57","Of Whales in Paint; in Teeth; in Wood; in Sheet-Iron; in Stone; in Mountains; in Stars","New Bedford, Massachusetts","Mentioned locations","41.636111111111","-70.934722222222","area","en","[…] stump-speech does the poor whaleman make; but, with downcast eyes, stands ruefully contemplating his own amputation. Throughout the Pacific, and also in Nantucket, and New Bedford, and Sag Harbor, you will come across lively sketches of whales and whaling-scenes, graven by the fishermen themselves on Sperm Whale-teeth, or ladies’ busks wrought out of the Right Whale-bone, and other like skrimshander articles, as the whalemen call the numerous little ingenious contrivances they elaborately carve out of the rough material, in their hours of ocean leisure. Some of them have little boxes of dentistical-looking […]","https://www.gutenberg.org/files/2701/2701-h/2701-h.htm#link2HCH0057","https://www.wikidata.org/wiki/Q49147"
"57","Of Whales in Paint; in Teeth; in Wood; in Sheet-Iron; in Stone; in Mountains; in Stars","Nantucket","Mentioned locations","41.276756","-70.090889","area","en","[…] stump, never a stump-speech does the poor whaleman make; but, with downcast eyes, stands ruefully contemplating his own amputation. Throughout the Pacific, and also in Nantucket, and New Bedford, and Sag Harbor, you will come across lively sketches of whales and whaling-scenes, graven by the fishermen themselves on Sperm Whale-teeth, or ladies’ busks wrought out of the Right Whale-bone, and other like skrimshander articles, as the whalemen call the numerous little ingenious contrivances they elaborately carve out of the rough material, in their hours of ocean leisure. Some of them have little boxes of […]","https://www.gutenberg.org/files/2701/2701-h/2701-h.htm#link2HCH0057","https://www.wikidata.org/wiki/Q49149"
"57","Of Whales in Paint; in Teeth; in Wood; in Sheet-Iron; in Stone; in Mountains; in Stars","Sag Harbor, New York","Mentioned locations","40.9967","-72.2922","area","en","[…] the poor whaleman make; but, with downcast eyes, stands ruefully contemplating his own amputation. Throughout the Pacific, and also in Nantucket, and New Bedford, and Sag Harbor, you will come across lively sketches of whales and whaling-scenes, graven by the fishermen themselves on Sperm Whale-teeth, or ladies’ busks wrought out of the Right Whale-bone, and other like skrimshander articles, as the whalemen call the numerous little ingenious contrivances they elaborately carve out of the rough material, in their hours of ocean leisure. Some of them have little boxes of dentistical-looking implements, specially […]","https://www.gutenberg.org/files/2701/2701-h/2701-h.htm#link2HCH0057","https://www.wikidata.org/wiki/Q3087814"
"57","Of Whales in Paint; in Teeth; in Wood; in Sheet-Iron; in Stone; in Mountains; in Stars","Solomon Islands","Mentioned locations","-8","159","area","en","[…] your first stand-point, else so chance-like are such observations of the hills, that your precise, previous stand-point would require a laborious re-discovery; like the Soloma Islands, which still remain incognita, though once high-ruffed Mendanna trod them and old Figuera chronicled them. Nor when expandingly lifted by your subject, can you fail to trace out great whales in the starry heavens, and boats in pursuit of them; as when long filled with thoughts of war the Eastern nations saw armies locked in battle among the clouds. Thus at the North have I chased Leviathan round and round the Pole with the […]","https://www.gutenberg.org/files/2701/2701-h/2701-h.htm#link2HCH0057","https://www.wikidata.org/wiki/Q148966"
"57","Of Whales in Paint; in Teeth; in Wood; in Sheet-Iron; in Stone; in Mountains; in Stars","Pacific Ocean","Mentioned locations","0","-160","area","en","[…] ever mounted on that stump, never a stump-speech does the poor whaleman make; but, with downcast eyes, stands ruefully contemplating his own amputation. Throughout the Pacific, and also in Nantucket, and New Bedford, and Sag Harbor, you will come across lively sketches of whales and whaling-scenes, graven by the fishermen themselves on Sperm Whale-teeth, or ladies’ busks wrought out of the Right Whale-bone, and other like skrimshander articles, as the whalemen call the numerous little ingenious contrivances they elaborately carve out of the rough material, in their hours of ocean leisure. Some of them have […]","https://www.gutenberg.org/files/2701/2701-h/2701-h.htm#link2HCH0057","https://en.wikipedia.org/wiki/Pacific_Ocean"
"57","Of Whales in Paint; in Teeth; in Wood; in Sheet-Iron; in Stone; in Mountains; in Stars","London","Mentioned locations","51.50722222","-0.1275","area","en","On Tower-hill, as you go down to the London docks, you may have seen a crippled beggar (or kedger , as the sailors say) holding a painted board before him, representing the tragic scene in which he lost his leg. There are three whales and three boats; and one of the boats (presumed to contain the missing leg in all its original integrity) is being crunched by the jaws of the foremost whale. Any time these ten years, they tell me, has that man held up that picture, and exhibited that stump to an incredulous world. But the time of his justification has now […]","https://www.gutenberg.org/files/2701/2701-h/2701-h.htm#link2HCH0057","https://en.wikipedia.org/wiki/London"
"57","Of Whales in Paint; in Teeth; in Wood; in Sheet-Iron; in Stone; in Mountains; in Stars","Wapping High Street","Mentioned locations","51.504317637504","-0.056106092264","street","en","[…] picture, and exhibited that stump to an incredulous world. But the time of his justification has now come. His three whales are as good whales as were ever published in Wapping, at any rate; and his stump as unquestionable a stump as any you will find in the western clearings. But, though for ever mounted on that stump, never a stump-speech does the poor whaleman make; but, with downcast eyes, stands ruefully contemplating his own amputation. Throughout the Pacific, and also in Nantucket, and New Bedford, and Sag Harbor, you will come across lively sketches of whales and whaling-scenes, graven by the fishermen […]","https://www.gutenberg.org/files/2701/2701-h/2701-h.htm#link2HCH0057","https://geocode.arcgis.com/arcgis/rest/services/World/GeocodeServer/findAddressCandidates?f=json&outSR=4326&outFields=*&SingleLine=Wapping%20High%20Street%2C%20London"
"58","Brit","Tahiti","Mentioned locations","-17.666666666667","-149.46666666667","area","en","[…] and do you not find a strange analogy to something in yourself? For as this appalling ocean surrounds the verdant land, so in the soul of man there lies one insular Tahiti, full of peace and joy, but encompassed by all the horrors of the half known life. God keep thee! Push not off from that isle, thou canst never return!","https://www.gutenberg.org/files/2701/2701-h/2701-h.htm#link2HCH0058","https://www.wikidata.org/wiki/Q42000"
"58","Brit","Newfoundland","Mentioned locations","48.5416666","-56.1249997","area","en","[…] behind them endless swaths of blue upon the yellow sea.* *That part of the sea known among whalemen as the ”Brazil Banks” does not bear that name as the Banks of Newfoundland do, because of there being shallows and soundings there, but because of this remarkable meadow-like appearance, caused by the vast drifts of brit continually floating in those latitudes, where the Right Whale is often chased. But it was only the sound they made as they parted the brit which at all reminded one of mowers. Seen from the mast-heads, especially when they paused and were stationary for a while, their vast black forms […]","https://www.gutenberg.org/files/2701/2701-h/2701-h.htm#link2HCH0058","https://www.wikidata.org/wiki/Q48335"
"58","Brit","India","Mentioned locations","21","78","area","en","[…] paused and were stationary for a while, their vast black forms looked more like lifeless masses of rock than anything else. And as in the great hunting countries of India, the stranger at a distance will sometimes pass on the plains recumbent elephants without knowing them to be such, taking them for bare, blackened elevations of the soil; even so, often, with him, who for the first time beholds this species of the leviathans of the sea. And even when recognised at last, their immense magnitude renders it very hard really to believe that such bulky masses of overgrowth can possibly be instinct, in all parts, […]","https://www.gutenberg.org/files/2701/2701-h/2701-h.htm#link2HCH0058","https://en.wikipedia.org/wiki/India"
"58","Brit","Grand Banks of Newfoundland","Mentioned locations","45.23694444","-50.98922222","area","en","[…] and leaving behind them endless swaths of blue upon the yellow sea.* *That part of the sea known among whalemen as the ”Brazil Banks” does not bear that name as the Banks of Newfoundland do, because of there being shallows and soundings there, but because of this remarkable meadow-like appearance, caused by the vast drifts of brit continually floating in those latitudes, where the Right Whale is often chased. But it was only the sound they made as they parted the brit which at all reminded one of mowers. Seen from the mast-heads, especially when they paused and were stationary for a while, their vast black […]","https://www.gutenberg.org/files/2701/2701-h/2701-h.htm#link2HCH0058","https://en.wikipedia.org/wiki/Grand_Banks_of_Newfoundland"
"59","Squid","Java","Mentioned locations","-7.31166666666667","109.418330555556","area","en","Slowly wading through the meadows of brit, the Pequod still held on her way north-eastward towards the island of Java; a gentle air impelling her keel, so that in the surrounding serenity her three tall tapering masts mildly waved to that languid breeze, as three mild palms on a plain. And still, at wide intervals in the silvery night, the lonely, alluring jet would be seen. But one transparent blue morning, when a stillness almost preternatural spread over the sea, however unattended with any stagnant calm; when the long burnished sun-glade on the waters […]","https://www.gutenberg.org/files/2701/2701-h/2701-h.htm#link2HCH0059","https://www.wikidata.org/wiki/Q3757"
"60","The Line","Calais","Mentioned locations","50.94805556","1.85638889","area","en","[…] never heard over your mahogany, than you will hear over the half-inch white cedar of the whale-boat, when thus hung in hangman’s nooses; and, like the six burghers of Calais before King Edward, the six men composing the crew pull into the jaws of death, with a halter around every neck, as you may say. Perhaps a very little thought will now enable you to account for those repeated whaling disasters—some few of which are casually chronicled—of this man or that man being taken out of the boat by the line, and lost. For, when the line is darting out, to be seated then in the boat, is like being seated in the midst […]","https://www.gutenberg.org/files/2701/2701-h/2701-h.htm#link2HCH0060","https://en.wikipedia.org/wiki/Calais"
"61","Stubb Kills a Whale","Río de la Plata","Mentioned locations","-34.883055555556","-56.713611111111","area","en","[…] call a lively ground; that is, it affords fewer glimpses of porpoises, dolphins, flying-fish, and other vivacious denizens of more stirring waters, than those off the Rio de la Plata, or the in-shore ground off Peru. It was my turn to stand at the foremast-head; and with my shoulders leaning against the slackened royal shrouds, to and fro I idly swayed in what seemed an enchanted air. No resolution could withstand it; in that dreamy mood losing all consciousness, at last my soul went out of my body; though my body still continued to sway as a pendulum will, long after the power which first moved it is […]","https://www.gutenberg.org/files/2701/2701-h/2701-h.htm#link2HCH0061","https://www.wikidata.org/wiki/Q35827"
"61","Stubb Kills a Whale","Indian Ocean","Mentioned locations","-20","80","area","en","[…] still and sultry, and with nothing special to engage them, the Pequod’s crew could hardly resist the spell of sleep induced by such a vacant sea. For this part of the Indian Ocean through which we then were voyaging is not what whalemen call a lively ground; that is, it affords fewer glimpses of porpoises, dolphins, flying-fish, and other vivacious denizens of more stirring waters, than those off the Rio de la Plata, or the in-shore ground off Peru. It was my turn to stand at the foremast-head; and with my shoulders leaning against the slackened royal shrouds, to and fro I idly swayed in what seemed an […]","https://www.gutenberg.org/files/2701/2701-h/2701-h.htm#link2HCH0061","https://en.wikipedia.org/wiki/Indian_Ocean"
"61","Stubb Kills a Whale","New York City","Mentioned locations","40.71277777777778","-74.00611111111111","area","en","[…] formation of the lower part, that by obliquely elevating his head, he thereby may be said to transform himself from a bluff-bowed sluggish galliot into a sharppointed New York pilot-boat. ”Start her, start her, my men! Don’t hurry yourselves; take plenty of time—but start her; start her like thunder-claps, that’s all,” cried Stubb, spluttering out the smoke as he spoke. ”Start her, now; give ’em the long and strong stroke, Tashtego. Start her, Tash, my boy—start her, all; but keep cool, keep cool—cucumbers is the word—easy, easy—only start her like grim death and grinning devils, and raise the buried dead […]","https://www.gutenberg.org/files/2701/2701-h/2701-h.htm#link2HCH0061","https://www.wikidata.org/wiki/Q60"
"61","Stubb Kills a Whale","Peru","Mentioned locations","-9.4","-76","area","en","[…] fewer glimpses of porpoises, dolphins, flying-fish, and other vivacious denizens of more stirring waters, than those off the Rio de la Plata, or the in-shore ground off Peru. It was my turn to stand at the foremast-head; and with my shoulders leaning against the slackened royal shrouds, to and fro I idly swayed in what seemed an enchanted air. No resolution could withstand it; in that dreamy mood losing all consciousness, at last my soul went out of my body; though my body still continued to sway as a pendulum will, long after the power which first moved it is withdrawn. Ere forgetfulness altogether came over […]","https://www.gutenberg.org/files/2701/2701-h/2701-h.htm#link2HCH0061","https://www.wikidata.org/wiki/Q419"
"64","Stubb’s Supper","Atlantic Ocean","Mentioned locations","0","-25","area","en","[…] the same thing, that is to say, a shocking sharkish business enough for all parties; and though sharks also are the invariable outriders of all slave ships crossing the Atlantic, systematically trotting alongside, to be handy in case a parcel is to be carried anywhere, or a dead slave to be decently buried; and though one or two other like instances might be set down, touching the set terms, places, and occasions, when sharks do most socially congregate, and most hilariously feast; yet is there no conceivable time or occasion when you will find them in such countless numbers, and in gayer or more jovial spirits, […]","https://www.gutenberg.org/files/2701/2701-h/2701-h.htm#link2HCH0064","https://en.wikipedia.org/wiki/Atlantic_Ocean"
"64","Stubb’s Supper","Roanoke River","Mentioned locations","37.2376","-80.2137","area","en","[…] another mouthful at the last word, so that morsel seemed a continuation of the question. ”Where were you born, cook?” ”’Hind de hatchway, in ferry-boat, goin’ ober de Roanoke.” ”Born in a ferry-boat! That’s queer, too. But I want to know what country you were born in, cook!” ”Didn’t I say de Roanoke country?” he cried sharply. ”No, you didn’t, cook; but I’ll tell you what I’m coming to, cook. You must go home and be born over again; you don’t know how to cook a whale-steak yet.” ”Bress my soul, if I cook noder one,” he growled, angrily, turning round to depart. ”Come back, cook;—here, hand me those tongs;—now […]","https://www.gutenberg.org/files/2701/2701-h/2701-h.htm#link2HCH0064","https://www.wikidata.org/wiki/Q1584933"
"64","Stubb’s Supper","China","Mentioned locations","35","103","area","en","[…] at long intervals; good evidence was hereby furnished of the enormousness of the mass we moved. For, upon the great canal of Hang-Ho, or whatever they call it, in China, four or five laborers on the foot-path will draw a bulky freighted junk at the rate of a mile an hour; but this grand argosy we towed heavily forged along, as if laden with pig-lead in bulk. Darkness came on; but three lights up and down in the Pequod’s main-rigging dimly guided our way; till drawing nearer we saw Ahab dropping one of several more lanterns over the bulwarks. Vacantly eyeing the heaving whale for a moment, he issued the […]","https://www.gutenberg.org/files/2701/2701-h/2701-h.htm#link2HCH0064","https://en.wikipedia.org/wiki/China"
"64","Stubb’s Supper","Cape Town","Mentioned locations","-33.92527778","18.42388889","area","en","[…] himself once more; ”do you belong to the church?” ”Passed one once in Cape-Down,” said the old man sullenly. ”And you have once in your life passed a holy church in Cape-Town, where you doubtless overheard a holy parson addressing his hearers as his beloved fellow-creatures, have you, cook! And yet you come here, and tell me such a dreadful lie as you did just now, eh?” said Stubb. ”Where do you expect to go to, cook?” ”Go to bed berry soon,” he mumbled, half-turning as he spoke. ”Avast! heave to! I mean when you die, cook. It’s an awful question. Now what’s your answer?” ”When dis old brack man dies,” said […]","https://www.gutenberg.org/files/2701/2701-h/2701-h.htm#link2HCH0064","https://en.wikipedia.org/wiki/Cape_Town"
"65","The Whale as a Dish","Greenland","Mentioned locations","72","-40","area","en","[…] recommends strips of blubber for infants, as being exceedingly juicy and nourishing. And this reminds me that certain Englishmen, who long ago were accidentally left in Greenland by a whaling vessel—that these men actually lived for several months on the mouldy scraps of whales which had been left ashore after trying out the blubber. Among the Dutch whalemen these scraps are called ”fritters”; which, indeed, they greatly resemble, being brown and crisp, and smelling something like old Amsterdam housewives’ dough-nuts or oly-cooks, when fresh. They have such an eatable look that the most self-denying stranger can […]","https://www.gutenberg.org/files/2701/2701-h/2701-h.htm#link2HCH0065","https://en.wikipedia.org/wiki/Greenland"
"65","The Whale as a Dish","Fiji","Mentioned locations","-18","179","area","en","[…] long rows of dead quadrupeds. Does not that sight take a tooth out of the cannibal’s jaw? Cannibals? who is not a cannibal? I tell you it will be more tolerable for the Fejee that salted down a lean missionary in his cellar against a coming famine; it will be more tolerable for that provident Fejee, I say, in the day of judgment, than for thee, civilized and enlightened gourmand, who nailest geese to the ground and feastest on their bloated livers in thy paté-de-foie-gras. But Stubb, he eats the whale by its own light, does he? and that is adding insult to injury, is it? Look at your knife-handle, there, my […]","https://www.gutenberg.org/files/2701/2701-h/2701-h.htm#link2HCH0065","https://en.wikipedia.org/wiki/Fiji"
"65","The Whale as a Dish","Amsterdam","Mentioned locations","52.37277778","4.89361111","area","en","[…] the blubber. Among the Dutch whalemen these scraps are called ”fritters”; which, indeed, they greatly resemble, being brown and crisp, and smelling something like old Amsterdam housewives’ dough-nuts or oly-cooks, when fresh. They have such an eatable look that the most self-denying stranger can hardly keep his hands off. But what further depreciates the whale as a civilized dish, is his exceeding richness. He is the great prize ox of the sea, too fat to be delicately good. Look at his hump, which would be as fine eating as the buffalo’s (which is esteemed a rare dish), were it not such a solid pyramid of fat. […]","https://www.gutenberg.org/files/2701/2701-h/2701-h.htm#link2HCH0065","https://en.wikipedia.org/wiki/Amsterdam"
"65","The Whale as a Dish","France","Mentioned locations","47","2","area","en","[…] must needs go a little into the history and philosophy of it. It is upon record, that three centuries ago the tongue of the Right Whale was esteemed a great delicacy in France, and commanded large prices there. Also, that in Henry VIIIth’s time, a certain cook of the court obtained a handsome reward for inventing an admirable sauce to be eaten with barbacued porpoises, which, you remember, are a species of whale. Porpoises, indeed, are to this day considered fine eating. The meat is made into balls about the size of billiard balls, and being well seasoned and spiced might be taken for turtle-balls or veal balls. […]","https://www.gutenberg.org/files/2701/2701-h/2701-h.htm#link2HCH0065","https://www.wikidata.org/wiki/Q142"
"65","The Whale as a Dish","Dunfermline","Mentioned locations","56.07192","-3.4393","area","en","[…] eating. The meat is made into balls about the size of billiard balls, and being well seasoned and spiced might be taken for turtle-balls or veal balls. The old monks of Dunfermline were very fond of them. They had a great porpoise grant from the crown. The fact is, that among his hunters at least, the whale would by all hands be considered a noble dish, were there not so much of him; but when you come to sit down before a meat-pie nearly one hundred feet long, it takes away your appetite. Only the most unprejudiced of men like Stubb, nowadays partake of cooked whales; but the Esquimaux are not so fastidious. We […]","https://www.gutenberg.org/files/2701/2701-h/2701-h.htm#link2HCH0065","https://en.wikipedia.org/wiki/Dunfermline"
"66","The Shark Massacre","Nantucket","Mentioned locations","41.276756","-70.090889","area","en","[…] twenty to thirty feet long, is inserted for a handle. ”Queequeg no care what god made him shark,” said the savage, agonizingly lifting his hand up and down; ”wedder Fejee god or Nantucket god; but de god wat made shark must be one dam Ingin.”","https://www.gutenberg.org/files/2701/2701-h/2701-h.htm#link2HCH0066","https://www.wikidata.org/wiki/Q49149"
"66","The Shark Massacre","Pacific Ocean","Mentioned locations","0","-160","area","en","[…] kept; that is, two and two for an hour, each couple, the crew in rotation shall mount the deck to see that all goes well. But sometimes, especially upon the Line in the Pacific, this plan will not answer at all; because such incalculable hosts of sharks gather round the moored carcase, that were he left so for six hours, say, on a stretch, little more than the skeleton would be visible by morning. In most other parts of the ocean, however, where these fish do not so largely abound, their wondrous voracity can be at times considerably diminished, by vigorously stirring them up with sharp whaling-spades, a […]","https://www.gutenberg.org/files/2701/2701-h/2701-h.htm#link2HCH0066","https://en.wikipedia.org/wiki/Pacific_Ocean"
"66","The Shark Massacre","Fiji","Mentioned locations","-18","179","area","en","[…] pole, from twenty to thirty feet long, is inserted for a handle. ”Queequeg no care what god made him shark,” said the savage, agonizingly lifting his hand up and down; ”wedder Fejee god or Nantucket god; but de god wat made shark must be one dam Ingin.”","https://www.gutenberg.org/files/2701/2701-h/2701-h.htm#link2HCH0066","https://en.wikipedia.org/wiki/Fiji"
"68","The Blanket","Mississippi River","Mentioned locations","29.1536","-89.2508","area","en","[…] Whale in particular, I was much struck with a plate representing the old Indian characters chiselled on the famous hieroglyphic palisades on the banks of the Upper Mississippi. Like those mystic rocks, too, the mystic-marked whale remains undecipherable. This allusion to the Indian rocks reminds me of another thing. Besides all the other phenomena which the exterior of the Sperm Whale presents, he not seldom displays the back, and more especially his flanks, effaced in great part of the regular linear appearance, by reason of numerous rude scratches, altogether of an irregular, random aspect. I should say […]","https://www.gutenberg.org/files/2701/2701-h/2701-h.htm#link2HCH0068","https://www.wikidata.org/wiki/Q1497"
"68","The Blanket","St. Peter's Basilica","Mentioned locations","41.90222222222222","12.453416666666667","building","en","[…] thou, too, remain warm among ice. Do thou, too, live in this world without being of it. Be cool at the equator; keep thy blood fluid at the Pole. Like the great dome of St. Peter’s, and like the great whale, retain, O man! in all seasons a temperature of thine own. But how easy and how hopeless to teach these fine things! Of erections, how few are domed like St. Peter’s! of creatures, how few vast as the whale!","https://www.gutenberg.org/files/2701/2701-h/2701-h.htm#link2HCH0068","https://www.wikidata.org/wiki/Q12512"
"68","The Blanket","Borneo","Mentioned locations","0","114","area","en","[…] of ice, as a fly is found glued in amber. But more surprising is it to know, as has been proved by experiment, that the blood of a Polar whale is warmer than that of a Borneo negro in summer. It does seem to me, that herein we see the rare virtue of a strong individual vitality, and the rare virtue of thick walls, and the rare virtue of interior spaciousness. Oh, man! admire and model thyself after the whale! Do thou, too, remain warm among ice. Do thou, too, live in this world without being of it. Be cool at the equator; keep thy blood fluid at the Pole. Like the great dome of St. Peter’s, and like the great […]","https://www.gutenberg.org/files/2701/2701-h/2701-h.htm#link2HCH0068","https://en.wikipedia.org/wiki/Borneo"
"68","The Blanket","New England","Mentioned locations","44","-71","area","en","[…] flanks, effaced in great part of the regular linear appearance, by reason of numerous rude scratches, altogether of an irregular, random aspect. I should say that those New England rocks on the sea-coast, which Agassiz imagines to bear the marks of violent scraping contact with vast floating icebergs—I should say, that those rocks must not a little resemble the Sperm Whale in this particular. It also seems to me that such scratches in the whale are probably made by hostile contact with other whales; for I have most remarked them in the large, full-grown bulls of the species. A word or two more concerning this […]","https://www.gutenberg.org/files/2701/2701-h/2701-h.htm#link2HCH0068","https://en.wikipedia.org/wiki/New_England"
"71","The Jeroboam’s Story","Nantucket","Mentioned locations","41.276756","-70.090889","area","en","[…] distances and with no small facility. The Pequod’s signal was at last responded to by the stranger’s setting her own; which proved the ship to be the Jeroboam of Nantucket. Squaring her yards, she bore down, ranged abeam under the Pequod’s lee, and lowered a boat; it soon drew nigh; but, as the side-ladder was being rigged by Starbuck’s order to accommodate the visiting captain, the stranger in question waved his hand from his boat’s stern in token of that proceeding being entirely unnecessary. It turned out that the Jeroboam had a malignant epidemic on board, and that Mayhew, her captain, was fearful of […]","https://www.gutenberg.org/files/2701/2701-h/2701-h.htm#link2HCH0071","https://www.wikidata.org/wiki/Q49149"
"73","Stubb and Flask kill a Right Whale; and Then Have a Talk over Him","Crozet Islands","Mentioned locations","-46.38","51.67","area","en","[…] the capture of those inferior creatures; and though the Pequod was not commissioned to cruise for them at all, and though she had passed numbers of them near the Crozetts without lowering a boat; yet now that a Sperm Whale had been brought alongside and beheaded, to the surprise of all, the announcement was made that a Right Whale should be captured that day, if opportunity offered. Nor was this long wanting. Tall spouts were seen to leeward; and two boats, Stubb’s and Flask’s, were detached in pursuit. Pulling further and further away, they at last became almost invisible to the men at the mast-head. But […]","https://www.gutenberg.org/files/2701/2701-h/2701-h.htm#link2HCH0073","https://www.wikidata.org/wiki/Q201698"
"74","The Sperm Whale’s Head—Contrasted View","Mammoth Cave National Park","Mentioned locations","37.18694444","-86.10111111","area","en","[…] by a ladder to the summit, have a peep down the mouth; and were it not that the body is now completely separated from it, with a lantern we might descend into the great Kentucky Mammoth Cave of his stomach. But let us hold on here by this tooth, and look about us where we are. What a really beautiful and chaste-looking mouth! from floor to ceiling, lined, or rather papered with a glistening white membrane, glossy as bridal satins. But come out now, and look at this portentous lower jaw, which seems like the long narrow lid of an immense snuff-box, with the hinge at one end, instead of one side. If you pry it up, […]","https://www.gutenberg.org/files/2701/2701-h/2701-h.htm#link2HCH0074","https://en.wikipedia.org/wiki/Mammoth_Cave_National_Park"
"74","The Sperm Whale’s Head—Contrasted View","Michigan","Mentioned locations","44","-85","area","en","[…] With a keen cutting-spade, Queequeg lances the gums; then the jaw is lashed down to ringbolts, and a tackle being rigged from aloft, they drag out these teeth, as Michigan oxen drag stumps of old oaks out of wild wood lands. There are generally forty-two teeth in all; in old whales, much worn down, but undecayed; nor filled after our artificial fashion. The jaw is afterwards sawn into slabs, and piled away like joists for building houses.","https://www.gutenberg.org/files/2701/2701-h/2701-h.htm#link2HCH0074","https://en.wikipedia.org/wiki/Michigan"
"75","The Right Whale’s Head—Contrasted View","Mackinac Island","Mentioned locations","45.861111111111","-84.630555555556","area","en","[…] down the Peruvian coast, when earthquakes caused the beach to gape. Over this lip, as over a slippery threshold, we now slide into the mouth. Upon my word were I at Mackinaw, I should take this to be the inside of an Indian wigwam. Good Lord! is this the road that Jonah went? The roof is about twelve feet high, and runs to a pretty sharp angle, as if there were a regular ridge-pole there; while these ribbed, arched, hairy sides, present us with those wondrous, half vertical, scimetar-shaped slats of whalebone, say three hundred on a side, which depending from the upper part of the head or crown bone, form […]","https://www.gutenberg.org/files/2701/2701-h/2701-h.htm#link2HCH0075","https://www.wikidata.org/wiki/Q1431148"
"75","The Right Whale’s Head—Contrasted View","Haarlem","Mentioned locations","52.38138889","4.63555556","area","en","[…] in the Right Whale’s mouth, look around you afresh. Seeing all these colonnades of bone so methodically ranged about, would you not think you were inside of the great Haarlem organ, and gazing upon its thousand pipes? For a carpet to the organ we have a rug of the softest Turkey—the tongue, which is glued, as it were, to the floor of the mouth. It is very fat and tender, and apt to tear in pieces in hoisting it on deck. This particular tongue now before us; at a passing glance I should say it was a six-barreler; that is, it will yield you about that amount of oil. Ere this, you must have plainly seen the truth […]","https://www.gutenberg.org/files/2701/2701-h/2701-h.htm#link2HCH0075","https://en.wikipedia.org/wiki/Haarlem"
"76","The Battering-Ram","Atlantic Ocean","Mentioned locations","0","-25","area","en","[…] will have renounced all ignorant incredulity, and be ready to abide by this; that though the Sperm Whale stove a passage through the Isthmus of Darien, and mixed the Atlantic with the Pacific, you would not elevate one hair of your eye-brow. For unless you own the whale, you are but a provincial and sentimentalist in Truth. But clear Truth is a thing for salamander giants only to encounter; how small the chances for the provincials then? What befell the weakling youth lifting the dread goddess’s veil at Lais?","https://www.gutenberg.org/files/2701/2701-h/2701-h.htm#link2HCH0076","https://en.wikipedia.org/wiki/Atlantic_Ocean"
"76","The Battering-Ram","Pacific Ocean","Mentioned locations","0","-160","area","en","[…] all ignorant incredulity, and be ready to abide by this; that though the Sperm Whale stove a passage through the Isthmus of Darien, and mixed the Atlantic with the Pacific, you would not elevate one hair of your eye-brow. For unless you own the whale, you are but a provincial and sentimentalist in Truth. But clear Truth is a thing for salamander giants only to encounter; how small the chances for the provincials then? What befell the weakling youth lifting the dread goddess’s veil at Lais?","https://www.gutenberg.org/files/2701/2701-h/2701-h.htm#link2HCH0076","https://en.wikipedia.org/wiki/Pacific_Ocean"
"76","The Battering-Ram","Isthmus of Panama","Mentioned locations","8.66666667","-80","area","en","[…] braining feats; I trust you will have renounced all ignorant incredulity, and be ready to abide by this; that though the Sperm Whale stove a passage through the Isthmus of Darien, and mixed the Atlantic with the Pacific, you would not elevate one hair of your eye-brow. For unless you own the whale, you are but a provincial and sentimentalist in Truth. But clear Truth is a thing for salamander giants only to encounter; how small the chances for the provincials then? What befell the weakling youth lifting the dread goddess’s veil at Lais?","https://www.gutenberg.org/files/2701/2701-h/2701-h.htm#link2HCH0076","https://en.wikipedia.org/wiki/Isthmus_of_Panama"
"77","The Great Heidelburgh Tun","Heidelberg Tun","Mentioned locations","49.41096","8.7147","building","en","[…] into ten thousand infiltrated cells, of tough elastic white fibres throughout its whole extent. The upper part, known as the Case, may be regarded as the great Heidelburgh Tun of the Sperm Whale. And as that famous great tierce is mystically carved in front, so the whale’s vast plaited forehead forms innumerable strange devices for the emblematical adornment of his wondrous tun. Moreover, as that of Heidelburgh was always replenished with the most excellent of the wines of the Rhenish valleys, so the tun of the whale contains by far the most precious of all his oily vintages; namely, the highly-prized […]","https://www.gutenberg.org/files/2701/2701-h/2701-h.htm#link2HCH0077","https://www.wikidata.org/wiki/Q558540"
"78","Cistern and Buckets","Niagara Falls","Mentioned locations","43.08","-79.071","area","en","[…] ”Stand clear of the tackle!” cried a voice like the bursting of a rocket. Almost in the same instant, with a thunder-boom, the enormous mass dropped into the sea, like Niagara’s Table-Rock into the whirlpool; the suddenly relieved hull rolled away from it, to far down her glittering copper; and all caught their breath, as half swinging—now over the sailors’ heads, and now over the water—Daggoo, through a thick mist of spray, was dimly beheld clinging to the pendulous tackles, while poor, buried-alive Tashtego was sinking utterly down to the bottom of the sea! But hardly had the blinding vapor cleared away, when […]","https://www.gutenberg.org/files/2701/2701-h/2701-h.htm#link2HCH0078","https://www.wikidata.org/wiki/Q34221"
"78","Cistern and Buckets","Ohio","Mentioned locations","40","-83","area","en","[…] coffined, hearsed, and tombed in the secret inner chamber and sanctum sanctorum of the whale. Only one sweeter end can readily be recalled—the delicious death of an Ohio honey-hunter, who seeking honey in the crotch of a hollow tree, found such exceeding store of it, that leaning too far over, it sucked him in, so that he died embalmed. How many, think ye, have likewise fallen into Plato’s honey head, and sweetly perished there?","https://www.gutenberg.org/files/2701/2701-h/2701-h.htm#link2HCH0078","https://en.wikipedia.org/wiki/Ohio"
"79","The Prairie","Rock of Gibraltar","Mentioned locations","36.12447222","-5.34311111","area","en","[…] which no Physiognomist or Phrenologist has as yet undertaken. Such an enterprise would seem almost as hopeful as for Lavater to have scrutinized the wrinkles on the Rock of Gibraltar, or for Gall to have mounted a ladder and manipulated the Dome of the Pantheon. Still, in that famous work of his, Lavater not only treats of the various faces of men, but also attentively studies the faces of horses, birds, serpents, and fish; and dwells in detail upon the modifications of expression discernible therein. Nor have Gall and his disciple Spurzheim failed to throw out some hints touching the phrenological […]","https://www.gutenberg.org/files/2701/2701-h/2701-h.htm#link2HCH0079","https://en.wikipedia.org/wiki/Rock_of_Gibraltar"
"79","The Prairie","Nile","Mentioned locations","30.1725","31.14","area","en","[…] me that had the great Sperm Whale been known to the young Orient World, he would have been deified by their child-magian thoughts. They deified the crocodile of the Nile, because the crocodile is tongueless; and the Sperm Whale has no tongue, or at least it is so exceedingly small, as to be incapable of protrusion. If hereafter any highly cultured, poetical nation shall lure back to their birth-right, the merry May-day gods of old; and livingly enthrone them again in the now egotistical sky; in the now unhaunted hill; then be sure, exalted to Jove’s high seat, the great Sperm Whale shall lord it. Champollion […]","https://www.gutenberg.org/files/2701/2701-h/2701-h.htm#link2HCH0079","https://en.wikipedia.org/wiki/Nile"
"79","The Prairie","Egypt","Mentioned locations","27","29","area","en","[…] exalted to Jove’s high seat, the great Sperm Whale shall lord it. Champollion deciphered the wrinkled granite hieroglyphics. But there is no Champollion to decipher the Egypt of every man’s and every being’s face. Physiognomy, like every other human science, is but a passing fable. If then, Sir William Jones, who read in thirty languages, could not read the simplest peasant’s face in its profounder and more subtle meanings, how may unlettered Ishmael hope to read the awful Chaldee of the Sperm Whale’s brow? I but put that brow before you. Read it if you can.","https://www.gutenberg.org/files/2701/2701-h/2701-h.htm#link2HCH0079","https://www.wikidata.org/wiki/Q79"
"79","The Prairie","Pantheon, Rome","Mentioned locations","41.8986","12.4768","building","en","[…] seem almost as hopeful as for Lavater to have scrutinized the wrinkles on the Rock of Gibraltar, or for Gall to have mounted a ladder and manipulated the Dome of the Pantheon. Still, in that famous work of his, Lavater not only treats of the various faces of men, but also attentively studies the faces of horses, birds, serpents, and fish; and dwells in detail upon the modifications of expression discernible therein. Nor have Gall and his disciple Spurzheim failed to throw out some hints touching the phrenological characteristics of other beings than man. Therefore, though I am but ill qualified for a pioneer, […]","https://www.gutenberg.org/files/2701/2701-h/2701-h.htm#link2HCH0079","https://en.wikipedia.org/wiki/Pantheon%2C_Rome"
"80","The Nut","Quebec City","Mentioned locations","46.816111","-71.224167","area","en","[…] at least twenty feet from his apparent forehead in life; it is hidden away behind its vast outworks, like the innermost citadel within the amplified fortifications of Quebec. So like a choice casket is it secreted in him, that I have known some whalemen who peremptorily deny that the Sperm Whale has any other brain than that palpable semblance of one formed by the cubic-yards of his sperm magazine. Lying in strange folds, courses, and convolutions, to their apprehensions, it seems more in keeping with the idea of his general might to regard that mystic part of him as the seat of his intelligence. It is plain, […]","https://www.gutenberg.org/files/2701/2701-h/2701-h.htm#link2HCH0080","https://www.wikidata.org/wiki/Q2145"
"81","The Pequod Meets The Virgin","Nantucket","Mentioned locations","41.276756","-70.090889","area","en","[…] sprang to their feet, and standing in a diagonal row, simultaneously pointed their barbs; and darted over the head of the German harpooneer, their three Nantucket irons entered the whale. Blinding vapors of foam and white-fire! The three boats, in the first fury of the whale’s headlong rush, bumped the German’s aside with such force, that both Derick and his baffled harpooneer were spilled out, and sailed over by the three flying keels. ”Don’t be afraid, my butter-boxes,” cried Stubb, casting a passing glance upon them as he shot by; ”ye’ll be picked up presently—all right—I saw some sharks […]","https://www.gutenberg.org/files/2701/2701-h/2701-h.htm#link2HCH0081","https://www.wikidata.org/wiki/Q49149"
"81","The Pequod Meets The Virgin","Aquinnah, Massachusetts","Mentioned locations","41.334444444444","-70.795833333333","area","en","[…] fifty thousand line-of-battle-ship loads of red-haired devils. What d’ye say, Tashtego; are you the man to snap your spine in two-and-twenty pieces for the honor of old Gayhead? What d’ye say?” ”I say, pull like god-dam,”—cried the Indian. Fiercely, but evenly incited by the taunts of the German, the Pequod’s three boats now began ranging almost abreast; and, so disposed, momentarily neared him. In that fine, loose, chivalrous attitude of the headsman when drawing near to his prey, the three mates stood up proudly, occasionally backing the after oarsman with an exhilarating cry of, ”There she slides, now! Hurrah […]","https://www.gutenberg.org/files/2701/2701-h/2701-h.htm#link2HCH0081","https://www.wikidata.org/wiki/Q2418318"
"81","The Pequod Meets The Virgin","Pacific Ocean","Mentioned locations","0","-160","area","en","[…] the Dutch and Germans are now among the least; but here and there at very wide intervals of latitude and longitude, you still occasionally meet with their flag in the Pacific. For some reason, the Jungfrau seemed quite eager to pay her respects. While yet some distance from the Pequod, she rounded to, and dropping a boat, her captain was impelled towards us, impatiently standing in the bows instead of the stern. ”What has he in his hand there?” cried Starbuck, pointing to something wavingly held by the German. ”Impossible!—a lamp-feeder!” ”Not that,” said Stubb, ”no, no, it’s a coffee-pot, Mr. Starbuck; he’s […]","https://www.gutenberg.org/files/2701/2701-h/2701-h.htm#link2HCH0081","https://en.wikipedia.org/wiki/Pacific_Ocean"
"81","The Pequod Meets The Virgin","New Zealand","Mentioned locations","-41.2","174","area","en","[…] a prodigious magnitude; becomes a sort of animal balloon. A line-of-battle ship could hardly keep him under then. In the Shore Whaling, on soundings, among the Bays of New Zealand, when a Right Whale gives token of sinking, they fasten buoys to him, with plenty of rope; so that when the body has gone down, they know where to look for it when it shall have ascended again. It was not long after the sinking of the body that a cry was heard from the Pequod’s mast-heads, announcing that the Jungfrau was again lowering her boats; though the only spout in sight was that of a Fin-Back, belonging to the species of […]","https://www.gutenberg.org/files/2701/2701-h/2701-h.htm#link2HCH0081","https://www.wikidata.org/wiki/Q664"
"81","The Pequod Meets The Virgin","Bremen","Mentioned locations","53.075833333333335","8.807222222222222","area","en","The predestinated day arrived, and we duly met the ship Jungfrau, Derick De Deer, master, of Bremen. At one time the greatest whaling people in the world, the Dutch and Germans are now among the least; but here and there at very wide intervals of latitude and longitude, you still occasionally meet with their flag in the Pacific. For some reason, the Jungfrau seemed quite eager to pay her respects. While yet some distance from the Pequod, she rounded to, and dropping a boat, her captain was impelled towards us, impatiently standing in the bows instead of […]","https://www.gutenberg.org/files/2701/2701-h/2701-h.htm#link2HCH0081","https://www.wikidata.org/wiki/Q24879"
"81","The Pequod Meets The Virgin","Americas","Mentioned locations","19","-96","area","en","[…] far from the buried iron, the flesh perfectly firm about it. Who had darted that stone lance? And when? It might have been darted by some Nor’ West Indian long before America was discovered. What other marvels might have been rummaged out of this monstrous cabinet there is no telling. But a sudden stop was put to further discoveries, by the ship’s being unprecedentedly dragged over sideways to the sea, owing to the body’s immensely increasing tendency to sink. However, Starbuck, who had the ordering of affairs, hung on to it to the last; hung on to it so resolutely, indeed, that when at length the ship would […]","https://www.gutenberg.org/files/2701/2701-h/2701-h.htm#link2HCH0081","https://www.wikidata.org/wiki/Q828"
"81","The Pequod Meets The Virgin","Newcastle upon Tyne","Mentioned locations","54.9738","-1.6131","area","en","[…] curious it may seem for an oil-ship to be borrowing oil on the whale-ground, and however much it may invertedly contradict the old proverb about carrying coals to Newcastle, yet sometimes such a thing really happens; and in the present case Captain Derick De Deer did indubitably conduct a lamp-feeder as Flask did declare. As he mounted the deck, Ahab abruptly accosted him, without at all heeding what he had in his hand; but in his broken lingo, the German soon evinced his complete ignorance of the White Whale; immediately turning the conversation to his lamp-feeder and oil can, with some remarks touching […]","https://www.gutenberg.org/files/2701/2701-h/2701-h.htm#link2HCH0081","https://en.wikipedia.org/wiki/Newcastle_upon_Tyne"
"81","The Pequod Meets The Virgin","Bank of England","Mentioned locations","51.51388889","-0.08833333","building","en","[…] that Yarman—Oh, won’t ye pull for your duff, my lads—such a sog! such a sogger! Don’t ye love sperm? There goes three thousand dollars, men!—a bank!—a whole bank! The bank of England!—Oh, do , do , do! —What’s that Yarman about now?” At this moment Derick was in the act of pitching his lamp-feeder at the advancing boats, and also his oil-can; perhaps with the double view of retarding his rivals’ way, and at the same time economically accelerating his own by the momentary impetus of the backward toss. ”The unmannerly Dutch dogger!” cried Stubb. ”Pull now, men, like fifty thousand line-of-battle-ship loads of […]","https://www.gutenberg.org/files/2701/2701-h/2701-h.htm#link2HCH0081","https://en.wikipedia.org/wiki/Bank_of_England"
"82","The Honor and Glory of Whaling","Nantucket","Mentioned locations","41.276756","-70.090889","area","en","[…] or fishy part of him remained. Thus, then, one of our own noble stamp, even a whaleman, is the tutelary guardian of England; and by good rights, we harpooneers of Nantucket should be enrolled in the most noble order of St. George. And therefore, let not the knights of that honorable company (none of whom, I venture to say, have ever had to do with a whale like their great patron), let them never eye a Nantucketer with disdain, since even in our woollen frocks and tarred trowsers we are much better entitled to St. George’s decoration than they. Whether to admit Hercules among us or not, concerning this I […]","https://www.gutenberg.org/files/2701/2701-h/2701-h.htm#link2HCH0082","https://www.wikidata.org/wiki/Q49149"
"82","The Honor and Glory of Whaling","Jaffa","Mentioned locations","32.052222222222","34.753055555556","area","en","[…] by the best harpooneers of the present day; inasmuch as this Leviathan was slain at the very first dart. And let no man doubt this Arkite story; for in the ancient Joppa, now Jaffa, on the Syrian coast, in one of the Pagan temples, there stood for many ages the vast skeleton of a whale, which the city’s legends and all the inhabitants asserted to be the identical bones of the monster that Perseus slew. When the Romans took Joppa, the same skeleton was carried to Italy in triumph. What seems most singular and suggestively important in this story, is this: it was from Joppa that Jonah set sail. Akin to the […]","https://www.gutenberg.org/files/2701/2701-h/2701-h.htm#link2HCH0082","https://www.wikidata.org/wiki/Q180294"
"82","The Honor and Glory of Whaling","England","Mentioned locations","53.13","-1.38","area","en","[…] of his hands fell off from him, and only the stump or fishy part of him remained. Thus, then, one of our own noble stamp, even a whaleman, is the tutelary guardian of England; and by good rights, we harpooneers of Nantucket should be enrolled in the most noble order of St. George. And therefore, let not the knights of that honorable company (none of whom, I venture to say, have ever had to do with a whale like their great patron), let them never eye a Nantucketer with disdain, since even in our woollen frocks and tarred trowsers we are much better entitled to St. George’s decoration than they. Whether to admit […]","https://www.gutenberg.org/files/2701/2701-h/2701-h.htm#link2HCH0082","https://en.wikipedia.org/wiki/England"
"82","The Honor and Glory of Whaling","Italy","Mentioned locations","43","12","area","en","[…] city’s legends and all the inhabitants asserted to be the identical bones of the monster that Perseus slew. When the Romans took Joppa, the same skeleton was carried to Italy in triumph. What seems most singular and suggestively important in this story, is this: it was from Joppa that Jonah set sail. Akin to the adventure of Perseus and Andromeda—indeed, by some supposed to be indirectly derived from it—is that famous story of St. George and the Dragon; which dragon I maintain to have been a whale; for in many old chronicles whales and dragons are strangely jumbled together, and often stand for each other. ”Thou […]","https://www.gutenberg.org/files/2701/2701-h/2701-h.htm#link2HCH0082","https://en.wikipedia.org/wiki/Italy"
"83","Jonah Historically Regarded","Sag Harbor, New York","Mentioned locations","40.9967","-72.2922","area","en","[…] Hercules and the whale, and Arion and the dolphin; and yet their doubting those traditions did not make those traditions one whit the less facts, for all that. One old Sag-Harbor whaleman’s chief reason for questioning the Hebrew story was this:—He had one of those quaint old-fashioned Bibles, embellished with curious, unscientific plates; one of which represented Jonah’s whale with two spouts in his head—a peculiarity only true with respect to a species of the Leviathan (the Right Whale, and the varieties of that order), concerning which the fishermen have this saying, ”A penny roll would choke him”; his […]","https://www.gutenberg.org/files/2701/2701-h/2701-h.htm#link2HCH0083","https://www.wikidata.org/wiki/Q3087814"
"83","Jonah Historically Regarded","Cape of Good Hope","Mentioned locations","-34.358055555556","18.471944444444","area","en","[…] How is that? But was there no other way for the whale to land the prophet within that short distance of Nineveh? Yes. He might have carried him round by the way of the Cape of Good Hope. But not to speak of the passage through the whole length of the Mediterranean, and another passage up the Persian Gulf and Red Sea, such a supposition would involve the complete circumnavigation of all Africa in three days, not to speak of the Tigris waters, near the site of Nineveh, being too shallow for any whale to swim in. Besides, this idea of Jonah’s weathering the Cape of Good Hope at so early a day would wrest the honor […]","https://www.gutenberg.org/files/2701/2701-h/2701-h.htm#link2HCH0083","https://www.wikidata.org/wiki/Q4092"
"83","Jonah Historically Regarded","Mediterranean Sea","Mentioned locations","35","18","area","en","[…] therefore, seems worsted all round. But he had still another reason for his want of faith. It was this, if I remember right: Jonah was swallowed by the whale in the Mediterranean Sea, and after three days he was vomited up somewhere within three days’ journey of Nineveh, a city on the Tigris, very much more than three days’ journey across from the nearest point of the Mediterranean coast. How is that? But was there no other way for the whale to land the prophet within that short distance of Nineveh? Yes. He might have carried him round by the way of the Cape of Good Hope. But not to speak of the passage […]","https://www.gutenberg.org/files/2701/2701-h/2701-h.htm#link2HCH0083","https://en.wikipedia.org/wiki/Mediterranean_Sea"
"83","Jonah Historically Regarded","Persian Gulf","Mentioned locations","26","52","area","en","[…] have carried him round by the way of the Cape of Good Hope. But not to speak of the passage through the whole length of the Mediterranean, and another passage up the Persian Gulf and Red Sea, such a supposition would involve the complete circumnavigation of all Africa in three days, not to speak of the Tigris waters, near the site of Nineveh, being too shallow for any whale to swim in. Besides, this idea of Jonah’s weathering the Cape of Good Hope at so early a day would wrest the honor of the discovery of that great headland from Bartholomew Diaz, its reputed discoverer, and so make modern history a liar. […]","https://www.gutenberg.org/files/2701/2701-h/2701-h.htm#link2HCH0083","https://www.wikidata.org/wiki/Q34675"
"83","Jonah Historically Regarded","Nineveh","Mentioned locations","36.35944444","43.15277778","area","en","[…] was this, if I remember right: Jonah was swallowed by the whale in the Mediterranean Sea, and after three days he was vomited up somewhere within three days’ journey of Nineveh, a city on the Tigris, very much more than three days’ journey across from the nearest point of the Mediterranean coast. How is that? But was there no other way for the whale to land the prophet within that short distance of Nineveh? Yes. He might have carried him round by the way of the Cape of Good Hope. But not to speak of the passage through the whole length of the Mediterranean, and another passage up the Persian Gulf and Red Sea, […]","https://www.gutenberg.org/files/2701/2701-h/2701-h.htm#link2HCH0083","https://en.wikipedia.org/wiki/Nineveh"
"83","Jonah Historically Regarded","Jaffa","Mentioned locations","32.052222222222","34.753055555556","area","en","[…] their dead horses into tents, and crawled into them. Besides, it has been divined by other continental commentators, that when Jonah was thrown overboard from the Joppa ship, he straightway effected his escape to another vessel near by, some vessel with a whale for a figure-head; and, I would add, possibly called ”The Whale,” as some craft are nowadays christened the ”Shark,” the ”Gull,” the ”Eagle.” Nor have there been wanting learned exegetists who have opined that the whale mentioned in the book of Jonah merely meant a life-preserver—an inflated bag of wind—which the endangered prophet swam to, and so […]","https://www.gutenberg.org/files/2701/2701-h/2701-h.htm#link2HCH0083","https://www.wikidata.org/wiki/Q180294"
"83","Jonah Historically Regarded","Tigris","Mentioned locations","31.005","47.44194444","area","en","[…] right: Jonah was swallowed by the whale in the Mediterranean Sea, and after three days he was vomited up somewhere within three days’ journey of Nineveh, a city on the Tigris, very much more than three days’ journey across from the nearest point of the Mediterranean coast. How is that? But was there no other way for the whale to land the prophet within that short distance of Nineveh? Yes. He might have carried him round by the way of the Cape of Good Hope. But not to speak of the passage through the whole length of the Mediterranean, and another passage up the Persian Gulf and Red Sea, such a supposition would […]","https://www.gutenberg.org/files/2701/2701-h/2701-h.htm#link2HCH0083","https://en.wikipedia.org/wiki/Tigris"
"83","Jonah Historically Regarded","Africa","Mentioned locations","0","15","area","en","[…] the whole length of the Mediterranean, and another passage up the Persian Gulf and Red Sea, such a supposition would involve the complete circumnavigation of all Africa in three days, not to speak of the Tigris waters, near the site of Nineveh, being too shallow for any whale to swim in. Besides, this idea of Jonah’s weathering the Cape of Good Hope at so early a day would wrest the honor of the discovery of that great headland from Bartholomew Diaz, its reputed discoverer, and so make modern history a liar. But all these foolish arguments of old Sag-Harbor only evinced his foolish pride of reason—a thing […]","https://www.gutenberg.org/files/2701/2701-h/2701-h.htm#link2HCH0083","https://www.wikidata.org/wiki/Q15"
"83","Jonah Historically Regarded","Red Sea","Mentioned locations","22","38","area","en","[…] round by the way of the Cape of Good Hope. But not to speak of the passage through the whole length of the Mediterranean, and another passage up the Persian Gulf and Red Sea, such a supposition would involve the complete circumnavigation of all Africa in three days, not to speak of the Tigris waters, near the site of Nineveh, being too shallow for any whale to swim in. Besides, this idea of Jonah’s weathering the Cape of Good Hope at so early a day would wrest the honor of the discovery of that great headland from Bartholomew Diaz, its reputed discoverer, and so make modern history a liar. But all these […]","https://www.gutenberg.org/files/2701/2701-h/2701-h.htm#link2HCH0083","https://en.wikipedia.org/wiki/Red_Sea"
"84","Pitchpoling","Actium","Mentioned locations","38.953","20.768","area","en","[…] noon whales were raised; but so soon as the ship sailed down to them, they turned and fled with swift precipitancy; a disordered flight, as of Cleopatra’s barges from Actium. Nevertheless, the boats pursued, and Stubb’s was foremost. By great exertion, Tashtego at last succeeded in planting one iron; but the stricken whale, without at all sounding, still continued his horizontal flight, with added fleetness. Such unintermitted strainings upon the planted iron must sooner or later inevitably extract it. It became imperative to lance the flying whale, or be content to lose him. But to haul the boat up to his […]","https://www.gutenberg.org/files/2701/2701-h/2701-h.htm#link2HCH0084","https://en.wikipedia.org/wiki/Actium"
"85","The Fountain","Erie Canal","Mentioned locations","42.7834","-73.6767","area","en","[…] No roses, no violets, no Cologne-water in the sea. Furthermore, as his windpipe solely opens into the tube of his spouting canal, and as that long canal—like the grand Erie Canal—is furnished with a sort of locks (that open and shut) for the downward retention of air or the upward exclusion of water, therefore the whale has no voice; unless you insult him by saying, that when he so strangely rumbles, he talks through his nose. But then again, what has the whale to say? Seldom have I known any profound being that had anything to say to this world, unless forced to stammer out something by way of getting a […]","https://www.gutenberg.org/files/2701/2701-h/2701-h.htm#link2HCH0085","https://en.wikipedia.org/wiki/Erie_Canal"
"86","The Tail","Baltic Sea","Mentioned locations","58","20","area","en","[…] gigantic tail seems spasmodically snatching at the highest heaven. So in dreams, have I seen majestic Satan thrusting forth his tormented colossal claw from the flame Baltic of Hell. But in gazing at such scenes, it is all in all what mood you are in; if in the Dantean, the devils will occur to you; if in that of Isaiah, the archangels. Standing at the mast-head of my ship during a sunrise that crimsoned sky and sea, I once saw a large herd of whales in the east, all heading towards the sun, and for a moment vibrating in concert with peaked flukes. As it seemed to me at the time, such a grand embodiment of […]","https://www.gutenberg.org/files/2701/2701-h/2701-h.htm#link2HCH0086","https://en.wikipedia.org/wiki/Baltic_Sea"
"87","The Grand Armada","Nantucket","Mentioned locations","41.276756","-70.090889","area","en","[…] bottled in her ample hold. She is ballasted with utilities; not altogether with unusable pig-lead and kentledge. She carries years’ water in her. Clear old prime Nantucket water; which, when three years afloat, the Nantucketer, in the Pacific, prefers to drink before the brackish fluid, but yesterday rafted off in casks, from the Peruvian or Indian streams. Hence it is, that, while other ships may have gone to China from New York, and back again, touching at a score of ports, the whale-ship, in all that interval, may not have sighted one grain of soil; her crew having seen no man but floating seamen like […]","https://www.gutenberg.org/files/2701/2701-h/2701-h.htm#link2HCH0087","https://www.wikidata.org/wiki/Q49149"
"87","The Grand Armada","Strait of Malacca","Mentioned locations","2.833","101.037","area","en","[…] from the thickly studded oriental archipelagoes. This rampart is pierced by several sally-ports for the convenience of ships and whales; conspicuous among which are the straits of Sunda and Malacca. By the straits of Sunda, chiefly, vessels bound to China from the west, emerge into the China seas. Those narrow straits of Sunda divide Sumatra from Java; and standing midway in that vast rampart of islands, buttressed by that bold green promontory, known to seamen as Java Head; they not a little correspond to the central gateway opening into some vast walled empire: and considering the inexhaustible wealth of […]","https://www.gutenberg.org/files/2701/2701-h/2701-h.htm#link2HCH0087","https://www.wikidata.org/wiki/Q48359"
"87","The Grand Armada","Malay Peninsula","Mentioned locations","7","100","area","en","The long and narrow peninsula of Malacca, extending south-eastward from the territories of Birmah, forms the most southerly point of all Asia. In a continuous line from that peninsula stretch the long islands of Sumatra, Java, Bally, and Timor; which, with many others, form a vast mole, or rampart, lengthwise connecting Asia with Australia, and dividing the long unbroken Indian ocean from the thickly studded oriental archipelagoes. This rampart is pierced by several sally-ports for the convenience of ships and whales; conspicuous among which are the […]","https://www.gutenberg.org/files/2701/2701-h/2701-h.htm#link2HCH0087","https://en.wikipedia.org/wiki/Malay_Peninsula"
"87","The Grand Armada","Sumatra","Mentioned locations","-0.298888888888889","101.270830555556","area","en","[…] south-eastward from the territories of Birmah, forms the most southerly point of all Asia. In a continuous line from that peninsula stretch the long islands of Sumatra, Java, Bally, and Timor; which, with many others, form a vast mole, or rampart, lengthwise connecting Asia with Australia, and dividing the long unbroken Indian ocean from the thickly studded oriental archipelagoes. This rampart is pierced by several sally-ports for the convenience of ships and whales; conspicuous among which are the straits of Sunda and Malacca. By the straits of Sunda, chiefly, vessels bound to China from the west, […]","https://www.gutenberg.org/files/2701/2701-h/2701-h.htm#link2HCH0087","https://www.wikidata.org/wiki/Q3492"
"87","The Grand Armada","Java","Mentioned locations","-7.31166666666667","109.418330555556","area","en","[…] south-eastward from the territories of Birmah, forms the most southerly point of all Asia. In a continuous line from that peninsula stretch the long islands of Sumatra, Java, Bally, and Timor; which, with many others, form a vast mole, or rampart, lengthwise connecting Asia with Australia, and dividing the long unbroken Indian ocean from the thickly studded oriental archipelagoes. This rampart is pierced by several sally-ports for the convenience of ships and whales; conspicuous among which are the straits of Sunda and Malacca. By the straits of Sunda, chiefly, vessels bound to China from the west, emerge into […]","https://www.gutenberg.org/files/2701/2701-h/2701-h.htm#link2HCH0087","https://www.wikidata.org/wiki/Q3757"
"87","The Grand Armada","Bali","Mentioned locations","-8.335","115.08805556","area","en","[…] from the territories of Birmah, forms the most southerly point of all Asia. In a continuous line from that peninsula stretch the long islands of Sumatra, Java, Bally, and Timor; which, with many others, form a vast mole, or rampart, lengthwise connecting Asia with Australia, and dividing the long unbroken Indian ocean from the thickly studded oriental archipelagoes. This rampart is pierced by several sally-ports for the convenience of ships and whales; conspicuous among which are the straits of Sunda and Malacca. By the straits of Sunda, chiefly, vessels bound to China from the west, emerge into the […]","https://www.gutenberg.org/files/2701/2701-h/2701-h.htm#link2HCH0087","https://en.wikipedia.org/wiki/Bali"
"87","The Grand Armada","Timor","Mentioned locations","-9.083333333333334","125.08333333333333","area","en","[…] the territories of Birmah, forms the most southerly point of all Asia. In a continuous line from that peninsula stretch the long islands of Sumatra, Java, Bally, and Timor; which, with many others, form a vast mole, or rampart, lengthwise connecting Asia with Australia, and dividing the long unbroken Indian ocean from the thickly studded oriental archipelagoes. This rampart is pierced by several sally-ports for the convenience of ships and whales; conspicuous among which are the straits of Sunda and Malacca. By the straits of Sunda, chiefly, vessels bound to China from the west, emerge into the China seas. […]","https://www.gutenberg.org/files/2701/2701-h/2701-h.htm#link2HCH0087","https://www.wikidata.org/wiki/Q83067"
"87","The Grand Armada","Java Sea","Mentioned locations","-5","110","area","en","[…] have been remorselessly boarded and pillaged. With a fair, fresh wind, the Pequod was now drawing nigh to these straits; Ahab purposing to pass through them into the Javan sea, and thence, cruising northwards, over waters known to be frequented here and there by the Sperm Whale, sweep inshore by the Philippine Islands, and gain the far coast of Japan, in time for the great whaling season there. By these means, the circumnavigating Pequod would sweep almost all the known Sperm Whale cruising grounds of the world, previous to descending upon the Line in the Pacific; where Ahab, though everywhere else foiled in […]","https://www.gutenberg.org/files/2701/2701-h/2701-h.htm#link2HCH0087","https://www.wikidata.org/wiki/Q49364"
"87","The Grand Armada","Philippines","Mentioned locations","13","122","area","en","[…] to pass through them into the Javan sea, and thence, cruising northwards, over waters known to be frequented here and there by the Sperm Whale, sweep inshore by the Philippine Islands, and gain the far coast of Japan, in time for the great whaling season there. By these means, the circumnavigating Pequod would sweep almost all the known Sperm Whale cruising grounds of the world, previous to descending upon the Line in the Pacific; where Ahab, though everywhere else foiled in his pursuit, firmly counted upon giving battle to Moby Dick, in the sea he was most known to frequent; and at a season when he might […]","https://www.gutenberg.org/files/2701/2701-h/2701-h.htm#link2HCH0087","https://en.wikipedia.org/wiki/Philippines"
"87","The Grand Armada","Japan","Mentioned locations","36","138","area","en","[…] thence, cruising northwards, over waters known to be frequented here and there by the Sperm Whale, sweep inshore by the Philippine Islands, and gain the far coast of Japan, in time for the great whaling season there. By these means, the circumnavigating Pequod would sweep almost all the known Sperm Whale cruising grounds of the world, previous to descending upon the Line in the Pacific; where Ahab, though everywhere else foiled in his pursuit, firmly counted upon giving battle to Moby Dick, in the sea he was most known to frequent; and at a season when he might most reasonably be presumed to be haunting it. […]","https://www.gutenberg.org/files/2701/2701-h/2701-h.htm#link2HCH0087","https://en.wikipedia.org/wiki/Japan"
"87","The Grand Armada","Atlantic Ocean","Mentioned locations","0","-25","area","en","[…] creatures at the centre freely and fearlessly indulge in all peaceful concernments; yea, serenely revelled in dalliance and delight. But even so, amid the tornadoed Atlantic of my being, do I myself still for ever centrally disport in mute calm; and while ponderous planets of unwaning woe revolve round me, deep down and deep inland there I still bathe me in eternal mildness of joy. Meanwhile, as we thus lay entranced, the occasional sudden frantic spectacles in the distance evinced the activity of the other boats, still engaged in drugging the whales on the frontier of the host; or possibly carrying on the […]","https://www.gutenberg.org/files/2701/2701-h/2701-h.htm#link2HCH0087","https://en.wikipedia.org/wiki/Atlantic_Ocean"
"87","The Grand Armada","Pacific Ocean","Mentioned locations","0","-160","area","en","[…] By these means, the circumnavigating Pequod would sweep almost all the known Sperm Whale cruising grounds of the world, previous to descending upon the Line in the Pacific; where Ahab, though everywhere else foiled in his pursuit, firmly counted upon giving battle to Moby Dick, in the sea he was most known to frequent; and at a season when he might most reasonably be presumed to be haunting it. But how now? in this zoned quest, does Ahab touch no land? does his crew drink air? Surely, he will stop for water. Nay. For a long time, now, the circus-running sun has raced within his fiery ring, and needs no […]","https://www.gutenberg.org/files/2701/2701-h/2701-h.htm#link2HCH0087","https://en.wikipedia.org/wiki/Pacific_Ocean"
"87","The Grand Armada","Mediterranean Sea","Mentioned locations","35","18","area","en","[…] being guarded from the all-grasping western world. The shores of the Straits of Sunda are unsupplied with those domineering fortresses which guard the entrances to the Mediterranean, the Baltic, and the Propontis. Unlike the Danes, these Orientals do not demand the obsequious homage of lowered top-sails from the endless procession of ships before the wind, which for centuries past, by night and by day, have passed between the islands of Sumatra and Java, freighted with the costliest cargoes of the east. But while they freely waive a ceremonial like this, they do by no means renounce their claim to more solid […]","https://www.gutenberg.org/files/2701/2701-h/2701-h.htm#link2HCH0087","https://en.wikipedia.org/wiki/Mediterranean_Sea"
"87","The Grand Armada","Sea of Marmara","Mentioned locations","40.75","28","area","en","[…] western world. The shores of the Straits of Sunda are unsupplied with those domineering fortresses which guard the entrances to the Mediterranean, the Baltic, and the Propontis. Unlike the Danes, these Orientals do not demand the obsequious homage of lowered top-sails from the endless procession of ships before the wind, which for centuries past, by night and by day, have passed between the islands of Sumatra and Java, freighted with the costliest cargoes of the east. But while they freely waive a ceremonial like this, they do by no means renounce their claim to more solid tribute. Time out of mind the […]","https://www.gutenberg.org/files/2701/2701-h/2701-h.htm#link2HCH0087","https://www.wikidata.org/wiki/Q35367"
"87","The Grand Armada","Baltic Sea","Mentioned locations","58","20","area","en","[…] the all-grasping western world. The shores of the Straits of Sunda are unsupplied with those domineering fortresses which guard the entrances to the Mediterranean, the Baltic, and the Propontis. Unlike the Danes, these Orientals do not demand the obsequious homage of lowered top-sails from the endless procession of ships before the wind, which for centuries past, by night and by day, have passed between the islands of Sumatra and Java, freighted with the costliest cargoes of the east. But while they freely waive a ceremonial like this, they do by no means renounce their claim to more solid tribute. Time out of […]","https://www.gutenberg.org/files/2701/2701-h/2701-h.htm#link2HCH0087","https://en.wikipedia.org/wiki/Baltic_Sea"
"87","The Grand Armada","Dardanelles","Mentioned locations","40.2","26.4","area","en","[…] up, and stay so! Spring, men—pull, men; never mind their backs—scrape them!—scrape away!” The boat was now all but jammed between two vast black bulks, leaving a narrow Dardanelles between their long lengths. But by desperate endeavor we at last shot into a temporary opening; then giving way rapidly, and at the same time earnestly watching for another outlet. After many similar hair-breadth escapes, we at last swiftly glided into what had just been one of the outer circles, but now crossed by random whales, all violently making for one centre. This lucky salvation was cheaply purchased by the loss of Queequeg’s […]","https://www.gutenberg.org/files/2701/2701-h/2701-h.htm#link2HCH0087","https://en.wikipedia.org/wiki/Dardanelles"
"87","The Grand Armada","New York City","Mentioned locations","40.71277777777778","-74.00611111111111","area","en","[…] before the brackish fluid, but yesterday rafted off in casks, from the Peruvian or Indian streams. Hence it is, that, while other ships may have gone to China from New York, and back again, touching at a score of ports, the whale-ship, in all that interval, may not have sighted one grain of soil; her crew having seen no man but floating seamen like themselves. So that did you carry them the news that another flood had come; they would only answer—”Well, boys, here’s the ark!” Now, as many Sperm Whales had been captured off the western coast of Java, in the near vicinity of the Straits of Sunda; indeed, as […]","https://www.gutenberg.org/files/2701/2701-h/2701-h.htm#link2HCH0087","https://www.wikidata.org/wiki/Q60"
"87","The Grand Armada","Hudson River","Mentioned locations","40.6001","-74.042","area","en","[…] in thickening clusters. Yes, the long calm was departing. A low advancing hum was soon heard; and then like to the tumultuous masses of block-ice when the great river Hudson breaks up in Spring, the entire host of whales came tumbling upon their inner centre, as if to pile themselves up in one common mountain. Instantly Starbuck and Queequeg changed places; Starbuck taking the stern. ”Oars! Oars!” he intensely whispered, seizing the helm—”gripe your oars, and clutch your souls, now! My God, men, stand by! Shove him off, you Queequeg—the whale there!—prick him!—hit him! Stand up—stand up, and stay so! Spring, […]","https://www.gutenberg.org/files/2701/2701-h/2701-h.htm#link2HCH0087","https://www.wikidata.org/wiki/Q3140"
"87","The Grand Armada","China","Mentioned locations","35","103","area","en","[…] sally-ports for the convenience of ships and whales; conspicuous among which are the straits of Sunda and Malacca. By the straits of Sunda, chiefly, vessels bound to China from the west, emerge into the China seas. Those narrow straits of Sunda divide Sumatra from Java; and standing midway in that vast rampart of islands, buttressed by that bold green promontory, known to seamen as Java Head; they not a little correspond to the central gateway opening into some vast walled empire: and considering the inexhaustible wealth of spices, and silks, and jewels, and gold, and ivory, with which the thousand islands of […]","https://www.gutenberg.org/files/2701/2701-h/2701-h.htm#link2HCH0087","https://en.wikipedia.org/wiki/China"
"87","The Grand Armada","Myanmar","Mentioned locations","22","96","area","en","The long and narrow peninsula of Malacca, extending south-eastward from the territories of Birmah, forms the most southerly point of all Asia. In a continuous line from that peninsula stretch the long islands of Sumatra, Java, Bally, and Timor; which, with many others, form a vast mole, or rampart, lengthwise connecting Asia with Australia, and dividing the long unbroken Indian ocean from the thickly studded oriental archipelagoes. This rampart is pierced by several sally-ports for the convenience of ships and whales; conspicuous among which are the […]","https://www.gutenberg.org/files/2701/2701-h/2701-h.htm#link2HCH0087","https://en.wikipedia.org/wiki/Myanmar"
"87","The Grand Armada","Australia","Mentioned locations","-25","133","area","en","[…] from that peninsula stretch the long islands of Sumatra, Java, Bally, and Timor; which, with many others, form a vast mole, or rampart, lengthwise connecting Asia with Australia, and dividing the long unbroken Indian ocean from the thickly studded oriental archipelagoes. This rampart is pierced by several sally-ports for the convenience of ships and whales; conspicuous among which are the straits of Sunda and Malacca. By the straits of Sunda, chiefly, vessels bound to China from the west, emerge into the China seas. Those narrow straits of Sunda divide Sumatra from Java; and standing midway in that vast rampart […]","https://www.gutenberg.org/files/2701/2701-h/2701-h.htm#link2HCH0087","https://www.wikidata.org/wiki/Q408"
"87","The Grand Armada","Asia","Mentioned locations","35","108","area","en","The long and narrow peninsula of Malacca, extending south-eastward from the territories of Birmah, forms the most southerly point of all Asia. In a continuous line from that peninsula stretch the long islands of Sumatra, Java, Bally, and Timor; which, with many others, form a vast mole, or rampart, lengthwise connecting Asia with Australia, and dividing the long unbroken Indian ocean from the thickly studded oriental archipelagoes. This rampart is pierced by several sally-ports for the convenience of ships and whales; conspicuous among which are the straits of Sunda and Malacca. […]","https://www.gutenberg.org/files/2701/2701-h/2701-h.htm#link2HCH0087","https://www.wikidata.org/wiki/Q48"
"87","The Grand Armada","South China Sea","Mentioned locations","12","113","area","en","[…] ships and whales; conspicuous among which are the straits of Sunda and Malacca. By the straits of Sunda, chiefly, vessels bound to China from the west, emerge into the China seas. Those narrow straits of Sunda divide Sumatra from Java; and standing midway in that vast rampart of islands, buttressed by that bold green promontory, known to seamen as Java Head; they not a little correspond to the central gateway opening into some vast walled empire: and considering the inexhaustible wealth of spices, and silks, and jewels, and gold, and ivory, with which the thousand islands of that oriental sea are enriched, it […]","https://www.gutenberg.org/files/2701/2701-h/2701-h.htm#link2HCH0087","https://en.wikipedia.org/wiki/South_China_Sea"
"87","The Grand Armada","Saratoga National Historical Park","Mentioned locations","42.99888889","-73.6375","area","en","[…] him half of the harpoon line; and in the extraordinary agony of the wound, he was now dashing among the revolving circles like the lone mounted desperado Arnold, at the battle of Saratoga, carrying dismay wherever he went. But agonizing as was the wound of this whale, and an appalling spectacle enough, any way; yet the peculiar horror with which he seemed to inspire the rest of the herd, was owing to a cause which at first the intervening distance obscured from us. But at length we perceived that by one of the unimaginable accidents of the fishery, this whale had become entangled in the harpoon-line that he […]","https://www.gutenberg.org/files/2701/2701-h/2701-h.htm#link2HCH0087","https://en.wikipedia.org/wiki/Saratoga_National_Historical_Park"
"88","Schools and Schoolmasters","Harvard University","Mentioned locations","42.37444444","-71.11694444","building","en","[…] wickedness, tumbling round the world at such a reckless, rollicking rate, that no prudent underwriter would insure them any more than he would a riotous lad at Yale or Harvard. They soon relinquish this turbulence though, and when about three-fourths grown, break up, and separately go about in quest of settlements, that is, harems. Another point of difference between the male and female schools is still more characteristic of the sexes. Say you strike a Forty-barrel-bull—poor devil! all his comrades quit him. But strike a member of the harem school, and her companions swim around her with every token of […]","https://www.gutenberg.org/files/2701/2701-h/2701-h.htm#link2HCH0088","https://en.wikipedia.org/wiki/Harvard_University"
"89","Fast-Fish and Loose-Fish","Texas","Mentioned locations","31","-100","area","en","[…] towns and hamlets but Fast-Fish? What to that redoubted harpooneer, John Bull, is poor Ireland, but a Fast-Fish? What to that apostolic lancer, Brother Jonathan, is Texas but a Fast-Fish? And concerning all these, is not Possession the whole of the law? But if the doctrine of Fast-Fish be pretty generally applicable, the kindred doctrine of Loose-Fish is still more widely so. That is internationally and universally applicable. What was America in 1492 but a Loose-Fish, in which Columbus struck the Spanish standard by way of waifing it for his royal master and mistress? What was Poland to the Czar? What Greece […]","https://www.gutenberg.org/files/2701/2701-h/2701-h.htm#link2HCH0089","https://www.wikidata.org/wiki/Q1439"
"89","Fast-Fish and Loose-Fish","Mexico","Mentioned locations","23","-102","area","en","[…] Spanish standard by way of waifing it for his royal master and mistress? What was Poland to the Czar? What Greece to the Turk? What India to England? What at last will Mexico be to the United States? All Loose-Fish. What are the Rights of Man and the Liberties of the World but Loose-Fish? What all men’s minds and opinions but Loose-Fish? What is the principle of religious belief in them but a Loose-Fish? What to the ostentatious smuggling verbalists are the thoughts of thinkers but Loose-Fish? What is the great globe itself but a Loose-Fish? And what are you, reader, but a Loose-Fish and a Fast-Fish, too?","https://www.gutenberg.org/files/2701/2701-h/2701-h.htm#link2HCH0089","https://www.wikidata.org/wiki/Q96"
"89","Fast-Fish and Loose-Fish","India","Mentioned locations","21","78","area","en","[…] in which Columbus struck the Spanish standard by way of waifing it for his royal master and mistress? What was Poland to the Czar? What Greece to the Turk? What India to England? What at last will Mexico be to the United States? All Loose-Fish. What are the Rights of Man and the Liberties of the World but Loose-Fish? What all men’s minds and opinions but Loose-Fish? What is the principle of religious belief in them but a Loose-Fish? What to the ostentatious smuggling verbalists are the thoughts of thinkers but Loose-Fish? What is the great globe itself but a Loose-Fish? And what are you, reader, but a […]","https://www.gutenberg.org/files/2701/2701-h/2701-h.htm#link2HCH0089","https://en.wikipedia.org/wiki/India"
"89","Fast-Fish and Loose-Fish","United States","Mentioned locations","39.828175","-98.5795","area","en","[…] by way of waifing it for his royal master and mistress? What was Poland to the Czar? What Greece to the Turk? What India to England? What at last will Mexico be to the United States? All Loose-Fish. What are the Rights of Man and the Liberties of the World but Loose-Fish? What all men’s minds and opinions but Loose-Fish? What is the principle of religious belief in them but a Loose-Fish? What to the ostentatious smuggling verbalists are the thoughts of thinkers but Loose-Fish? What is the great globe itself but a Loose-Fish? And what are you, reader, but a Loose-Fish and a Fast-Fish, too?","https://www.gutenberg.org/files/2701/2701-h/2701-h.htm#link2HCH0089","https://www.wikidata.org/wiki/Q30"
"89","Fast-Fish and Loose-Fish","England","Mentioned locations","53.13","-1.38","area","en","[…] whale previously chased or killed by another party. But others are by no means so scrupulous. Some fifty years ago there was a curious case of whale-trover litigated in England, wherein the plaintiffs set forth that after a hard chase of a whale in the Northern seas; and when indeed they (the plaintiffs) had succeeded in harpooning the fish; they were at last, through peril of their lives, obliged to forsake not only their lines, but their boat itself. Ultimately the defendants (the crew of another ship) came up with the whale, struck, killed, seized, and finally appropriated it before the very eyes of the […]","https://www.gutenberg.org/files/2701/2701-h/2701-h.htm#link2HCH0089","https://en.wikipedia.org/wiki/England"
"89","Fast-Fish and Loose-Fish","Holland","Mentioned locations","52.25","4.667","area","en","[…] not some written or unwritten, universal, undisputed law applicable to all cases. Perhaps the only formal whaling code authorized by legislative enactment, was that of Holland. It was decreed by the States-General in A.D. 1695. But though no other nation has ever had any written whaling law, yet the American fishermen have been their own legislators and lawyers in this matter. They have provided a system which for terse comprehensiveness surpasses Justinian’s Pandects and the By-laws of the Chinese Society for the Suppression of Meddling with other People’s Business. Yes; these laws might be engraven on a Queen […]","https://www.gutenberg.org/files/2701/2701-h/2701-h.htm#link2HCH0089","https://en.wikipedia.org/wiki/Holland"
"89","Fast-Fish and Loose-Fish","Poland","Mentioned locations","52","19","area","en","[…] applicable. What was America in 1492 but a Loose-Fish, in which Columbus struck the Spanish standard by way of waifing it for his royal master and mistress? What was Poland to the Czar? What Greece to the Turk? What India to England? What at last will Mexico be to the United States? All Loose-Fish. What are the Rights of Man and the Liberties of the World but Loose-Fish? What all men’s minds and opinions but Loose-Fish? What is the principle of religious belief in them but a Loose-Fish? What to the ostentatious smuggling verbalists are the thoughts of thinkers but Loose-Fish? What is the great globe itself […]","https://www.gutenberg.org/files/2701/2701-h/2701-h.htm#link2HCH0089","https://www.wikidata.org/wiki/Q36"
"89","Fast-Fish and Loose-Fish","Americas","Mentioned locations","19","-96","area","en","[…] of Fast-Fish be pretty generally applicable, the kindred doctrine of Loose-Fish is still more widely so. That is internationally and universally applicable. What was America in 1492 but a Loose-Fish, in which Columbus struck the Spanish standard by way of waifing it for his royal master and mistress? What was Poland to the Czar? What Greece to the Turk? What India to England? What at last will Mexico be to the United States? All Loose-Fish. What are the Rights of Man and the Liberties of the World but Loose-Fish? What all men’s minds and opinions but Loose-Fish? What is the principle of religious belief in […]","https://www.gutenberg.org/files/2701/2701-h/2701-h.htm#link2HCH0089","https://www.wikidata.org/wiki/Q828"
"89","Fast-Fish and Loose-Fish","Greece","Mentioned locations","39","22","area","en","[…] in 1492 but a Loose-Fish, in which Columbus struck the Spanish standard by way of waifing it for his royal master and mistress? What was Poland to the Czar? What Greece to the Turk? What India to England? What at last will Mexico be to the United States? All Loose-Fish. What are the Rights of Man and the Liberties of the World but Loose-Fish? What all men’s minds and opinions but Loose-Fish? What is the principle of religious belief in them but a Loose-Fish? What to the ostentatious smuggling verbalists are the thoughts of thinkers but Loose-Fish? What is the great globe itself but a Loose-Fish? And what […]","https://www.gutenberg.org/files/2701/2701-h/2701-h.htm#link2HCH0089","https://en.wikipedia.org/wiki/Greece"
"90","Heads or Tails","Dover","Mentioned locations","51.1275","1.3122222222222","area","en","[…] the above-mentioned law is still in force, I proceed to lay before you a circumstance that happened within the last two years. It seems that some honest mariners of Dover, or Sandwich, or some one of the Cinque Ports, had after a hard chase succeeded in killing and beaching a fine whale which they had originally descried afar off from the shore. Now the Cinque Ports are partially or somehow under the jurisdiction of a sort of policeman or beadle, called a Lord Warden. Holding the office directly from the crown, I believe, all the royal emoluments incident to the Cinque Port territories become by assignment […]","https://www.gutenberg.org/files/2701/2701-h/2701-h.htm#link2HCH0090","https://www.wikidata.org/wiki/Q179224"
"90","Heads or Tails","England","Mentioned locations","53.13","-1.38","area","en","”De balena vero sufficit, si rex habeat caput, et regina caudam.” Bracton, l. 3, c. 3. Latin from the books of the Laws of England, which taken along with the context, means, that of all whales captured by anybody on the coast of that land, the King, as Honorary Grand Harpooneer, must have the head, and the Queen be respectfully presented with the tail. A division which, in the whale, is much like halving an apple; there is no intermediate remainder. Now as this law, under a modified form, is to this day in force in England; and as it offers in various respects a […]","https://www.gutenberg.org/files/2701/2701-h/2701-h.htm#link2HCH0090","https://en.wikipedia.org/wiki/England"
"90","Heads or Tails","Sandwich, Kent","Mentioned locations","51.27472","1.33888","area","en","[…] law is still in force, I proceed to lay before you a circumstance that happened within the last two years. It seems that some honest mariners of Dover, or Sandwich, or some one of the Cinque Ports, had after a hard chase succeeded in killing and beaching a fine whale which they had originally descried afar off from the shore. Now the Cinque Ports are partially or somehow under the jurisdiction of a sort of policeman or beadle, called a Lord Warden. Holding the office directly from the crown, I believe, all the royal emoluments incident to the Cinque Port territories become by assignment his. By […]","https://www.gutenberg.org/files/2701/2701-h/2701-h.htm#link2HCH0090","https://en.wikipedia.org/wiki/Sandwich%2C_Kent"
"91","The Pequod Meets The Rose-Bud","Guernsey","Mentioned locations","49.45","-2.58","area","en","[…] then at this spot, with one hand still to his nose, he bawled—”Bouton-de-Rose, ahoy! are there any of you Bouton-de-Roses that speak English?” ”Yes,” rejoined a Guernsey-man from the bulwarks, who turned out to be the chief-mate. ”Well, then, my Bouton-de-Rose-bud, have you seen the White Whale?” ” What whale?” ”The White Whale—a Sperm Whale—Moby Dick, have ye seen him? ”Never heard of such a whale. Cachalot Blanche! White Whale—no.” ”Very good, then; good bye now, and I’ll call again in a minute.” Then rapidly pulling back towards the Pequod, and seeing Ahab leaning over the quarter-deck rail awaiting […]","https://www.gutenberg.org/files/2701/2701-h/2701-h.htm#link2HCH0091","https://en.wikipedia.org/wiki/Guernsey"
"91","The Pequod Meets The Rose-Bud","Cologne","Mentioned locations","50.93638889","6.95277778","area","en","[…] up one, there, he hasn’t a gill in his whole carcase.” ”I know that well enough; but, d’ye see, the Captain here won’t believe it; this is his first voyage; he was a Cologne manufacturer before. But come aboard, and mayhap he’ll believe you, if he won’t me; and so I’ll get out of this dirty scrape.” ”Anything to oblige ye, my sweet and pleasant fellow,” rejoined Stubb, and with that he soon mounted to the deck. There a queer scene presented itself. The sailors, in tasselled caps of red worsted, were getting the heavy tackles in readiness for the whales. But they worked rather slow and talked very fast, and […]","https://www.gutenberg.org/files/2701/2701-h/2701-h.htm#link2HCH0091","https://en.wikipedia.org/wiki/Cologne"
"92","Ambergris","Nantucket","Mentioned locations","41.276756","-70.090889","area","en","Now this ambergris is a very curious substance, and so important as an article of commerce, that in 1791 a certain Nantucket-born Captain Coffin was examined at the bar of the English House of Commons on that subject. For at that time, and indeed until a comparatively late day, the precise origin of ambergris remained, like amber itself, a problem to the learned. Though the word ambergris is but the French compound for grey amber, yet the two substances are quite distinct. For amber, though at times found on the sea-coast, is also dug up in some far inland […]","https://www.gutenberg.org/files/2701/2701-h/2701-h.htm#link2HCH0092","https://www.wikidata.org/wiki/Q49149"
"92","Ambergris","Pacific Ocean","Mentioned locations","0","-160","area","en","[…] of furnaces, fat-kettles, and oil sheds; and when the works were in full operation certainly gave forth no very pleasant savor. But all this is quite different with a South Sea Sperm Whaler; which in a voyage of four years perhaps, after completely filling her hold with oil, does not, perhaps, consume fifty days in the business of boiling out; and in the state that it is casked, the oil is nearly scentless. The truth is, that living or dead, if but decently treated, whales as a species are by no means creatures of ill odor; nor can whalemen be recognised, as the people of the middle ages affected to detect a […]","https://www.gutenberg.org/files/2701/2701-h/2701-h.htm#link2HCH0092","https://en.wikipedia.org/wiki/Pacific_Ocean"
"92","Ambergris","Greenland","Mentioned locations","72","-40","area","en","[…] thing to rebut. They hint that all whales always smell bad. Now how did this odious stigma originate? I opine, that it is plainly traceable to the first arrival of the Greenland whaling ships in London, more than two centuries ago. Because those whalemen did not then, and do not now, try out their oil at sea as the Southern ships have always done; but cutting up the fresh blubber in small bits, thrust it through the bung holes of large casks, and carry it home in that manner; the shortness of the season in those Icy Seas, and the sudden and violent storms to which they are exposed, forbidding any other course. […]","https://www.gutenberg.org/files/2701/2701-h/2701-h.htm#link2HCH0092","https://en.wikipedia.org/wiki/Greenland"
"92","Ambergris","London","Mentioned locations","51.50722222","-0.1275","area","en","[…] that all whales always smell bad. Now how did this odious stigma originate? I opine, that it is plainly traceable to the first arrival of the Greenland whaling ships in London, more than two centuries ago. Because those whalemen did not then, and do not now, try out their oil at sea as the Southern ships have always done; but cutting up the fresh blubber in small bits, thrust it through the bung holes of large casks, and carry it home in that manner; the shortness of the season in those Icy Seas, and the sudden and violent storms to which they are exposed, forbidding any other course. The consequence is, that […]","https://www.gutenberg.org/files/2701/2701-h/2701-h.htm#link2HCH0092","https://en.wikipedia.org/wiki/London"
"92","Ambergris","Rome","Mentioned locations","41.89333333","12.48277778","area","en","[…] candles, hair-powders, and pomatum. The Turks use it in cooking, and also carry it to Mecca, for the same purpose that frankincense is carried to St. Peter’s in Rome. Some wine merchants drop a few grains into claret, to flavor it. Who would think, then, that such fine ladies and gentlemen should regale themselves with an essence found in the inglorious bowels of a sick whale! Yet so it is. By some, ambergris is supposed to be the cause, and by others the effect, of the dyspepsia in the whale. How to cure such a dyspepsia it were hard to say, unless by administering three or four boat loads of […]","https://www.gutenberg.org/files/2701/2701-h/2701-h.htm#link2HCH0092","https://en.wikipedia.org/wiki/Rome"
"92","Ambergris","St. Peter's Basilica","Mentioned locations","41.90222222222222","12.453416666666667","building","en","[…] in pastiles, precious candles, hair-powders, and pomatum. The Turks use it in cooking, and also carry it to Mecca, for the same purpose that frankincense is carried to St. Peter’s in Rome. Some wine merchants drop a few grains into claret, to flavor it. Who would think, then, that such fine ladies and gentlemen should regale themselves with an essence found in the inglorious bowels of a sick whale! Yet so it is. By some, ambergris is supposed to be the cause, and by others the effect, of the dyspepsia in the whale. How to cure such a dyspepsia it were hard to say, unless by administering three or four boat […]","https://www.gutenberg.org/files/2701/2701-h/2701-h.htm#link2HCH0092","https://www.wikidata.org/wiki/Q12512"
"92","Ambergris","Holland","Mentioned locations","52.25","4.667","area","en","[…] (smeer, fat; berg, to put up), this village was founded in order to afford a place for the blubber of the Dutch whale fleet to be tried out, without being taken home to Holland for that purpose. It was a collection of furnaces, fat-kettles, and oil sheds; and when the works were in full operation certainly gave forth no very pleasant savor. But all this is quite different with a South Sea Sperm Whaler; which in a voyage of four years perhaps, after completely filling her hold with oil, does not, perhaps, consume fifty days in the business of boiling out; and in the state that it is casked, the oil is nearly […]","https://www.gutenberg.org/files/2701/2701-h/2701-h.htm#link2HCH0092","https://en.wikipedia.org/wiki/Holland"
"92","Ambergris","Mecca","Mentioned locations","21.4225","39.82333333","area","en","[…] fragrant and spicy, that it is largely used in perfumery, in pastiles, precious candles, hair-powders, and pomatum. The Turks use it in cooking, and also carry it to Mecca, for the same purpose that frankincense is carried to St. Peter’s in Rome. Some wine merchants drop a few grains into claret, to flavor it. Who would think, then, that such fine ladies and gentlemen should regale themselves with an essence found in the inglorious bowels of a sick whale! Yet so it is. By some, ambergris is supposed to be the cause, and by others the effect, of the dyspepsia in the whale. How to cure such a dyspepsia it were […]","https://www.gutenberg.org/files/2701/2701-h/2701-h.htm#link2HCH0092","https://en.wikipedia.org/wiki/Mecca"
"92","Ambergris","Smeerenburg","Mentioned locations","79.73166667","10.995","area","en","[…] surmise also, that this wicked charge against whalers may be likewise imputed to the existence on the coast of Greenland, in former times, of a Dutch village called Schmerenburgh or Smeerenberg, which latter name is the one used by the learned Fogo Von Slack, in his great work on Smells, a text-book on that subject. As its name imports (smeer, fat; berg, to put up), this village was founded in order to afford a place for the blubber of the Dutch whale fleet to be tried out, without being taken home to Holland for that purpose. It was a collection of furnaces, fat-kettles, and oil sheds; and when the works […]","https://www.gutenberg.org/files/2701/2701-h/2701-h.htm#link2HCH0092","https://en.wikipedia.org/wiki/Smeerenburg"
"93","The Castaway","Alabama","Mentioned locations","33","-87","area","en","[…] the Lord, I won’t pick you up if you jump; mind that. We can’t afford to lose whales by the likes of you; a whale would sell for thirty times what you would, Pip, in Alabama. Bear that in mind, and don’t jump any more.” Hereby perhaps Stubb indirectly hinted, that though man loved his fellow, yet man is a money-making animal, which propensity too often interferes with his benevolence. But we are all in the hands of the Gods; and Pip jumped again. It was under very similar circumstances to the first performance; but this time he did not breast out the line; and hence, when the whale started to run, Pip was left […]","https://www.gutenberg.org/files/2701/2701-h/2701-h.htm#link2HCH0093","https://en.wikipedia.org/wiki/Alabama"
"93","The Castaway","Connecticut","Mentioned locations","41.6","-72.7","area","en","[…] was destined to be luridly illumined by strange wild fires, that fictitiously showed him off to ten times the natural lustre with which in his native Tolland County in Connecticut, he had once enlivened many a fiddler’s frolic on the green; and at melodious even-tide, with his gay ha-ha! had turned the round horizon into one star-belled tambourine. So, though in the clear air of day, suspended against a blue-veined neck, the pure-watered diamond drop will healthful glow; yet, when the cunning jeweller would show you the diamond in its most impressive lustre, he lays it against a gloomy ground, and then lights […]","https://www.gutenberg.org/files/2701/2701-h/2701-h.htm#link2HCH0093","https://en.wikipedia.org/wiki/Connecticut"
"93","The Castaway","Tolland County, Connecticut","Mentioned locations","41.85","-72.33","area","en","[…] in him, in the end was destined to be luridly illumined by strange wild fires, that fictitiously showed him off to ten times the natural lustre with which in his native Tolland County in Connecticut, he had once enlivened many a fiddler’s frolic on the green; and at melodious even-tide, with his gay ha-ha! had turned the round horizon into one star-belled tambourine. So, though in the clear air of day, suspended against a blue-veined neck, the pure-watered diamond drop will healthful glow; yet, when the cunning jeweller would show you the diamond in its most impressive lustre, he lays it against a gloomy ground, […]","https://www.gutenberg.org/files/2701/2701-h/2701-h.htm#link2HCH0093","https://en.wikipedia.org/wiki/Tolland_County%2C_Connecticut"
"94","A Squeeze of the Hand","Heidelberg Tun","Mentioned locations","49.41096","8.7147","building","en","[…] was duly brought to the Pequod’s side, where all those cutting and hoisting operations previously detailed, were regularly gone through, even to the baling of the Heidelburgh Tun, or Case. While some were occupied with this latter duty, others were employed in dragging away the larger tubs, so soon as filled with the sperm; and when the proper time arrived, this same sperm was carefully manipulated ere going to the try-works, of which anon. It had cooled and crystallized to such a degree, that when, with several others, I sat down before a large Constantine’s bath of it, I found it strangely concreted into […]","https://www.gutenberg.org/files/2701/2701-h/2701-h.htm#link2HCH0094","https://www.wikidata.org/wiki/Q558540"
"95","The Cassock","Kidron Valley","Mentioned locations","31.776972222222224","35.23897222222222","area","en","[…] groves of Queen Maachah in Judea; and for worshipping which, King Asa, her son, did depose her, and destroyed the idol, and burnt it for an abomination at the brook Kedron, as darkly set forth in the 15th chapter of the First Book of Kings. Look at the sailor, called the mincer, who now comes along, and assisted by two allies, heavily backs the grandissimus, as the mariners call it, and with bowed shoulders, staggers off with it as if he were a grenadier carrying a dead comrade from the field. Extending it upon the forecastle deck, he now proceeds cylindrically to remove its dark pelt, as an African hunter […]","https://www.gutenberg.org/files/2701/2701-h/2701-h.htm#link2HCH0095","https://www.wikidata.org/wiki/Q860532"
"96","The Try-Works","Virginia","Mentioned locations","37.5","-79","area","en","[…] the morn will show in far other, at least gentler, relief; the glorious, golden, glad sun, the only true lamp—all others but liars! Nevertheless the sun hides not Virginia’s Dismal Swamp, nor Rome’s accursed Campagna, nor wide Sahara, nor all the millions of miles of deserts and of griefs beneath the moon. The sun hides not the ocean, which is the dark side of this earth, and which is two thirds of this earth. So, therefore, that mortal man who hath more of joy than sorrow in him, that mortal man cannot be true—not true, or undeveloped. With books the same. The truest of all men was the Man of Sorrows, and […]","https://www.gutenberg.org/files/2701/2701-h/2701-h.htm#link2HCH0096","https://www.wikidata.org/wiki/Q1370"
"96","The Try-Works","Rome","Mentioned locations","41.89333333","12.48277778","area","en","[…] other, at least gentler, relief; the glorious, golden, glad sun, the only true lamp—all others but liars! Nevertheless the sun hides not Virginia’s Dismal Swamp, nor Rome’s accursed Campagna, nor wide Sahara, nor all the millions of miles of deserts and of griefs beneath the moon. The sun hides not the ocean, which is the dark side of this earth, and which is two thirds of this earth. So, therefore, that mortal man who hath more of joy than sorrow in him, that mortal man cannot be true—not true, or undeveloped. With books the same. The truest of all men was the Man of Sorrows, and the truest of all books is […]","https://www.gutenberg.org/files/2701/2701-h/2701-h.htm#link2HCH0096","https://en.wikipedia.org/wiki/Rome"
"96","The Try-Works","Great Dismal Swamp","Mentioned locations","36.640876","-76.451797","area","en","[…] will show in far other, at least gentler, relief; the glorious, golden, glad sun, the only true lamp—all others but liars! Nevertheless the sun hides not Virginia’s Dismal Swamp, nor Rome’s accursed Campagna, nor wide Sahara, nor all the millions of miles of deserts and of griefs beneath the moon. The sun hides not the ocean, which is the dark side of this earth, and which is two thirds of this earth. So, therefore, that mortal man who hath more of joy than sorrow in him, that mortal man cannot be true—not true, or undeveloped. With books the same. The truest of all men was the Man of Sorrows, and the truest […]","https://www.gutenberg.org/files/2701/2701-h/2701-h.htm#link2HCH0096","https://en.wikipedia.org/wiki/Great_Dismal_Swamp"
"96","The Try-Works","Roman Campagna","Mentioned locations","41.68907383537327","12.591065761813166","area","en","[…] gentler, relief; the glorious, golden, glad sun, the only true lamp—all others but liars! Nevertheless the sun hides not Virginia’s Dismal Swamp, nor Rome’s accursed Campagna, nor wide Sahara, nor all the millions of miles of deserts and of griefs beneath the moon. The sun hides not the ocean, which is the dark side of this earth, and which is two thirds of this earth. So, therefore, that mortal man who hath more of joy than sorrow in him, that mortal man cannot be true—not true, or undeveloped. With books the same. The truest of all men was the Man of Sorrows, and the truest of all books is Solomon’s, and […]","https://www.gutenberg.org/files/2701/2701-h/2701-h.htm#link2HCH0096","https://www.wikidata.org/wiki/Q1030086"
"96","The Try-Works","Sahara","Mentioned locations","23","13","area","en","[…] the glorious, golden, glad sun, the only true lamp—all others but liars! Nevertheless the sun hides not Virginia’s Dismal Swamp, nor Rome’s accursed Campagna, nor wide Sahara, nor all the millions of miles of deserts and of griefs beneath the moon. The sun hides not the ocean, which is the dark side of this earth, and which is two thirds of this earth. So, therefore, that mortal man who hath more of joy than sorrow in him, that mortal man cannot be true—not true, or undeveloped. With books the same. The truest of all men was the Man of Sorrows, and the truest of all books is Solomon’s, and Ecclesiastes is the […]","https://www.gutenberg.org/files/2701/2701-h/2701-h.htm#link2HCH0096","https://en.wikipedia.org/wiki/Sahara"
"96","The Try-Works","Catskill Mountains","Mentioned locations","41.99861111","-74.38638889","area","en","[…] up, then, to fire, lest it invert thee, deaden thee; as for the time it did me. There is a wisdom that is woe; but there is a woe that is madness. And there is a Catskill eagle in some souls that can alike dive down into the blackest gorges, and soar out of them again and become invisible in the sunny spaces. And even if he for ever flies within the gorge, that gorge is in the mountains; so that even in his lowest swoop the mountain eagle is still higher than other birds upon the plain, even though they soar.","https://www.gutenberg.org/files/2701/2701-h/2701-h.htm#link2HCH0096","https://en.wikipedia.org/wiki/Catskill_Mountains"
"98","Stowing Down and Clearing Up","Greece","Mentioned locations","39","22","area","en","[…] ghost is spouted up, and away we sail to fight some other world, and go through young life’s old routine again. Oh! the metempsychosis! Oh! Pythagoras, that in bright Greece, two thousand years ago, did die, so good, so wise, so mild; I sailed with thee along the Peruvian coast last voyage—and, foolish as I am, taught thee, a green simple boy, how to splice a rope!","https://www.gutenberg.org/files/2701/2701-h/2701-h.htm#link2HCH0098","https://en.wikipedia.org/wiki/Greece"
"99","The Doubloon","Corlears Hook Park","Mentioned locations","40.7120985","-73.979982","area","en","[…] and both with faces which I should say might be somewhere within nine fathoms long. And all from looking at a piece of gold, which did I have it now on Negro Hill or in Corlaer’s Hook, I’d not look at it very long ere spending it. Humph! in my poor, insignificant opinion, I regard this as queer. I have seen doubloons before now in my voyagings; your doubloons of old Spain, your doubloons of Peru, your doubloons of Chili, your doubloons of Bolivia, your doubloons of Popayan; with plenty of gold moidores and pistoles, and joes, and half joes, and quarter joes. What then should there be in this doubloon of the […]","https://www.gutenberg.org/files/2701/2701-h/2701-h.htm#link2HCH0099","https://geocode.arcgis.com/arcgis/rest/services/World/GeocodeServer/findAddressCandidates?f=json&outSR=4326&outFields=*&SingleLine=Corlears%20Hook%20Park%2C%20Manhattan%2C%20New%20York"
"99","The Doubloon","Boston","Mentioned locations","42.360277777777775","-71.05777777777777","area","en","[…] lurks in all things, else all things are little worth, and the round world itself but an empty cipher, except to sell by the cartload, as they do hills about Boston, to fill up some morass in the Milky Way. Now this doubloon was of purest, virgin gold, raked somewhere out of the heart of gorgeous hills, whence, east and west, over golden sands, the head-waters of many a Pactolus flows. And though now nailed amidst all the rustiness of iron bolts and the verdigris of copper spikes, yet, untouchable and immaculate to any foulness, it still preserved its Quito glow. Nor, though placed amongst a ruthless […]","https://www.gutenberg.org/files/2701/2701-h/2701-h.htm#link2HCH0099","https://www.wikidata.org/wiki/Q100"
"99","The Doubloon","Massachusetts","Mentioned locations","42.3","-71.8","area","en","[…] I’ll get the almanac and as I have heard devils can be raised with Daboll’s arithmetic, I’ll try my hand at raising a meaning out of these queer curvicues here with the Massachusetts calendar. Here’s the book. Let’s see now. Signs and wonders; and the sun, he’s always among ’em. Hem, hem, hem; here they are—here they go—all alive:—Aries, or the Ram; Taurus, or the Bull and Jimimi! here’s Gemini himself, or the Twins. Well; the sun he wheels among ’em. Aye, here on the coin he’s just crossing the threshold between two of twelve sitting-rooms all in a ring. Book! you lie there; the fact is, you books must know […]","https://www.gutenberg.org/files/2701/2701-h/2701-h.htm#link2HCH0099","https://www.wikidata.org/wiki/Q771"
"99","The Doubloon","Quito","Mentioned locations","-0.22","-78.5125","area","en","[…] And though now nailed amidst all the rustiness of iron bolts and the verdigris of copper spikes, yet, untouchable and immaculate to any foulness, it still preserved its Quito glow. Nor, though placed amongst a ruthless crew and every hour passed by ruthless hands, and through the livelong nights shrouded with thick darkness which might cover any pilfering approach, nevertheless every sunrise found the doubloon where the sunset left it last. For it was set apart and sanctified to one awe-striking end; and however wanton in their sailor ways, one and all, the mariners revered it as the white whale’s talisman. […]","https://www.gutenberg.org/files/2701/2701-h/2701-h.htm#link2HCH0099","https://www.wikidata.org/wiki/Q2900"
"99","The Doubloon","Chile","Mentioned locations","-34","-71","area","en","[…] insignificant opinion, I regard this as queer. I have seen doubloons before now in my voyagings; your doubloons of old Spain, your doubloons of Peru, your doubloons of Chili, your doubloons of Bolivia, your doubloons of Popayan; with plenty of gold moidores and pistoles, and joes, and half joes, and quarter joes. What then should there be in this doubloon of the Equator that is so killing wonderful? By Golconda! let me read it once. Halloa! here’s signs and wonders truly! That, now, is what old Bowditch in his Epitome calls the zodiac, and what my almanac below calls ditto. I’ll get the almanac and as I have […]","https://www.gutenberg.org/files/2701/2701-h/2701-h.htm#link2HCH0099","https://en.wikipedia.org/wiki/Chile"
"99","The Doubloon","Peru","Mentioned locations","-9.4","-76","area","en","[…] it. Humph! in my poor, insignificant opinion, I regard this as queer. I have seen doubloons before now in my voyagings; your doubloons of old Spain, your doubloons of Peru, your doubloons of Chili, your doubloons of Bolivia, your doubloons of Popayan; with plenty of gold moidores and pistoles, and joes, and half joes, and quarter joes. What then should there be in this doubloon of the Equator that is so killing wonderful? By Golconda! let me read it once. Halloa! here’s signs and wonders truly! That, now, is what old Bowditch in his Epitome calls the zodiac, and what my almanac below calls ditto. I’ll get the […]","https://www.gutenberg.org/files/2701/2701-h/2701-h.htm#link2HCH0099","https://www.wikidata.org/wiki/Q419"
"99","The Doubloon","Bolivia","Mentioned locations","-16.712","-64.666","area","en","[…] regard this as queer. I have seen doubloons before now in my voyagings; your doubloons of old Spain, your doubloons of Peru, your doubloons of Chili, your doubloons of Bolivia, your doubloons of Popayan; with plenty of gold moidores and pistoles, and joes, and half joes, and quarter joes. What then should there be in this doubloon of the Equator that is so killing wonderful? By Golconda! let me read it once. Halloa! here’s signs and wonders truly! That, now, is what old Bowditch in his Epitome calls the zodiac, and what my almanac below calls ditto. I’ll get the almanac and as I have heard devils can be raised […]","https://www.gutenberg.org/files/2701/2701-h/2701-h.htm#link2HCH0099","https://en.wikipedia.org/wiki/Bolivia"
"99","The Doubloon","Andes","Mentioned locations","-32","-70","area","en","[…] QUITO. So this bright coin came from a country planted in the middle of the world, and beneath the great equator, and named after it; and it had been cast midway up the Andes, in the unwaning clime that knows no autumn. Zoned by those letters you saw the likeness of three Andes’ summits; from one a flame; a tower on another; on the third a crowing cock; while arching over all was a segment of the partitioned zodiac, the signs all marked with their usual cabalistics, and the keystone sun entering the equinoctial point at Libra. Before this equatorial coin, Ahab, not unobserved by others, was now pausing. ”There’s […]","https://www.gutenberg.org/files/2701/2701-h/2701-h.htm#link2HCH0099","https://en.wikipedia.org/wiki/Andes"
"99","The Doubloon","Spain","Mentioned locations","40.2","-3.5","area","en","[…] it very long ere spending it. Humph! in my poor, insignificant opinion, I regard this as queer. I have seen doubloons before now in my voyagings; your doubloons of old Spain, your doubloons of Peru, your doubloons of Chili, your doubloons of Bolivia, your doubloons of Popayan; with plenty of gold moidores and pistoles, and joes, and half joes, and quarter joes. What then should there be in this doubloon of the Equator that is so killing wonderful? By Golconda! let me read it once. Halloa! here’s signs and wonders truly! That, now, is what old Bowditch in his Epitome calls the zodiac, and what my almanac below […]","https://www.gutenberg.org/files/2701/2701-h/2701-h.htm#link2HCH0099","https://www.wikidata.org/wiki/Q29"
"99","The Doubloon","Tolland County, Connecticut","Mentioned locations","41.85","-72.33","area","en","[…] for when aught’s nailed to the mast it’s a sign that things grow desperate. Ha, ha! old Ahab! the White Whale; he’ll nail ye! This is a pine tree. My father, in old Tolland county, cut down a pine tree once, and found a silver ring grown over in it; some old darkey’s wedding ring. How did it get there? And so they’ll say in the resurrection, when they come to fish up this old mast, and find a doubloon lodged in it, with bedded oysters for the shaggy bark. Oh, the gold! the precious, precious, gold! the green miser’ll hoard ye soon! Hish! hish! God goes ’mong the worlds blackberrying. Cook! ho, cook! and cook […]","https://www.gutenberg.org/files/2701/2701-h/2701-h.htm#link2HCH0099","https://en.wikipedia.org/wiki/Tolland_County%2C_Connecticut"
"99","The Doubloon","Pactolus","Mentioned locations","38.52327","28.042774","area","en","[…] Now this doubloon was of purest, virgin gold, raked somewhere out of the heart of gorgeous hills, whence, east and west, over golden sands, the head-waters of many a Pactolus flows. And though now nailed amidst all the rustiness of iron bolts and the verdigris of copper spikes, yet, untouchable and immaculate to any foulness, it still preserved its Quito glow. Nor, though placed amongst a ruthless crew and every hour passed by ruthless hands, and through the livelong nights shrouded with thick darkness which might cover any pilfering approach, nevertheless every sunrise found the doubloon where the sunset […]","https://www.gutenberg.org/files/2701/2701-h/2701-h.htm#link2HCH0099","https://en.wikipedia.org/wiki/Pactolus"
"99","The Doubloon","South America","Mentioned locations","-21","-59","area","en","[…] they talked it over in the weary watch by night, wondering whose it was to be at last, and whether he would ever live to spend it. Now those noble golden coins of South America are as medals of the sun and tropic token-pieces. Here palms, alpacas, and volcanoes; sun’s disks and stars; ecliptics, horns-of-plenty, and rich banners waving, are in luxuriant profusion stamped; so that the precious gold seems almost to derive an added preciousness and enhancing glories, by passing through those fancy mints, so Spanishly poetic. It so chanced that the doubloon of the Pequod was a most wealthy example of these […]","https://www.gutenberg.org/files/2701/2701-h/2701-h.htm#link2HCH0099","https://www.wikidata.org/wiki/Q18"
"99","The Doubloon","Popayán","Mentioned locations","2.45416667","-76.60916667","area","en","[…] seen doubloons before now in my voyagings; your doubloons of old Spain, your doubloons of Peru, your doubloons of Chili, your doubloons of Bolivia, your doubloons of Popayan; with plenty of gold moidores and pistoles, and joes, and half joes, and quarter joes. What then should there be in this doubloon of the Equator that is so killing wonderful? By Golconda! let me read it once. Halloa! here’s signs and wonders truly! That, now, is what old Bowditch in his Epitome calls the zodiac, and what my almanac below calls ditto. I’ll get the almanac and as I have heard devils can be raised with Daboll’s arithmetic, […]","https://www.gutenberg.org/files/2701/2701-h/2701-h.htm#link2HCH0099","https://en.wikipedia.org/wiki/Popay%C3%A1n"
"99","The Doubloon","Golconda","Mentioned locations","17.38305556","78.40111111","area","en","[…] of gold moidores and pistoles, and joes, and half joes, and quarter joes. What then should there be in this doubloon of the Equator that is so killing wonderful? By Golconda! let me read it once. Halloa! here’s signs and wonders truly! That, now, is what old Bowditch in his Epitome calls the zodiac, and what my almanac below calls ditto. I’ll get the almanac and as I have heard devils can be raised with Daboll’s arithmetic, I’ll try my hand at raising a meaning out of these queer curvicues here with the Massachusetts calendar. Here’s the book. Let’s see now. Signs and wonders; and the sun, he’s always among […]","https://www.gutenberg.org/files/2701/2701-h/2701-h.htm#link2HCH0099","https://en.wikipedia.org/wiki/Golconda"
"99","The Doubloon","Copenhagen","Mentioned locations","55.67611111","12.56833333","area","en","[…] month and a day, when the sun stands in some one of these signs. I’ve studied signs, and know their marks; they were taught me two score years ago, by the old witch in Copenhagen. Now, in what sign will the sun then be? The horse-shoe sign; for there it is, right opposite the gold. And what’s the horse-shoe sign? The lion is the horse-shoe sign—the roaring and devouring lion. Ship, old ship! my old head shakes to think of thee.” ”There’s another rendering now; but still one text. All sorts of men in one kind of world, you see. Dodge again! here comes Queequeg—all tattooing—looks like the signs of the Zodiac […]","https://www.gutenberg.org/files/2701/2701-h/2701-h.htm#link2HCH0099","https://en.wikipedia.org/wiki/Copenhagen"
"100","Leg and Arm","Nantucket","Mentioned locations","41.276756","-70.090889","area","en","The Pequod, of Nantucket, Meets the Samuel Enderby, of London. ”Ship, ahoy! Hast seen the White Whale?” So cried Ahab, once more hailing a ship showing English colours, bearing down under the stern. Trumpet to mouth, the old man was standing in his hoisted quarter-boat, his ivory leg plainly revealed to the stranger captain, who was carelessly reclining in his own boat’s bow. He was a darkly-tanned, burly, good-natured, fine-looking man, of sixty or thereabouts, dressed in a spacious roundabout, that hung round him in festoons of blue pilot-cloth; and […]","https://www.gutenberg.org/files/2701/2701-h/2701-h.htm#link2HCH0100","https://www.wikidata.org/wiki/Q49149"
"100","Leg and Arm","Lima","Mentioned locations","-12.06","-77.0375","area","en","[…] but as I was groping at midday, with a blinding sun, all crown-jewels; as I was groping, I say, after the second iron, to toss it overboard—down comes the tail like a Lima tower, cutting my boat in two, leaving each half in splinters; and, flukes first, the white hump backed through the wreck, as though it was all chips. We all struck out. To escape his terrible flailings, I seized hold of my harpoon-pole sticking in him, and for a moment clung to that like a sucking fish. But a combing sea dashed me off, and at the same instant, the fish, taking one good dart forwards, went down like a flash; and the barb of […]","https://www.gutenberg.org/files/2701/2701-h/2701-h.htm#link2HCH0100","https://www.wikidata.org/wiki/Q2868"
"100","Leg and Arm","Manila","Mentioned locations","14.595833333333333","120.97722222222222","area","en","[…] oar, and Ahab, swinging the cutting-tackle towards him, commanded the ship’s sailors to stand by to lower. In a moment he was standing in the boat’s stern, and the Manilla men were springing to their oars. In vain the English Captain hailed him. With back to the stranger ship, and face set like a flint to his own, Ahab stood upright till alongside of the Pequod.","https://www.gutenberg.org/files/2701/2701-h/2701-h.htm#link2HCH0100","https://www.wikidata.org/wiki/Q1461"
"100","Leg and Arm","London","Mentioned locations","51.50722222","-0.1275","area","en","The Pequod, of Nantucket, Meets the Samuel Enderby, of London. ”Ship, ahoy! Hast seen the White Whale?” So cried Ahab, once more hailing a ship showing English colours, bearing down under the stern. Trumpet to mouth, the old man was standing in his hoisted quarter-boat, his ivory leg plainly revealed to the stranger captain, who was carelessly reclining in his own boat’s bow. He was a darkly-tanned, burly, good-natured, fine-looking man, of sixty or thereabouts, dressed in a spacious roundabout, that hung round him in festoons of blue pilot-cloth; and […]","https://www.gutenberg.org/files/2701/2701-h/2701-h.htm#link2HCH0100","https://en.wikipedia.org/wiki/London"
"100","Leg and Arm","Sri Lanka","Mentioned locations","7","81","area","en","[…] For he never means to swallow a single limb; he only thinks to terrify by feints. But sometimes he is like the old juggling fellow, formerly a patient of mine in Ceylon, that making believe swallow jack-knives, once upon a time let one drop into him in good earnest, and there it stayed for a twelvemonth or more; when I gave him an emetic, and he heaved it up in small tacks, d’ye see. No possible way for him to digest that jack-knife, and fully incorporate it into his general bodily system. Yes, Captain Boomer, if you are quick enough about it, and have a mind to pawn one arm for the sake of the privilege […]","https://www.gutenberg.org/files/2701/2701-h/2701-h.htm#link2HCH0100","https://en.wikipedia.org/wiki/Sri_Lanka"
"101","The Decanter","New Bedford, Massachusetts","Mentioned locations","41.636111111111","-70.934722222222","area","en","[…] in our southern fishery, beer would be apt to make the harpooneer sleepy at the mast-head and boozy in his boat; and grievous loss might ensue to Nantucket and New Bedford. But no more; enough has been said to show that the old Dutch whalers of two or three centuries ago were high livers; and that the English whalers have not neglected so excellent an example. For, say they, when cruising in an empty ship, if you can get nothing better out of the world, get a good dinner out of it, at least. And this empties the decanter.","https://www.gutenberg.org/files/2701/2701-h/2701-h.htm#link2HCH0101","https://www.wikidata.org/wiki/Q49147"
"101","The Decanter","Nantucket","Mentioned locations","41.276756","-70.090889","area","en","[…] out the first English ships that ever regularly hunted the Sperm Whale; though for some score of years previous (ever since 1726) our valiant Coffins and Maceys of Nantucket and the Vineyard had in large fleets pursued that Leviathan, but only in the North and South Atlantic: not elsewhere. Be it distinctly recorded here, that the Nantucketers were the first among mankind to harpoon with civilized steel the great Sperm Whale; and that for half a century they were the only people of the whole globe who so harpooned him. In 1778, a fine ship, the Amelia, fitted out for the express purpose, and at the sole […]","https://www.gutenberg.org/files/2701/2701-h/2701-h.htm#link2HCH0101","https://www.wikidata.org/wiki/Q49149"
"101","The Decanter","Martha's Vineyard","Mentioned locations","41.4","-70.616666666667","area","en","[…] English ships that ever regularly hunted the Sperm Whale; though for some score of years previous (ever since 1726) our valiant Coffins and Maceys of Nantucket and the Vineyard had in large fleets pursued that Leviathan, but only in the North and South Atlantic: not elsewhere. Be it distinctly recorded here, that the Nantucketers were the first among mankind to harpoon with civilized steel the great Sperm Whale; and that for half a century they were the only people of the whole globe who so harpooned him. In 1778, a fine ship, the Amelia, fitted out for the express purpose, and at the sole charge of the […]","https://www.gutenberg.org/files/2701/2701-h/2701-h.htm#link2HCH0101","https://www.wikidata.org/wiki/Q49148"
"101","The Decanter","Japan","Mentioned locations","36","138","area","en","[…] much does not appear. But this is not all. In 1819, the same house fitted out a discovery whale ship of their own, to go on a tasting cruise to the remote waters of Japan. That ship—well called the ”Syren”—made a noble experimental cruise; and it was thus that the great Japanese Whaling Ground first became generally known. The Syren in this famous voyage was commanded by a Captain Coffin, a Nantucketer. All honor to the Enderbies, therefore, whose house, I think, exists to the present day; though doubtless the original Samuel must long ago have slipped his cable for the great South Sea of the other world. The […]","https://www.gutenberg.org/files/2701/2701-h/2701-h.htm#link2HCH0101","https://en.wikipedia.org/wiki/Japan"
"101","The Decanter","Atlantic Ocean","Mentioned locations","0","-25","area","en","[…] previous (ever since 1726) our valiant Coffins and Maceys of Nantucket and the Vineyard had in large fleets pursued that Leviathan, but only in the North and South Atlantic: not elsewhere. Be it distinctly recorded here, that the Nantucketers were the first among mankind to harpoon with civilized steel the great Sperm Whale; and that for half a century they were the only people of the whole globe who so harpooned him. In 1778, a fine ship, the Amelia, fitted out for the express purpose, and at the sole charge of the vigorous Enderbys, boldly rounded Cape Horn, and was the first among the nations to lower a […]","https://www.gutenberg.org/files/2701/2701-h/2701-h.htm#link2HCH0101","https://en.wikipedia.org/wiki/Atlantic_Ocean"
"101","The Decanter","Pacific Ocean","Mentioned locations","0","-160","area","en","[…] purpose, and at the sole charge of the vigorous Enderbys, boldly rounded Cape Horn, and was the first among the nations to lower a whale-boat of any sort in the great South Sea. The voyage was a skilful and lucky one; and returning to her berth with her hold full of the precious sperm, the Amelia’s example was soon followed by other ships, English and American, and thus the vast Sperm Whale grounds of the Pacific were thrown open. But not content with this good deed, the indefatigable house again bestirred itself: Samuel and all his Sons—how many, their mother only knows—and under their immediate auspices, and […]","https://www.gutenberg.org/files/2701/2701-h/2701-h.htm#link2HCH0101","https://en.wikipedia.org/wiki/Pacific_Ocean"
"101","The Decanter","Greenland","Mentioned locations","72","-40","area","en","[…] and, furthermore, I compiled supplementary tables of my own, touching the probable quantity of stock-fish, etc., consumed by every Low Dutch harpooneer in that ancient Greenland and Spitzbergen whale fishery. In the first place, the amount of butter, and Texel and Leyden cheese consumed, seems amazing. I impute it, though, to their naturally unctuous natures, being rendered still more unctuous by the nature of their vocation, and especially by their pursuing their game in those frigid Polar Seas, on the very coasts of that Esquimaux country where the convivial natives pledge each other in bumpers of train oil. […]","https://www.gutenberg.org/files/2701/2701-h/2701-h.htm#link2HCH0101","https://en.wikipedia.org/wiki/Greenland"
"101","The Decanter","Spitsbergen","Mentioned locations","78.75","16","area","en","[…] I compiled supplementary tables of my own, touching the probable quantity of stock-fish, etc., consumed by every Low Dutch harpooneer in that ancient Greenland and Spitzbergen whale fishery. In the first place, the amount of butter, and Texel and Leyden cheese consumed, seems amazing. I impute it, though, to their naturally unctuous natures, being rendered still more unctuous by the nature of their vocation, and especially by their pursuing their game in those frigid Polar Seas, on the very coasts of that Esquimaux country where the convivial natives pledge each other in bumpers of train oil. The quantity […]","https://www.gutenberg.org/files/2701/2701-h/2701-h.htm#link2HCH0101","https://www.wikidata.org/wiki/Q21162"
"101","The Decanter","London","Mentioned locations","51.50722222","-0.1275","area","en","Ere the English ship fades from sight, be it set down here, that she hailed from London, and was named after the late Samuel Enderby, merchant of that city, the original of the famous whaling house of Enderby & Sons; a house which in my poor whaleman’s opinion, comes not far behind the united royal houses of the Tudors and Bourbons, in point of real historical interest. How long, prior to the year of our Lord 1775, this great whaling house was in existence, my numerous fish-documents do not make plain; but in that year (1775) it fitted out the first […]","https://www.gutenberg.org/files/2701/2701-h/2701-h.htm#link2HCH0101","https://en.wikipedia.org/wiki/London"
"101","The Decanter","Amsterdam","Mentioned locations","52.37277778","4.89361111","area","en","[…] by the musty whaling smell of it, I knew must be about whalers. The title was, ”Dan Coopman,” wherefore I concluded that this must be the invaluable memoirs of some Amsterdam cooper in the fishery, as every whale ship must carry its cooper. I was reinforced in this opinion by seeing that it was the production of one ”Fitz Swackhammer.” But my friend Dr. Snodhead, a very learned man, professor of Low Dutch and High German in the college of Santa Claus and St. Pott’s, to whom I handed the work for translation, giving him a box of sperm candles for his trouble—this same Dr. Snodhead, so soon as he spied the […]","https://www.gutenberg.org/files/2701/2701-h/2701-h.htm#link2HCH0101","https://en.wikipedia.org/wiki/Amsterdam"
"101","The Decanter","Patagonia","Mentioned locations","-41.81015","-68.90627","area","en","[…] ever lose sight of it. Flip? Did I say we had flip? Yes, and we flipped it at the rate of ten gallons the hour; and when the squall came (for it’s squally off there by Patagonia), and all hands—visitors and all—were called to reef topsails, we were so top-heavy that we had to swing each other aloft in bowlines; and we ignorantly furled the skirts of our jackets into the sails, so that we hung there, reefed fast in the howling gale, a warning example to all drunken tars. However, the masts did not go overboard; and by and by we scrambled down, so sober, that we had to pass the flip again, though the savage salt […]","https://www.gutenberg.org/files/2701/2701-h/2701-h.htm#link2HCH0101","https://www.wikidata.org/wiki/Q1507"
"101","The Decanter","Cape Horn","Mentioned locations","-55.98","-67.289166666667","area","en","[…] whole globe who so harpooned him. In 1778, a fine ship, the Amelia, fitted out for the express purpose, and at the sole charge of the vigorous Enderbys, boldly rounded Cape Horn, and was the first among the nations to lower a whale-boat of any sort in the great South Sea. The voyage was a skilful and lucky one; and returning to her berth with her hold full of the precious sperm, the Amelia’s example was soon followed by other ships, English and American, and thus the vast Sperm Whale grounds of the Pacific were thrown open. But not content with this good deed, the indefatigable house again bestirred itself: […]","https://www.gutenberg.org/files/2701/2701-h/2701-h.htm#link2HCH0101","https://www.wikidata.org/wiki/Q4078"
"101","The Decanter","Holland","Mentioned locations","52.25","4.667","area","en","[…] the book, assured me that ”Dan Coopman” did not mean ”The Cooper,” but ”The Merchant.” In short, this ancient and learned Low Dutch book treated of the commerce of Holland; and, among other subjects, contained a very interesting account of its whale fishery. And in this chapter it was, headed, ”Smeer,” or ”Fat,” that I found a long detailed list of the outfits for the larders and cellars of 180 sail of Dutch whalemen; from which list, as translated by Dr. Snodhead, I transcribe the following: 400,000 lbs. of beef. 60,000 lbs. Friesland pork. 150,000 lbs. of stock fish. 550,000 lbs. of biscuit. 72,000 lbs. […]","https://www.gutenberg.org/files/2701/2701-h/2701-h.htm#link2HCH0101","https://en.wikipedia.org/wiki/Holland"
"102","A Bower in the Arsacides","New Hampshire","Mentioned locations","44","-71.5","area","en","[…] one of the whaling ports of that country, where they have some fine specimens of fin-backs and other whales. Likewise, I have heard that in the museum of Manchester, in New Hampshire, they have what the proprietors call ”the only perfect specimen of a Greenland or River Whale in the United States.” Moreover, at a place in Yorkshire, England, Burton Constable by name, a certain Sir Clifford Constable has in his possession the skeleton of a Sperm Whale, but of moderate size, by no means of the full-grown magnitude of my friend King Tranquo’s. In both cases, the stranded whales to which these two skeletons […]","https://www.gutenberg.org/files/2701/2701-h/2701-h.htm#link2HCH0102","https://www.wikidata.org/wiki/Q759"
"102","A Bower in the Arsacides","United States","Mentioned locations","39.828175","-98.5795","area","en","[…] I have heard that in the museum of Manchester, in New Hampshire, they have what the proprietors call ”the only perfect specimen of a Greenland or River Whale in the United States.” Moreover, at a place in Yorkshire, England, Burton Constable by name, a certain Sir Clifford Constable has in his possession the skeleton of a Sperm Whale, but of moderate size, by no means of the full-grown magnitude of my friend King Tranquo’s. In both cases, the stranded whales to which these two skeletons belonged, were originally claimed by their proprietors upon similar grounds. King Tranquo seizing his because he wanted it; […]","https://www.gutenberg.org/files/2701/2701-h/2701-h.htm#link2HCH0102","https://www.wikidata.org/wiki/Q30"
"102","A Bower in the Arsacides","England","Mentioned locations","53.13","-1.38","area","en","[…] any fancied measurement I please. Because there are skeleton authorities you can refer to, to test my accuracy. There is a Leviathanic Museum, they tell me, in Hull, England, one of the whaling ports of that country, where they have some fine specimens of fin-backs and other whales. Likewise, I have heard that in the museum of Manchester, in New Hampshire, they have what the proprietors call ”the only perfect specimen of a Greenland or River Whale in the United States.” Moreover, at a place in Yorkshire, England, Burton Constable by name, a certain Sir Clifford Constable has in his possession the skeleton of […]","https://www.gutenberg.org/files/2701/2701-h/2701-h.htm#link2HCH0102","https://en.wikipedia.org/wiki/England"
"102","A Bower in the Arsacides","Manchester, New Hampshire","Mentioned locations","42.99083333","-71.46361111","area","en","[…] Hull, England, one of the whaling ports of that country, where they have some fine specimens of fin-backs and other whales. Likewise, I have heard that in the museum of Manchester, in New Hampshire, they have what the proprietors call ”the only perfect specimen of a Greenland or River Whale in the United States.” Moreover, at a place in Yorkshire, England, Burton Constable by name, a certain Sir Clifford Constable has in his possession the skeleton of a Sperm Whale, but of moderate size, by no means of the full-grown magnitude of my friend King Tranquo’s. In both cases, the stranded whales to which these two […]","https://www.gutenberg.org/files/2701/2701-h/2701-h.htm#link2HCH0102","https://en.wikipedia.org/wiki/Manchester%2C_New_Hampshire"
"102","A Bower in the Arsacides","Yorkshire","Mentioned locations","54","-1","area","en","[…] in New Hampshire, they have what the proprietors call ”the only perfect specimen of a Greenland or River Whale in the United States.” Moreover, at a place in Yorkshire, England, Burton Constable by name, a certain Sir Clifford Constable has in his possession the skeleton of a Sperm Whale, but of moderate size, by no means of the full-grown magnitude of my friend King Tranquo’s. In both cases, the stranded whales to which these two skeletons belonged, were originally claimed by their proprietors upon similar grounds. King Tranquo seizing his because he wanted it; and Sir Clifford, because he was lord of […]","https://www.gutenberg.org/files/2701/2701-h/2701-h.htm#link2HCH0102","https://en.wikipedia.org/wiki/Yorkshire"
"102","A Bower in the Arsacides","Burton Constable Hall","Mentioned locations","53.81374","-0.196","building","en","[…] they have what the proprietors call ”the only perfect specimen of a Greenland or River Whale in the United States.” Moreover, at a place in Yorkshire, England, Burton Constable by name, a certain Sir Clifford Constable has in his possession the skeleton of a Sperm Whale, but of moderate size, by no means of the full-grown magnitude of my friend King Tranquo’s. In both cases, the stranded whales to which these two skeletons belonged, were originally claimed by their proprietors upon similar grounds. King Tranquo seizing his because he wanted it; and Sir Clifford, because he was lord of the seignories of […]","https://www.gutenberg.org/files/2701/2701-h/2701-h.htm#link2HCH0102","https://en.wikipedia.org/wiki/Burton_Constable_Hall"
"102","A Bower in the Arsacides","Kingston upon Hull","Mentioned locations","53.74444444","-0.3325","area","en","[…] to utter any fancied measurement I please. Because there are skeleton authorities you can refer to, to test my accuracy. There is a Leviathanic Museum, they tell me, in Hull, England, one of the whaling ports of that country, where they have some fine specimens of fin-backs and other whales. Likewise, I have heard that in the museum of Manchester, in New Hampshire, they have what the proprietors call ”the only perfect specimen of a Greenland or River Whale in the United States.” Moreover, at a place in Yorkshire, England, Burton Constable by name, a certain Sir Clifford Constable has in his possession the […]","https://www.gutenberg.org/files/2701/2701-h/2701-h.htm#link2HCH0102","https://en.wikipedia.org/wiki/Kingston_upon_Hull"
"103","Measurement of The Whale’s Skeleton","Pompey's Pillar","Mentioned locations","31.1825","29.89641667","building","en","[…] But the spine. For that, the best way we can consider it is, with a crane, to pile its bones high up on end. No speedy enterprise. But now it’s done, it looks much like Pompey’s Pillar. There are forty and odd vertebræ in all, which in the skeleton are not locked together. They mostly lie like the great knobbed blocks on a Gothic spire, forming solid courses of heavy masonry. The largest, a middle one, is in width something less than three feet, and in depth more than four. The smallest, where the spine tapers away into the tail, is only two inches in width, and looks something like a white billiard-ball. I was […]","https://www.gutenberg.org/files/2701/2701-h/2701-h.htm#link2HCH0103","https://en.wikipedia.org/wiki/Pompey's_Pillar"
"104","The Fossil Whale","Alabama","Mentioned locations","33","-87","area","en","[…] years past, at various intervals, been found at the base of the Alps, in Lombardy, in France, in England, in Scotland, and in the States of Louisiana, Mississippi, and Alabama. Among the more curious of such remains is part of a skull, which in the year 1779 was disinterred in the Rue Dauphine in Paris, a short street opening almost directly upon the palace of the Tuileries; and bones disinterred in excavating the great docks of Antwerp, in Napoleon’s time. Cuvier pronounced these fragments to have belonged to some utterly unknown Leviathanic species. But by far the most wonderful of all Cetacean relics was the […]","https://www.gutenberg.org/files/2701/2701-h/2701-h.htm#link2HCH0104","https://en.wikipedia.org/wiki/Alabama"
"104","The Fossil Whale","London","Mentioned locations","51.50722222","-0.1275","area","en","[…] skeleton of the whale furnishes but little clue to the shape of his fully invested body. So Owen rechristened the monster Zeuglodon; and in his paper read before the London Geological Society, pronounced it, in substance, one of the most extraordinary creatures which the mutations of the globe have blotted out of existence. When I stand among these mighty Leviathan skeletons, skulls, tusks, jaws, ribs, and vertebræ, all characterized by partial resemblances to the existing breeds of sea-monsters; but at the same time bearing on the other hand similar affinities to the annihilated antichronical Leviathans, […]","https://www.gutenberg.org/files/2701/2701-h/2701-h.htm#link2HCH0104","https://en.wikipedia.org/wiki/London"
"104","The Fossil Whale","Tuileries Palace","Mentioned locations","48.86222222222222","2.3311111111111114","building","en","[…] of such remains is part of a skull, which in the year 1779 was disinterred in the Rue Dauphine in Paris, a short street opening almost directly upon the palace of the Tuileries; and bones disinterred in excavating the great docks of Antwerp, in Napoleon’s time. Cuvier pronounced these fragments to have belonged to some utterly unknown Leviathanic species. But by far the most wonderful of all Cetacean relics was the almost complete vast skeleton of an extinct monster, found in the year 1842, on the plantation of Judge Creagh, in Alabama. The awe-stricken credulous slaves in the vicinity took it for the bones of […]","https://www.gutenberg.org/files/2701/2701-h/2701-h.htm#link2HCH0104","https://www.wikidata.org/wiki/Q234364"
"104","The Fossil Whale","Mount Vesuvius","Mentioned locations","40.82261","14.42919","area","en","[…] seem but an ordinary one. How, then, with me, writing of this Leviathan? Unconsciously my chirography expands into placard capitals. Give me a condor’s quill! Give me Vesuvius’ crater for an inkstand! Friends, hold my arms! For in the mere act of penning my thoughts of this Leviathan, they weary me, and make me faint with their outreaching comprehensiveness of sweep, as if to include the whole circle of the sciences, and all the generations of whales, and men, and mastodons, past, present, and to come, with all the revolving panoramas of empire on earth, and throughout the whole universe, not excluding its […]","https://www.gutenberg.org/files/2701/2701-h/2701-h.htm#link2HCH0104","https://www.wikidata.org/wiki/Q524"
"104","The Fossil Whale","Andes","Mentioned locations","-32","-70","area","en","[…] not an inhabitable hand’s breadth of land was visible. Then the whole world was the whale’s; and, king of creation, he left his wake along the present lines of the Andes and the Himmalehs. Who can show a pedigree like Leviathan? Ahab’s harpoon had shed older blood than the Pharaoh’s. Methuselah seems a school-boy. I look round to shake hands with Shem. I am horror-struck at this antemosaic, unsourced existence of the unspeakable terrors of the whale, which, having been before all time, must needs exist after all humane ages are over. But not alone has this Leviathan left his pre-adamite traces in the […]","https://www.gutenberg.org/files/2701/2701-h/2701-h.htm#link2HCH0104","https://en.wikipedia.org/wiki/Andes"
"104","The Fossil Whale","Himalayas","Mentioned locations","29","84","area","en","[…] hand’s breadth of land was visible. Then the whole world was the whale’s; and, king of creation, he left his wake along the present lines of the Andes and the Himmalehs. Who can show a pedigree like Leviathan? Ahab’s harpoon had shed older blood than the Pharaoh’s. Methuselah seems a school-boy. I look round to shake hands with Shem. I am horror-struck at this antemosaic, unsourced existence of the unspeakable terrors of the whale, which, having been before all time, must needs exist after all humane ages are over. But not alone has this Leviathan left his pre-adamite traces in the stereotype plates of […]","https://www.gutenberg.org/files/2701/2701-h/2701-h.htm#link2HCH0104","https://www.wikidata.org/wiki/Q5451"
"104","The Fossil Whale","Alps","Mentioned locations","46.58","8.62","area","en","[…] broken fossils of pre-adamite whales, fragments of their bones and skeletons, have within thirty years past, at various intervals, been found at the base of the Alps, in Lombardy, in France, in England, in Scotland, and in the States of Louisiana, Mississippi, and Alabama. Among the more curious of such remains is part of a skull, which in the year 1779 was disinterred in the Rue Dauphine in Paris, a short street opening almost directly upon the palace of the Tuileries; and bones disinterred in excavating the great docks of Antwerp, in Napoleon’s time. Cuvier pronounced these fragments to have belonged […]","https://www.gutenberg.org/files/2701/2701-h/2701-h.htm#link2HCH0104","https://en.wikipedia.org/wiki/Alps"
"104","The Fossil Whale","England","Mentioned locations","53.13","-1.38","area","en","[…] whales, fragments of their bones and skeletons, have within thirty years past, at various intervals, been found at the base of the Alps, in Lombardy, in France, in England, in Scotland, and in the States of Louisiana, Mississippi, and Alabama. Among the more curious of such remains is part of a skull, which in the year 1779 was disinterred in the Rue Dauphine in Paris, a short street opening almost directly upon the palace of the Tuileries; and bones disinterred in excavating the great docks of Antwerp, in Napoleon’s time. Cuvier pronounced these fragments to have belonged to some utterly unknown […]","https://www.gutenberg.org/files/2701/2701-h/2701-h.htm#link2HCH0104","https://en.wikipedia.org/wiki/England"
"104","The Fossil Whale","France","Mentioned locations","47","2","area","en","[…] of pre-adamite whales, fragments of their bones and skeletons, have within thirty years past, at various intervals, been found at the base of the Alps, in Lombardy, in France, in England, in Scotland, and in the States of Louisiana, Mississippi, and Alabama. Among the more curious of such remains is part of a skull, which in the year 1779 was disinterred in the Rue Dauphine in Paris, a short street opening almost directly upon the palace of the Tuileries; and bones disinterred in excavating the great docks of Antwerp, in Napoleon’s time. Cuvier pronounced these fragments to have belonged to some utterly unknown […]","https://www.gutenberg.org/files/2701/2701-h/2701-h.htm#link2HCH0104","https://www.wikidata.org/wiki/Q142"
"104","The Fossil Whale","Lombardy","Mentioned locations","45.58333333","9.91666667","area","en","[…] fossils of pre-adamite whales, fragments of their bones and skeletons, have within thirty years past, at various intervals, been found at the base of the Alps, in Lombardy, in France, in England, in Scotland, and in the States of Louisiana, Mississippi, and Alabama. Among the more curious of such remains is part of a skull, which in the year 1779 was disinterred in the Rue Dauphine in Paris, a short street opening almost directly upon the palace of the Tuileries; and bones disinterred in excavating the great docks of Antwerp, in Napoleon’s time. Cuvier pronounced these fragments to have belonged to some […]","https://www.gutenberg.org/files/2701/2701-h/2701-h.htm#link2HCH0104","https://en.wikipedia.org/wiki/Lombardy"
"104","The Fossil Whale","Scotland","Mentioned locations","57","-4","area","en","[…] fragments of their bones and skeletons, have within thirty years past, at various intervals, been found at the base of the Alps, in Lombardy, in France, in England, in Scotland, and in the States of Louisiana, Mississippi, and Alabama. Among the more curious of such remains is part of a skull, which in the year 1779 was disinterred in the Rue Dauphine in Paris, a short street opening almost directly upon the palace of the Tuileries; and bones disinterred in excavating the great docks of Antwerp, in Napoleon’s time. Cuvier pronounced these fragments to have belonged to some utterly unknown Leviathanic species. […]","https://www.gutenberg.org/files/2701/2701-h/2701-h.htm#link2HCH0104","https://en.wikipedia.org/wiki/Scotland"
"104","The Fossil Whale","Louisiana","Mentioned locations","31","-92","area","en","[…] have within thirty years past, at various intervals, been found at the base of the Alps, in Lombardy, in France, in England, in Scotland, and in the States of Louisiana, Mississippi, and Alabama. Among the more curious of such remains is part of a skull, which in the year 1779 was disinterred in the Rue Dauphine in Paris, a short street opening almost directly upon the palace of the Tuileries; and bones disinterred in excavating the great docks of Antwerp, in Napoleon’s time. Cuvier pronounced these fragments to have belonged to some utterly unknown Leviathanic species. But by far the most wonderful of […]","https://www.gutenberg.org/files/2701/2701-h/2701-h.htm#link2HCH0104","https://en.wikipedia.org/wiki/Louisiana"
"104","The Fossil Whale","Paris","Mentioned locations","48.8567","2.3522","area","en","[…] States of Louisiana, Mississippi, and Alabama. Among the more curious of such remains is part of a skull, which in the year 1779 was disinterred in the Rue Dauphine in Paris, a short street opening almost directly upon the palace of the Tuileries; and bones disinterred in excavating the great docks of Antwerp, in Napoleon’s time. Cuvier pronounced these fragments to have belonged to some utterly unknown Leviathanic species. But by far the most wonderful of all Cetacean relics was the almost complete vast skeleton of an extinct monster, found in the year 1842, on the plantation of Judge Creagh, in Alabama. The […]","https://www.gutenberg.org/files/2701/2701-h/2701-h.htm#link2HCH0104","https://en.wikipedia.org/wiki/Paris"
"104","The Fossil Whale","Rue Dauphine","Mentioned locations","48.855","2.33944444","street","en","[…] and in the States of Louisiana, Mississippi, and Alabama. Among the more curious of such remains is part of a skull, which in the year 1779 was disinterred in the Rue Dauphine in Paris, a short street opening almost directly upon the palace of the Tuileries; and bones disinterred in excavating the great docks of Antwerp, in Napoleon’s time. Cuvier pronounced these fragments to have belonged to some utterly unknown Leviathanic species. But by far the most wonderful of all Cetacean relics was the almost complete vast skeleton of an extinct monster, found in the year 1842, on the plantation of Judge Creagh, […]","https://www.gutenberg.org/files/2701/2701-h/2701-h.htm#link2HCH0104","https://en.wikipedia.org/wiki/Rue_Dauphine"
"104","The Fossil Whale","Antwerp","Mentioned locations","51.21777778","4.40027778","area","en","[…] in the Rue Dauphine in Paris, a short street opening almost directly upon the palace of the Tuileries; and bones disinterred in excavating the great docks of Antwerp, in Napoleon’s time. Cuvier pronounced these fragments to have belonged to some utterly unknown Leviathanic species. But by far the most wonderful of all Cetacean relics was the almost complete vast skeleton of an extinct monster, found in the year 1842, on the plantation of Judge Creagh, in Alabama. The awe-stricken credulous slaves in the vicinity took it for the bones of one of the fallen angels. The Alabama doctors declared it a huge […]","https://www.gutenberg.org/files/2701/2701-h/2701-h.htm#link2HCH0104","https://en.wikipedia.org/wiki/Antwerp"
"104","The Fossil Whale","Dendera temple complex","Mentioned locations","26.14166667","32.67027778","building","en","[…] tablets, whose antiquity seems to claim for them an almost fossiliferous character, we find the unmistakable print of his fin. In an apartment of the great temple of Denderah, some fifty years ago, there was discovered upon the granite ceiling a sculptured and painted planisphere, abounding in centaurs, griffins, and dolphins, similar to the grotesque figures on the celestial globe of the moderns. Gliding among them, old Leviathan swam as of yore; was there swimming in that planisphere, centuries before Solomon was cradled. Nor must there be omitted another strange attestation of the antiquity of the whale, […]","https://www.gutenberg.org/files/2701/2701-h/2701-h.htm#link2HCH0104","https://en.wikipedia.org/wiki/Dendera_temple_complex"
"104","The Fossil Whale","Mississippi","Mentioned locations","33","-90","area","en","[…] within thirty years past, at various intervals, been found at the base of the Alps, in Lombardy, in France, in England, in Scotland, and in the States of Louisiana, Mississippi, and Alabama. Among the more curious of such remains is part of a skull, which in the year 1779 was disinterred in the Rue Dauphine in Paris, a short street opening almost directly upon the palace of the Tuileries; and bones disinterred in excavating the great docks of Antwerp, in Napoleon’s time. Cuvier pronounced these fragments to have belonged to some utterly unknown Leviathanic species. But by far the most wonderful of all […]","https://www.gutenberg.org/files/2701/2701-h/2701-h.htm#link2HCH0104","https://en.wikipedia.org/wiki/Mississippi"
"105","Does the Whale’s Magnitude Diminish?—Will He Perish?","Illinois","Mentioned locations","40.000277777777775","-89.25027777777778","area","en","[…] in the final puff. Comparing the humped herds of whales with the humped herds of buffalo, which, not forty years ago, overspread by tens of thousands the prairies of Illinois and Missouri, and shook their iron manes and scowled with their thunder-clotted brows upon the sites of populous river-capitals, where now the polite broker sells you land at a dollar an inch; in such a comparison an irresistible argument would seem furnished, to show that the hunted whale cannot now escape speedy extinction. But you must look at this matter in every light. Though so short a period ago—not a good lifetime—the census of […]","https://www.gutenberg.org/files/2701/2701-h/2701-h.htm#link2HCH0105","https://www.wikidata.org/wiki/Q1204"
"105","Does the Whale’s Magnitude Diminish?—Will He Perish?","Alabama","Mentioned locations","33","-87","area","en","[…] Tertiary system, those belonging to its latter formations exceed in size those of its earlier ones. Of all the pre-adamite whales yet exhumed, by far the largest is the Alabama one mentioned in the last chapter, and that was less than seventy feet in length in the skeleton. Whereas, we have already seen, that the tape-measure gives seventy-two feet for the skeleton of a large sized modern whale. And I have heard, on whalemen’s authority, that Sperm Whales have been captured near a hundred feet long at the time of capture. But may it not be, that while the whales of the present hour are an advance in magnitude […]","https://www.gutenberg.org/files/2701/2701-h/2701-h.htm#link2HCH0105","https://en.wikipedia.org/wiki/Alabama"
"105","Does the Whale’s Magnitude Diminish?—Will He Perish?","London","Mentioned locations","51.50722222","-0.1275","area","en","[…] you must look at this matter in every light. Though so short a period ago—not a good lifetime—the census of the buffalo in Illinois exceeded the census of men now in London, and though at the present day not one horn or hoof of them remains in all that region; and though the cause of this wondrous extermination was the spear of man; yet the far different nature of the whale-hunt peremptorily forbids so inglorious an end to the Leviathan. Forty men in one ship hunting the Sperm Whales for forty-eight months think they have done extremely well, and thank God, if at last they carry home the oil of forty fish. […]","https://www.gutenberg.org/files/2701/2701-h/2701-h.htm#link2HCH0105","https://en.wikipedia.org/wiki/London"
"105","Does the Whale’s Magnitude Diminish?—Will He Perish?","Windsor Castle","Mentioned locations","51.48388888888889","-0.6044444444444445","building","en","[…] immortal in his species, however perishable in his individuality. He swam the seas before the continents broke water; he once swam over the site of the Tuileries, and Windsor Castle, and the Kremlin. In Noah’s flood he despised Noah’s Ark; and if ever the world is to be again flooded, like the Netherlands, to kill off its rats, then the eternal whale will still survive, and rearing upon the topmost crest of the equatorial flood, spout his frothed defiance to the skies.","https://www.gutenberg.org/files/2701/2701-h/2701-h.htm#link2HCH0105","https://www.wikidata.org/wiki/Q42646"
"105","Does the Whale’s Magnitude Diminish?—Will He Perish?","River Thames","Mentioned locations","51.5","0.61","area","en","[…] generally. For Pliny tells us of whales that embraced acres of living bulk, and Aldrovandus of others which measured eight hundred feet in length—Rope Walks and Thames Tunnels of Whales! And even in the days of Banks and Solander, Cooke’s naturalists, we find a Danish member of the Academy of Sciences setting down certain Iceland Whales (reydan-siskur, or Wrinkled Bellies) at one hundred and twenty yards; that is, three hundred and sixty feet. And Lacépède, the French naturalist, in his elaborate history of whales, in the very beginning of his work (page 3), sets down the Right Whale at one hundred […]","https://www.gutenberg.org/files/2701/2701-h/2701-h.htm#link2HCH0105","https://www.wikidata.org/wiki/Q19686"
"105","Does the Whale’s Magnitude Diminish?—Will He Perish?","Tuileries Palace","Mentioned locations","48.86222222222222","2.3311111111111114","building","en","[…] the whale immortal in his species, however perishable in his individuality. He swam the seas before the continents broke water; he once swam over the site of the Tuileries, and Windsor Castle, and the Kremlin. In Noah’s flood he despised Noah’s Ark; and if ever the world is to be again flooded, like the Netherlands, to kill off its rats, then the eternal whale will still survive, and rearing upon the topmost crest of the equatorial flood, spout his frothed defiance to the skies.","https://www.gutenberg.org/files/2701/2701-h/2701-h.htm#link2HCH0105","https://www.wikidata.org/wiki/Q234364"
"105","Does the Whale’s Magnitude Diminish?—Will He Perish?","Nineveh","Mentioned locations","36.35944444","43.15277778","area","en","[…] was born, do not measure so much in their coffins as a modern Kentuckian in his socks; and while the cattle and other animals sculptured on the oldest Egyptian and Nineveh tablets, by the relative proportions in which they are drawn, just as plainly prove that the high-bred, stall-fed, prize cattle of Smithfield, not only equal, but far exceed in magnitude the fattest of Pharaoh’s fat kine; in the face of all this, I will not admit that of all animals the whale alone should have degenerated. But still another inquiry remains; one often agitated by the more recondite Nantucketers. Whether owing to the almost […]","https://www.gutenberg.org/files/2701/2701-h/2701-h.htm#link2HCH0105","https://en.wikipedia.org/wiki/Nineveh"
"105","Does the Whale’s Magnitude Diminish?—Will He Perish?","Australia","Mentioned locations","-25","133","area","en","[…] more may the great whale outlast all hunting, since he has a pasture to expatiate in, which is precisely twice as large as all Asia, both Americas, Europe and Africa, New Holland, and all the Isles of the sea combined. Moreover: we are to consider, that from the presumed great longevity of whales, their probably attaining the age of a century and more, therefore at any one period of time, several distinct adult generations must be contemporary. And what that is, we may soon gain some idea of, by imagining all the grave-yards, cemeteries, and family vaults of creation yielding up the live bodies of all the men, […]","https://www.gutenberg.org/files/2701/2701-h/2701-h.htm#link2HCH0105","https://www.wikidata.org/wiki/Q408"
"105","Does the Whale’s Magnitude Diminish?—Will He Perish?","Africa","Mentioned locations","0","15","area","en","[…] much more may the great whale outlast all hunting, since he has a pasture to expatiate in, which is precisely twice as large as all Asia, both Americas, Europe and Africa, New Holland, and all the Isles of the sea combined. Moreover: we are to consider, that from the presumed great longevity of whales, their probably attaining the age of a century and more, therefore at any one period of time, several distinct adult generations must be contemporary. And what that is, we may soon gain some idea of, by imagining all the grave-yards, cemeteries, and family vaults of creation yielding up the live bodies of all […]","https://www.gutenberg.org/files/2701/2701-h/2701-h.htm#link2HCH0105","https://www.wikidata.org/wiki/Q15"
"105","Does the Whale’s Magnitude Diminish?—Will He Perish?","Asia","Mentioned locations","35","108","area","en","[…] survive there in great numbers, much more may the great whale outlast all hunting, since he has a pasture to expatiate in, which is precisely twice as large as all Asia, both Americas, Europe and Africa, New Holland, and all the Isles of the sea combined. Moreover: we are to consider, that from the presumed great longevity of whales, their probably attaining the age of a century and more, therefore at any one period of time, several distinct adult generations must be contemporary. And what that is, we may soon gain some idea of, by imagining all the grave-yards, cemeteries, and family vaults of creation […]","https://www.gutenberg.org/files/2701/2701-h/2701-h.htm#link2HCH0105","https://www.wikidata.org/wiki/Q48"
"105","Does the Whale’s Magnitude Diminish?—Will He Perish?","Europe","Mentioned locations","53.5","15.5","area","en","[…] great numbers, much more may the great whale outlast all hunting, since he has a pasture to expatiate in, which is precisely twice as large as all Asia, both Americas, Europe and Africa, New Holland, and all the Isles of the sea combined. Moreover: we are to consider, that from the presumed great longevity of whales, their probably attaining the age of a century and more, therefore at any one period of time, several distinct adult generations must be contemporary. And what that is, we may soon gain some idea of, by imagining all the grave-yards, cemeteries, and family vaults of creation yielding up the live […]","https://www.gutenberg.org/files/2701/2701-h/2701-h.htm#link2HCH0105","https://www.wikidata.org/wiki/Q46"
"105","Does the Whale’s Magnitude Diminish?—Will He Perish?","Thailand","Mentioned locations","15","101","area","en","[…] the populousness of the more enormous creatures of the globe, yet what shall we say to Harto, the historian of Goa, when he tells us that at one hunting the King of Siam took 4,000 elephants; that in those regions elephants are numerous as droves of cattle in the temperate climes. And there seems no reason to doubt that if these elephants, which have now been hunted for thousands of years, by Semiramis, by Porus, by Hannibal, and by all the successive monarchs of the East—if they still survive there in great numbers, much more may the great whale outlast all hunting, since he has a pasture to expatiate in, […]","https://www.gutenberg.org/files/2701/2701-h/2701-h.htm#link2HCH0105","https://en.wikipedia.org/wiki/Thailand"
"105","Does the Whale’s Magnitude Diminish?—Will He Perish?","Smithfield, London","Mentioned locations","51.519","-0.102","area","en","[…] on the oldest Egyptian and Nineveh tablets, by the relative proportions in which they are drawn, just as plainly prove that the high-bred, stall-fed, prize cattle of Smithfield, not only equal, but far exceed in magnitude the fattest of Pharaoh’s fat kine; in the face of all this, I will not admit that of all animals the whale alone should have degenerated. But still another inquiry remains; one often agitated by the more recondite Nantucketers. Whether owing to the almost omniscient look-outs at the mast-heads of the whale-ships, now penetrating even through Behring’s straits, and into the remotest secret […]","https://www.gutenberg.org/files/2701/2701-h/2701-h.htm#link2HCH0105","https://en.wikipedia.org/wiki/Smithfield%2C_London"
"105","Does the Whale’s Magnitude Diminish?—Will He Perish?","Goa","Mentioned locations","15.5","73.83","area","en","[…] Natural as it is to be somewhat incredulous concerning the populousness of the more enormous creatures of the globe, yet what shall we say to Harto, the historian of Goa, when he tells us that at one hunting the King of Siam took 4,000 elephants; that in those regions elephants are numerous as droves of cattle in the temperate climes. And there seems no reason to doubt that if these elephants, which have now been hunted for thousands of years, by Semiramis, by Porus, by Hannibal, and by all the successive monarchs of the East—if they still survive there in great numbers, much more may the great whale outlast […]","https://www.gutenberg.org/files/2701/2701-h/2701-h.htm#link2HCH0105","https://en.wikipedia.org/wiki/Goa"
"105","Does the Whale’s Magnitude Diminish?—Will He Perish?","Kremlin","Mentioned locations","55.75166667","37.61777778","area","en","[…] however perishable in his individuality. He swam the seas before the continents broke water; he once swam over the site of the Tuileries, and Windsor Castle, and the Kremlin. In Noah’s flood he despised Noah’s Ark; and if ever the world is to be again flooded, like the Netherlands, to kill off its rats, then the eternal whale will still survive, and rearing upon the topmost crest of the equatorial flood, spout his frothed defiance to the skies.","https://www.gutenberg.org/files/2701/2701-h/2701-h.htm#link2HCH0105","https://en.wikipedia.org/wiki/Kremlin"
"105","Does the Whale’s Magnitude Diminish?—Will He Perish?","Netherlands","Mentioned locations","52","6","area","en","[…] swam over the site of the Tuileries, and Windsor Castle, and the Kremlin. In Noah’s flood he despised Noah’s Ark; and if ever the world is to be again flooded, like the Netherlands, to kill off its rats, then the eternal whale will still survive, and rearing upon the topmost crest of the equatorial flood, spout his frothed defiance to the skies.","https://www.gutenberg.org/files/2701/2701-h/2701-h.htm#link2HCH0105","https://en.wikipedia.org/wiki/Netherlands"
"105","Does the Whale’s Magnitude Diminish?—Will He Perish?","Missouri","Mentioned locations","38","-92","area","en","[…] puff. Comparing the humped herds of whales with the humped herds of buffalo, which, not forty years ago, overspread by tens of thousands the prairies of Illinois and Missouri, and shook their iron manes and scowled with their thunder-clotted brows upon the sites of populous river-capitals, where now the polite broker sells you land at a dollar an inch; in such a comparison an irresistible argument would seem furnished, to show that the hunted whale cannot now escape speedy extinction. But you must look at this matter in every light. Though so short a period ago—not a good lifetime—the census of the buffalo in […]","https://www.gutenberg.org/files/2701/2701-h/2701-h.htm#link2HCH0105","https://en.wikipedia.org/wiki/Missouri"
"106","Ahab’s Leg","Nantucket","Mentioned locations","41.276756","-70.090889","area","en","[…] Ahab did at times give careful heed to the condition of that dead bone upon which he partly stood. For it had not been very long prior to the Pequod’s sailing from Nantucket, that he had been found one night lying prone upon the ground, and insensible; by some unknown, and seemingly inexplicable, unimaginable casualty, his ivory limb having been so violently displaced, that it had stake-wise smitten, and all but pierced his groin; nor was it without extreme difficulty that the agonizing wound was entirely cured. Nor, at the time, had it failed to enter his monomaniac mind, that all the anguish of that then […]","https://www.gutenberg.org/files/2701/2701-h/2701-h.htm#link2HCH0106","https://www.wikidata.org/wiki/Q49149"
"106","Ahab’s Leg","London","Mentioned locations","51.50722222","-0.1275","area","en","The precipitating manner in which Captain Ahab had quitted the Samuel Enderby of London, had not been unattended with some small violence to his own person. He had lighted with such energy upon a thwart of his boat that his ivory leg had received a half-splintering shock. And when after gaining his own deck, and his own pivot-hole there, he so vehemently wheeled round with an urgent command to the steersman (it was, as ever, something about his not steering inflexibly enough); then, the already shaken ivory received such an additional twist and wrench, […]","https://www.gutenberg.org/files/2701/2701-h/2701-h.htm#link2HCH0106","https://en.wikipedia.org/wiki/London"
"108","Ahab and the Carpenter","River Thames","Mentioned locations","51.5","0.61","area","en","[…] Sir? Hold; while Prometheus is about it, I’ll order a complete man after a desirable pattern. Imprimis, fifty feet high in his socks; then, chest modelled after the Thames Tunnel; then, legs with roots to ’em, to stay in one place; then, arms three feet through the wrist; no heart at all, brass forehead, and about a quarter of an acre of fine brains; and let me see—shall I order eyes to see outwards? No, but put a sky-light on top of his head to illuminate inwards. There, take the order, and away. Now, what’s he speaking about, and who’s he speaking to, I should like to know? Shall I keep standing here? ( […]","https://www.gutenberg.org/files/2701/2701-h/2701-h.htm#link2HCH0108","https://www.wikidata.org/wiki/Q19686"
"108","Ahab and the Carpenter","Thames Tunnel","Mentioned locations","51.50305556","-0.05444444","area","en","[…] Sir? Hold; while Prometheus is about it, I’ll order a complete man after a desirable pattern. Imprimis, fifty feet high in his socks; then, chest modelled after the Thames Tunnel; then, legs with roots to ’em, to stay in one place; then, arms three feet through the wrist; no heart at all, brass forehead, and about a quarter of an acre of fine brains; and let me see—shall I order eyes to see outwards? No, but put a sky-light on top of his head to illuminate inwards. There, take the order, and away. Now, what’s he speaking about, and who’s he speaking to, I should like to know? Shall I keep standing here? ( […]","https://www.gutenberg.org/files/2701/2701-h/2701-h.htm#link2HCH0108","https://en.wikipedia.org/wiki/Thames_Tunnel"
"109","Ahab and Starbuck in the Cabin","Nantucket","Mentioned locations","41.276756","-70.090889","area","en","[…] how hope to plug it, even if found, in this life’s howling gale? Starbuck! I’ll not have the Burtons hoisted.” ”What will the owners say, sir?” ”Let the owners stand on Nantucket beach and outyell the Typhoons. What cares Ahab? Owners, owners? Thou art always prating to me, Starbuck, about those miserly owners, as if the owners were my conscience. But look ye, the only real owner of anything is its commander; and hark ye, my conscience is in this ship’s keel.—On deck!” ”Captain Ahab,” said the reddening mate, moving further into the cabin, with a daring so strangely respectful and cautious that it almost seemed […]","https://www.gutenberg.org/files/2701/2701-h/2701-h.htm#link2HCH0109","https://www.wikidata.org/wiki/Q49149"
"109","Ahab and Starbuck in the Cabin","Japan","Mentioned locations","36","138","area","en","[…] Begone!” ”Captain Ahab mistakes; it is I. The oil in the hold is leaking, sir. We must up Burtons and break out.” ”Up Burtons and break out? Now that we are nearing Japan; heave-to here for a week to tinker a parcel of old hoops?” ”Either do that, sir, or waste in one day more oil than we may make good in a year. What we come twenty thousand miles to get is worth saving, sir.” ”So it is, so it is; if we get it.” ”I was speaking of the oil in the hold, sir.” ”And I was not speaking or thinking of that at all. Begone! Let it leak! I’m all aleak myself. Aye! leaks in leaks! not only full of leaky casks, but […]","https://www.gutenberg.org/files/2701/2701-h/2701-h.htm#link2HCH0109","https://en.wikipedia.org/wiki/Japan"
"109","Ahab and Starbuck in the Cabin","Pacific Ocean","Mentioned locations","0","-160","area","en","[…] Now, from the South and West the Pequod was drawing nigh to Formosa and the Bashee Isles, between which lies one of the tropical outlets from the China waters into the Pacific. And so Starbuck found Ahab with a general chart of the oriental archipelagoes spread before him; and another separate one representing the long eastern coasts of the Japanese islands—Niphon, Matsmai, and Sikoke. With his snow-white new ivory leg braced against the screwed leg of his table, and with a long pruning-hook of a jack-knife in his hand, the wondrous old man, with his back to the gangway door, was wrinkling his brow, and tracing […]","https://www.gutenberg.org/files/2701/2701-h/2701-h.htm#link2HCH0109","https://en.wikipedia.org/wiki/Pacific_Ocean"
"109","Ahab and Starbuck in the Cabin","China","Mentioned locations","35","103","area","en","[…] in the precious cargo. Now, from the South and West the Pequod was drawing nigh to Formosa and the Bashee Isles, between which lies one of the tropical outlets from the China waters into the Pacific. And so Starbuck found Ahab with a general chart of the oriental archipelagoes spread before him; and another separate one representing the long eastern coasts of the Japanese islands—Niphon, Matsmai, and Sikoke. With his snow-white new ivory leg braced against the screwed leg of his table, and with a long pruning-hook of a jack-knife in his hand, the wondrous old man, with his back to the gangway door, was wrinkling […]","https://www.gutenberg.org/files/2701/2701-h/2701-h.htm#link2HCH0109","https://en.wikipedia.org/wiki/China"
"109","Ahab and Starbuck in the Cabin","Honshu","Mentioned locations","36","138","area","en","[…] found Ahab with a general chart of the oriental archipelagoes spread before him; and another separate one representing the long eastern coasts of the Japanese islands—Niphon, Matsmai, and Sikoke. With his snow-white new ivory leg braced against the screwed leg of his table, and with a long pruning-hook of a jack-knife in his hand, the wondrous old man, with his back to the gangway door, was wrinkling his brow, and tracing his old courses again. ”Who’s there?” hearing the footstep at the door, but not turning round to it. ”On deck! Begone!” ”Captain Ahab mistakes; it is I. The oil in the hold is leaking, sir. […]","https://www.gutenberg.org/files/2701/2701-h/2701-h.htm#link2HCH0109","https://en.wikipedia.org/wiki/Honshu"
"109","Ahab and Starbuck in the Cabin","Hokkaido","Mentioned locations","43","142","area","en","[…] Ahab with a general chart of the oriental archipelagoes spread before him; and another separate one representing the long eastern coasts of the Japanese islands—Niphon, Matsmai, and Sikoke. With his snow-white new ivory leg braced against the screwed leg of his table, and with a long pruning-hook of a jack-knife in his hand, the wondrous old man, with his back to the gangway door, was wrinkling his brow, and tracing his old courses again. ”Who’s there?” hearing the footstep at the door, but not turning round to it. ”On deck! Begone!” ”Captain Ahab mistakes; it is I. The oil in the hold is leaking, sir. We must […]","https://www.gutenberg.org/files/2701/2701-h/2701-h.htm#link2HCH0109","https://en.wikipedia.org/wiki/Hokkaido"
"109","Ahab and Starbuck in the Cabin","Shikoku","Mentioned locations","33.75","133.5","area","en","[…] chart of the oriental archipelagoes spread before him; and another separate one representing the long eastern coasts of the Japanese islands—Niphon, Matsmai, and Sikoke. With his snow-white new ivory leg braced against the screwed leg of his table, and with a long pruning-hook of a jack-knife in his hand, the wondrous old man, with his back to the gangway door, was wrinkling his brow, and tracing his old courses again. ”Who’s there?” hearing the footstep at the door, but not turning round to it. ”On deck! Begone!” ”Captain Ahab mistakes; it is I. The oil in the hold is leaking, sir. We must up Burtons and […]","https://www.gutenberg.org/files/2701/2701-h/2701-h.htm#link2HCH0109","https://en.wikipedia.org/wiki/Shikoku"
"110","Queequeg in His Coffin","Nantucket","Mentioned locations","41.276756","-70.090889","area","en","[…] was forcibly shown by a curious favour he asked. He called one to him in the grey morning watch, when the day was just breaking, and taking his hand, said that while in Nantucket he had chanced to see certain little canoes of dark wood, like the rich war-wood of his native isle; and upon inquiry, he had learned that all whalemen who died in Nantucket, were laid in those same dark canoes, and that the fancy of being so laid had much pleased him; for it was not unlike the custom of his own race, who, after embalming a dead warrior, stretched him out in his canoe, and so left him to be floated away to the starry […]","https://www.gutenberg.org/files/2701/2701-h/2701-h.htm#link2HCH0110","https://www.wikidata.org/wiki/Q49149"
"110","Queequeg in His Coffin","Long Island","Mentioned locations","40.78886","-73.23349","area","en","[…] and took Queequeg’s measure with great accuracy, regularly chalking Queequeg’s person as he shifted the rule. ”Ah! poor fellow! he’ll have to die now,” ejaculated the Long Island sailor. Going to his vice-bench, the carpenter for convenience sake and general reference, now transferringly measured on it the exact length the coffin was to be, and then made the transfer permanent by cutting two notches at its extremities. This done, he marshalled the planks and his tools, and to work. When the last nail was driven, and the lid duly planed and fitted, he lightly shouldered the coffin and went forward with it, […]","https://www.gutenberg.org/files/2701/2701-h/2701-h.htm#link2HCH0110","https://www.wikidata.org/wiki/Q18438"
"110","Queequeg in His Coffin","Antilles","Mentioned locations","18.2176","-67.8639","area","en","[…] in the other, holding his tambourine. ”Poor rover! will ye never have done with all this weary roving? where go ye now? But if the currents carry ye to those sweet Antilles where the beaches are only beat with water-lilies, will ye do one little errand for me? Seek out one Pip, who’s now been missing long: I think he’s in those far Antilles. If ye find him, then comfort him; for he must be very sad; for look! he’s left his tambourine behind;—I found it. Rig-a-dig, dig, dig! Now, Queequeg, die; and I’ll beat ye your dying march.” ”I have heard,” murmured Starbuck, gazing down the scuttle, ”that in violent […]","https://www.gutenberg.org/files/2701/2701-h/2701-h.htm#link2HCH0110","https://www.wikidata.org/wiki/Q166131"
"111","The Pacific","Atlantic Ocean","Mentioned locations","0","-25","area","en","[…] meditative Magian rover, this serene Pacific, once beheld, must ever after be the sea of his adoption. It rolls the midmost waters of the world, the Indian ocean and Atlantic being but its arms. The same waves wash the moles of the new-built Californian towns, but yesterday planted by the recentest race of men, and lave the faded but still gorgeous skirts of Asiatic lands, older than Abraham; while all between float milky-ways of coral isles, and low-lying, endless, unknown Archipelagoes, and impenetrable Japans. Thus this mysterious, divine Pacific zones the world’s whole bulk about; makes all coasts one bay […]","https://www.gutenberg.org/files/2701/2701-h/2701-h.htm#link2HCH0111","https://en.wikipedia.org/wiki/Atlantic_Ocean"
"111","The Pacific","Pacific Ocean","Mentioned locations","0","-160","area","en","When gliding by the Bashee isles we emerged at last upon the great South Sea; were it not for other things, I could have greeted my dear Pacific with uncounted thanks, for now the long supplication of my youth was answered; that serene ocean rolled eastwards from me a thousand leagues of blue. There is, one knows not what sweet mystery about this sea, whose gently awful stirrings seem to speak of some hidden soul beneath; like those fabled undulations of the Ephesian sod over the buried Evangelist St. John. And meet it is, that over these sea-pastures, […]","https://www.gutenberg.org/files/2701/2701-h/2701-h.htm#link2HCH0111","https://en.wikipedia.org/wiki/Pacific_Ocean"
"115","The Pequod Meets The Bachelor","Nantucket","Mentioned locations","41.276756","-70.090889","area","en","And jolly enough were the sights and the sounds that came bearing down before the wind, some few weeks after Ahab’s harpoon had been welded. It was a Nantucket ship, the Bachelor, which had just wedged in her last cask of oil, and bolted down her bursting hatches; and now, in glad holiday apparel, was joyously, though somewhat vain-gloriously, sailing round among the widely-separated ships on the ground, previous to pointing her prow for home. The three men at her mast-head wore long streamers of narrow red bunting at their hats; from the stern, a whale-boat was suspended, bottom down; and […]","https://www.gutenberg.org/files/2701/2701-h/2701-h.htm#link2HCH0115","https://www.wikidata.org/wiki/Q49149"
"115","The Pequod Meets The Bachelor","Long Island","Mentioned locations","40.78886","-73.23349","area","en","[…] girls who had eloped with them from the Polynesian Isles; while suspended in an ornamented boat, firmly secured aloft between the foremast and mainmast, three Long Island negroes, with glittering fiddle-bows of whale ivory, were presiding over the hilarious jig. Meanwhile, others of the ship’s company were tumultuously busy at the masonry of the try-works, from which the huge pots had been removed. You would have almost thought they were pulling down the cursed Bastille, such wild cries they raised, as the now useless brick and mortar were being hurled into the sea. Lord and master over all this scene, […]","https://www.gutenberg.org/files/2701/2701-h/2701-h.htm#link2HCH0115","https://www.wikidata.org/wiki/Q18438"
"115","The Pequod Meets The Bachelor","Bastille","Mentioned locations","48.85333","2.36917","building","en","[…] were tumultuously busy at the masonry of the try-works, from which the huge pots had been removed. You would have almost thought they were pulling down the cursed Bastille, such wild cries they raised, as the now useless brick and mortar were being hurled into the sea. Lord and master over all this scene, the captain stood erect on the ship’s elevated quarter-deck, so that the whole rejoicing drama was full before him, and seemed merely contrived for his own individual diversion. And Ahab, he too was standing on his quarter-deck, shaggy and black, with a stubborn gloom; and as the two ships crossed each […]","https://www.gutenberg.org/files/2701/2701-h/2701-h.htm#link2HCH0115","https://en.wikipedia.org/wiki/Bastille"
"116","The Dying Whale","Philippines","Mentioned locations","13","122","area","en","[…] a sweetness and such plaintiveness, such inwreathing orisons curled up in that rosy air, that it almost seemed as if far over from the deep green convent valleys of the Manilla isles, the Spanish land-breeze, wantonly turned sailor, had gone to sea, freighted with these vesper hymns. Soothed again, but only soothed to deeper gloom, Ahab, who had sterned off from the whale, sat intently watching his final wanings from the now tranquil boat. For that strange spectacle observable in all sperm whales dying—the turning sunwards of the head, and so expiring—that strange spectacle, beheld of such a placid evening, […]","https://www.gutenberg.org/files/2701/2701-h/2701-h.htm#link2HCH0116","https://en.wikipedia.org/wiki/Philippines"
"116","The Dying Whale","Niger River","Mentioned locations","5.32222222","6.46916667","area","en","[…] where to traditions no rocks furnish tablets; where for long Chinese ages, the billows have still rolled on speechless and unspoken to, as stars that shine upon the Niger’s unknown source; here, too, life dies sunwards full of faith; but see! no sooner dead, than death whirls round the corpse, and it heads some other way. ”Oh, thou dark Hindoo half of nature, who of drowned bones hast builded thy separate throne somewhere in the heart of these unverdured seas; thou art an infidel, thou queen, and too truly speakest to me in the wide-slaughtering Typhoon, and the hushed burial of its after calm. Nor has this […]","https://www.gutenberg.org/files/2701/2701-h/2701-h.htm#link2HCH0116","https://en.wikipedia.org/wiki/Niger_River"
"117","The Whale Watch","Dead Sea","Mentioned locations","31.5207","35.4845","area","en","[…] the bow, sat watching the sharks, that spectrally played round the whale, and tapped the light cedar planks with their tails. A sound like the moaning in squadrons over Asphaltites of unforgiven ghosts of Gomorrah, ran shuddering through the air. Started from his slumbers, Ahab, face to face, saw the Parsee; and hooped round by the gloom of the night they seemed the last men in a flooded world. ”I have dreamed it again,” said he. ”Of the hearses? Have I not said, old man, that neither hearse nor coffin can be thine?” ”And who are hearsed that die on the sea?” ”But I said, old man, that ere thou couldst die on […]","https://www.gutenberg.org/files/2701/2701-h/2701-h.htm#link2HCH0117","https://www.wikidata.org/wiki/Q23883"
"117","The Whale Watch","United States","Mentioned locations","39.828175","-98.5795","area","en","[…] die on this voyage, two hearses must verily be seen by thee on the sea; the first not made by mortal hands; and the visible wood of the last one must be grown in America.” ”Aye, aye! a strange sight that, Parsee:—a hearse and its plumes floating over the ocean with the waves for the pall-bearers. Ha! Such a sight we shall not soon see.” ”Believe it or not, thou canst not die till it be seen, old man.” ”And what was that saying about thyself?” ”Though it come to the last, I shall still go before thee thy pilot.” ”And when thou art so gone before—if that ever befall—then ere I can follow, thou must still […]","https://www.gutenberg.org/files/2701/2701-h/2701-h.htm#link2HCH0117","https://www.wikidata.org/wiki/Q30"
"119","The Candles","Nantucket","Mentioned locations","41.276756","-70.090889","area","en","[…] man! Now jump overboard, and sing away, if thou must! ”I don’t half understand ye: what’s in the wind?” ”Yes, yes, round the Cape of Good Hope is the shortest way to Nantucket,” soliloquized Starbuck suddenly, heedless of Stubb’s question. ”The gale that now hammers at us to stave us, we can turn it into a fair wind that will drive us towards home. Yonder, to windward, all is blackness of doom; but to leeward, homeward—I see it lightens up there; but not with the lightning.” At that moment in one of the intervals of profound darkness, following the flashes, a voice was heard at his side; and almost at the same […]","https://www.gutenberg.org/files/2701/2701-h/2701-h.htm#link2HCH0119","https://www.wikidata.org/wiki/Q49149"
"119","The Candles","Cape of Good Hope","Mentioned locations","-34.358055555556","18.471944444444","area","en","[…] is wont to stand—his stand-point is stove, man! Now jump overboard, and sing away, if thou must! ”I don’t half understand ye: what’s in the wind?” ”Yes, yes, round the Cape of Good Hope is the shortest way to Nantucket,” soliloquized Starbuck suddenly, heedless of Stubb’s question. ”The gale that now hammers at us to stave us, we can turn it into a fair wind that will drive us towards home. Yonder, to windward, all is blackness of doom; but to leeward, homeward—I see it lightens up there; but not with the lightning.” At that moment in one of the intervals of profound darkness, following the flashes, a voice was […]","https://www.gutenberg.org/files/2701/2701-h/2701-h.htm#link2HCH0119","https://www.wikidata.org/wiki/Q4092"
"119","The Candles","Cuba","Mentioned locations","22","-79.5","area","en","[…] but nurse the cruellest fangs: the tiger of Bengal crouches in spiced groves of ceaseless verdure. Skies the most effulgent but basket the deadliest thunders: gorgeous Cuba knows tornadoes that never swept tame northern lands. So, too, it is, that in these resplendent Japanese seas the mariner encounters the direst of all storms, the Typhoon. It will sometimes burst from out that cloudless sky, like an exploding bomb upon a dazed and sleepy town. Towards evening of that day, the Pequod was torn of her canvas, and bare-poled was left to fight a Typhoon which had struck her directly ahead. When darkness came on, […]","https://www.gutenberg.org/files/2701/2701-h/2701-h.htm#link2HCH0119","https://www.wikidata.org/wiki/Q241"
"119","The Candles","Andes","Mentioned locations","-32","-70","area","en","[…] them over, fore and aft. Quick!” ”Avast!” cried Ahab; ”let’s have fair play here, though we be the weaker side. Yet I’ll contribute to raise rods on the Himmalehs and Andes, that all the world may be secured; but out on privileges! Let them be, sir.” ”Look aloft!” cried Starbuck. ”The corpusants! the corpusants!” All the yard-arms were tipped with a pallid fire; and touched at each tri-pointed lightning-rod-end with three tapering white flames, each of the three tall masts was silently burning in that sulphurous air, like three gigantic wax tapers before an altar. ”Blast the boat! let it go!” cried Stubb at […]","https://www.gutenberg.org/files/2701/2701-h/2701-h.htm#link2HCH0119","https://en.wikipedia.org/wiki/Andes"
"119","The Candles","Himalayas","Mentioned locations","29","84","area","en","[…] overboard? drop them over, fore and aft. Quick!” ”Avast!” cried Ahab; ”let’s have fair play here, though we be the weaker side. Yet I’ll contribute to raise rods on the Himmalehs and Andes, that all the world may be secured; but out on privileges! Let them be, sir.” ”Look aloft!” cried Starbuck. ”The corpusants! the corpusants!” All the yard-arms were tipped with a pallid fire; and touched at each tri-pointed lightning-rod-end with three tapering white flames, each of the three tall masts was silently burning in that sulphurous air, like three gigantic wax tapers before an altar. ”Blast the boat! let it go!” […]","https://www.gutenberg.org/files/2701/2701-h/2701-h.htm#link2HCH0119","https://www.wikidata.org/wiki/Q5451"
"123","The Musket","Japan","Mentioned locations","36","138","area","en","[…] all comfort, sleep itself, inestimable reason would leave me on the long intolerable voyage. What, then, remains? The land is hundreds of leagues away, and locked Japan the nearest. I stand alone here upon an open sea, with two oceans and a whole continent between me and law.—Aye, aye, ’tis so.—Is heaven a murderer when its lightning strikes a would-be murderer in his bed, tindering sheets and skin together?—And would I be a murderer, then, if”—and slowly, stealthily, and half sideways looking, he placed the loaded musket’s end against the door. ”On this level, Ahab’s hammock swings within; his head this […]","https://www.gutenberg.org/files/2701/2701-h/2701-h.htm#link2HCH0123","https://en.wikipedia.org/wiki/Japan"
"125","The Log and Line","Tahiti","Mentioned locations","-17.666666666667","-149.46666666667","area","en","[…] ye Pip? Pip jumped from the whale-boat. Pip’s missing. Let’s see now if ye haven’t fished him up here, fisherman. It drags hard; I guess he’s holding on. Jerk him, Tahiti! Jerk him off; we haul in no cowards here. Ho! there’s his arm just breaking water. A hatchet! a hatchet! cut it off—we haul in no cowards here. Captain Ahab! sir, sir! here’s Pip, trying to get on board again.” ”Peace, thou crazy loon,” cried the Manxman, seizing him by the arm. ”Away from the quarter-deck!” ”The greater idiot ever scolds the lesser,” muttered Ahab, advancing. ”Hands off from that holiness! Where sayest thou Pip was, boy? […]","https://www.gutenberg.org/files/2701/2701-h/2701-h.htm#link2HCH0125","https://www.wikidata.org/wiki/Q42000"
"125","The Log and Line","Isle of Man","Mentioned locations","54.235","-4.525","area","en","[…] ”What’s that? There now’s a patched professor in Queen Nature’s granite-founded College; but methinks he’s too subservient. Where wert thou born?” ”In the little rocky Isle of Man, sir.” ”Excellent! Thou’st hit the world by that.” ”I know not, sir, but I was born there.” ”In the Isle of Man, hey? Well, the other way, it’s good. Here’s a man from Man; a man born in once independent Man, and now unmanned of Man; which is sucked in—by what? Up with the reel! The dead, blind wall butts all inquiring heads at last. Up with it! So.” The log was heaved. The loose coils rapidly straightened out in a long dragging line […]","https://www.gutenberg.org/files/2701/2701-h/2701-h.htm#link2HCH0125","https://en.wikipedia.org/wiki/Isle_of_Man"
"126","The Life-Buoy","Martha's Vineyard","Mentioned locations","41.4","-70.616666666667","area","en","[…] sixty-five who ran away with a bald-headed young tinker once. And that’s the reason I never would work for lonely widow old women ashore, when I kept my job-shop in the Vineyard; they might have taken it into their lonely old heads to run off with me. But heigh-ho! there are no caps at sea but snow-caps. Let me see. Nail down the lid; caulk the seams; pay over the same with pitch; batten them down tight, and hang it with the snap-spring over the ship’s stern. Were ever such things done before with a coffin? Some superstitious old carpenters, now, would be tied up in the rigging, ere they would do the job. But […]","https://www.gutenberg.org/files/2701/2701-h/2701-h.htm#link2HCH0126","https://www.wikidata.org/wiki/Q49148"
"127","The Deck","Galápagos Islands","Mentioned locations","-0.66666666666667","-90.55","area","en","[…] and get these traps out of sight.” ”He goes aft. That was sudden, now; but squalls come sudden in hot latitudes. I’ve heard that the Isle of Albemarle, one of the Gallipagos, is cut by the Equator right in the middle. Seems to me some sort of Equator cuts yon old man, too, right in his middle. He’s always under the Line—fiery hot, I tell ye! He’s looking this way—come, oakum; quick. Here we go again. This wooden mallet is the cork, and I’m the professor of musical glasses—tap, tap!” ( Ahab to himself .) ”There’s a sight! There’s a sound! The greyheaded woodpecker tapping the hollow tree! Blind and dumb […]","https://www.gutenberg.org/files/2701/2701-h/2701-h.htm#link2HCH0127","https://www.wikidata.org/wiki/Q38095"
"128","The Pequod Meets The Rachel","Nantucket","Mentioned locations","41.276756","-70.090889","area","en","[…] had thus early sought to initiate him in the perils and wonders of a vocation almost immemorially the destiny of all his race. Nor does it unfrequently occur, that Nantucket captains will send a son of such tender age away from them, for a protracted three or four years’ voyage in some other ship than their own; so that their first knowledge of a whaleman’s career shall be unenervated by any chance display of a father’s natural but untimely partiality, or undue apprehensiveness and concern. Meantime, now the stranger was still beseeching his poor boon of Ahab; and Ahab still stood like an anvil, receiving […]","https://www.gutenberg.org/files/2701/2701-h/2701-h.htm#link2HCH0128","https://www.wikidata.org/wiki/Q49149"
"130","The Hat","Rome","Mentioned locations","41.89333333","12.48277778","area","en","[…] away with his prize. An eagle flew thrice round Tarquin’s head, removing his cap to replace it, and thereupon Tanaquil, his wife, declared that Tarquin would be king of Rome. But only by the replacing of the cap was that omen accounted good. Ahab’s hat was never restored; the wild hawk flew on and on with it; far in advance of the prow: and at last disappeared; while from the point of that disappearance, a minute black spot was dimly discerned, falling from that vast height into the sea.","https://www.gutenberg.org/files/2701/2701-h/2701-h.htm#link2HCH0130","https://en.wikipedia.org/wiki/Rome"
"132","The Symphony","Nantucket","Mentioned locations","41.276756","-70.090889","area","en","[…] longing, paternal old age! Away! let us away!—this instant let me alter the course! How cheerily, how hilariously, O my Captain, would we bowl on our way to see old Nantucket again! I think, sir, they have some such mild blue days, even as this, in Nantucket.” ”They have, they have. I have seen them—some summer days in the morning. About this time—yes, it is his noon nap now—the boy vivaciously wakes; sits up in bed; and his mother tells him of me, of cannibal old me; how I am abroad upon the deep, but will yet come back to dance him again.” ”’Tis my Mary, my Mary herself! She promised that my boy, every […]","https://www.gutenberg.org/files/2701/2701-h/2701-h.htm#link2HCH0132","https://www.wikidata.org/wiki/Q49149"
"132","The Symphony","Pacific Ocean","Mentioned locations","0","-160","area","en","[…] that however wilful and erring, she could yet find it in her heart to save and to bless. From beneath his slouched hat Ahab dropped a tear into the sea; nor did all the Pacific contain such wealth as that one wee drop. Starbuck saw the old man; saw him, how he heavily leaned over the side; and he seemed to hear in his own true heart the measureless sobbing that stole out of the centre of the serenity around. Careful not to touch him, or be noticed by him, he yet drew near to him, and stood there. Ahab turned. ”Starbuck!” ”Sir.” ”Oh, Starbuck! it is a mild, mild wind, and a mild looking sky. On such a day—very […]","https://www.gutenberg.org/files/2701/2701-h/2701-h.htm#link2HCH0132","https://en.wikipedia.org/wiki/Pacific_Ocean"
"132","The Symphony","Cape Horn","Mentioned locations","-55.98","-67.289166666667","area","en","[…] fruit to his daily hand, and broken the world’s fresh bread to my mouldy crusts—away, whole oceans away, from that young girl-wife I wedded past fifty, and sailed for Cape Horn the next day, leaving but one dent in my marriage pillow—wife? wife?—rather a widow with her husband alive! Aye, I widowed that poor girl when I married her, Starbuck; and then, the madness, the frenzy, the boiling blood and the smoking brow, with which, for a thousand lowerings old Ahab has furiously, foamingly chased his prey—more a demon than a man!—aye, aye! what a forty years’ fool—fool—old fool, has old Ahab been! Why this strife […]","https://www.gutenberg.org/files/2701/2701-h/2701-h.htm#link2HCH0132","https://www.wikidata.org/wiki/Q4078"
"132","The Symphony","Andes","Mentioned locations","-32","-70","area","en","[…] is a mild, mild wind, and a mild looking sky; and the air smells now, as if it blew from a far-away meadow; they have been making hay somewhere under the slopes of the Andes, Starbuck, and the mowers are sleeping among the new-mown hay. Sleeping? Aye, toil we how we may, we all sleep at last on the field. Sleep? Aye, and rust amid greenness; as last year’s scythes flung down, and left in the half-cut swaths—Starbuck!” But blanched to a corpse’s hue with despair, the Mate had stolen away. Ahab crossed the deck to gaze over on the other side; but started at two reflected, fixed eyes in the water there. Fedallah […]","https://www.gutenberg.org/files/2701/2701-h/2701-h.htm#link2HCH0132","https://en.wikipedia.org/wiki/Andes"
"133","The Chase—First Day","Atlantic Ocean","Mentioned locations","0","-25","area","en","[…] hump, and regularly jetting his silent spout into the air. To the credulous mariners it seemed the same silent spout they had so long ago beheld in the moonlit Atlantic and Indian Oceans. ”And did none of ye see it before?” cried Ahab, hailing the perched men all around him. ”I saw him almost that same instant, sir, that Captain Ahab did, and I cried out,” said Tashtego. ”Not the same instant; not the same—no, the doubloon is mine, Fate reserved the doubloon for me. I only; none of ye could have raised the White Whale first. There she blows!—there she blows!—there she blows! There again!—there again!” […]","https://www.gutenberg.org/files/2701/2701-h/2701-h.htm#link2HCH0133","https://en.wikipedia.org/wiki/Atlantic_Ocean"
"133","The Chase—First Day","Virginia","Mentioned locations","37.5","-79","area","en","[…] hiding the wrenched hideousness of his jaw. But soon the fore part of him slowly rose from the water; for an instant his whole marbleized body formed a high arch, like Virginia’s Natural Bridge, and warningly waving his bannered flukes in the air, the grand god revealed himself, sounded, and went out of sight. Hoveringly halting, and dipping on the wing, the white sea-fowls longingly lingered over the agitated pool that he left. With oars apeak, and paddles down, the sheets of their sails adrift, the three boats now stilly floated, awaiting Moby Dick’s reappearance. ”An hour,” said Ahab, standing rooted in his […]","https://www.gutenberg.org/files/2701/2701-h/2701-h.htm#link2HCH0133","https://www.wikidata.org/wiki/Q1370"
"133","The Chase—First Day","Eddystone Rocks","Mentioned locations","50.180791","-4.266044","area","en","[…] against it; vindictively tossing their shivered spray still higher into the air.* So, in a gale, the but half baffled Channel billows only recoil from the base of the Eddystone, triumphantly to overleap its summit with their scud. *This motion is peculiar to the sperm whale. It receives its designation (pitchpoling) from its being likened to that preliminary up-and-down poise of the whale-lance, in the exercise called pitchpoling, previously described. By this motion the whale must best and most comprehensively view whatever objects may be encircling him. But soon resuming his horizontal attitude, Moby Dick […]","https://www.gutenberg.org/files/2701/2701-h/2701-h.htm#link2HCH0133","https://www.wikidata.org/wiki/Q4171798"
"133","The Chase—First Day","Natural Bridge","Mentioned locations","37.6275","-79.54527778","area","en","[…] wrenched hideousness of his jaw. But soon the fore part of him slowly rose from the water; for an instant his whole marbleized body formed a high arch, like Virginia’s Natural Bridge, and warningly waving his bannered flukes in the air, the grand god revealed himself, sounded, and went out of sight. Hoveringly halting, and dipping on the wing, the white sea-fowls longingly lingered over the agitated pool that he left. With oars apeak, and paddles down, the sheets of their sails adrift, the three boats now stilly floated, awaiting Moby Dick’s reappearance. ”An hour,” said Ahab, standing rooted in his boat’s […]","https://www.gutenberg.org/files/2701/2701-h/2701-h.htm#link2HCH0133","https://en.wikipedia.org/wiki/Natural_Bridge_(Virginia)"
"134","The Chase—Second Day","Nantucket","Mentioned locations","41.276756","-70.090889","area","en","[…] in the South sea fishery. For such is the wonderful skill, prescience of experience, and invincible confidence acquired by some great natural geniuses among the Nantucket commanders; that from the simple observation of a whale when last descried, they will, under certain given circumstances, pretty accurately foretell both the direction in which he will continue to swim for a time, while out of sight, as well as his probable rate of progression during that period. And, in these cases, somewhat as a pilot, when about losing sight of a coast, whose general trending he well knows, and which he desires […]","https://www.gutenberg.org/files/2701/2701-h/2701-h.htm#link2HCH0134","https://www.wikidata.org/wiki/Q49149"
"135","The Chase.—Third Day","Nantucket","Mentioned locations","41.276756","-70.090889","area","en","[…] here at the sea; there’s time for that. An old, old sight, and yet somehow so young; aye, and not changed a wink since I first saw it, a boy, from the sand-hills of Nantucket! The same!—the same!—the same to Noah as to me. There’s a soft shower to leeward. Such lovely leewardings! They must lead somewhere—to something else than common land, more palmy than the palms. Leeward! the white whale goes that way; look to windward, then; the better if the bitterer quarter. But good bye, good bye, old mast-head! What’s this?—green? aye, tiny mosses in these warped cracks. No such green weather stains on Ahab’s head! […]","https://www.gutenberg.org/files/2701/2701-h/2701-h.htm#link2HCH0135","https://www.wikidata.org/wiki/Q49149"
"135","The Chase.—Third Day","Greenland","Mentioned locations","72","-40","area","en","[…] this hair is growing now; this moment growing, and heat must breed it; but no, it’s like that sort of common grass that will grow anywhere, between the earthy clefts of Greenland ice or in Vesuvius lava. How the wild winds blow it; they whip it about me as the torn shreds of split sails lash the tossed ship they cling to. A vile wind that has no doubt blown ere this through prison corridors and cells, and wards of hospitals, and ventilated them, and now comes blowing hither as innocent as fleeces. Out upon it!—it’s tainted. Were I the wind, I’d blow no more on such a wicked, miserable world. I’d crawl somewhere […]","https://www.gutenberg.org/files/2701/2701-h/2701-h.htm#link2HCH0135","https://en.wikipedia.org/wiki/Greenland"
"135","The Chase.—Third Day","Mount Vesuvius","Mentioned locations","40.82261","14.42919","area","en","[…] now; this moment growing, and heat must breed it; but no, it’s like that sort of common grass that will grow anywhere, between the earthy clefts of Greenland ice or in Vesuvius lava. How the wild winds blow it; they whip it about me as the torn shreds of split sails lash the tossed ship they cling to. A vile wind that has no doubt blown ere this through prison corridors and cells, and wards of hospitals, and ventilated them, and now comes blowing hither as innocent as fleeces. Out upon it!—it’s tainted. Were I the wind, I’d blow no more on such a wicked, miserable world. I’d crawl somewhere to a cave, and slink […]","https://www.gutenberg.org/files/2701/2701-h/2701-h.htm#link2HCH0135","https://www.wikidata.org/wiki/Q524"
