"Sección","Título","Lugar","Categoría","Latitud","Longitud","Precisión","Idioma original","Pasaje original","Fuente textual","Fuente de coordenadas"
"1","Por el camino de Swann","Roma","Lugares citados","41.89333333","12.48277778","area","fr","[…] d’un noir décanté de cendres, laquelle n’est autre que le dôme Saint-Augustin et qui donne à cette vue de Paris le caractère de certaines vues de Rome par Piranesi. Mais comme dans aucune de ces petites gravures, avec quelque goût que ma mémoire ait pu les exécuter, elle ne put mettre ce que j’avais perdu depuis longtemps, le sentiment qui nous fait non pas considérer une chose comme un spectacle, mais y croire comme en un être sans équivalent, aucune d’elles ne tient sous sa dépendance toute une partie profonde de ma vie, comme fait le souvenir de ces aspects du clocher de Combray dans les rues qui […]","https://fr.wikisource.org/wiki/Du_c%C3%B4t%C3%A9_de_chez_Swann%2FPartie_1","https://en.wikipedia.org/wiki/Rome"
"1","Por el camino de Swann","Venecia","Lugares citados","45.439722222222","12.331944444444","area","fr","[…] de suite ; je passais la plus grande partie de la nuit à me rappeler notre vie d’autrefois à Combray chez ma grand’tante, à Balbec, à Paris, à Doncières, à Venise, ailleurs encore, à me rappeler les lieux, les personnes que j’y avais connues, ce que j’avais vu d’elles, ce qu’on m’en avait raconté.","https://fr.wikisource.org/wiki/Du_c%C3%B4t%C3%A9_de_chez_Swann%2FPartie_1","https://www.wikidata.org/wiki/Q641"
"1","Por el camino de Swann","Milán","Lugares citados","45.46694444","9.19","area","fr","[…] pour vous qui n’êtes pas très forte, je ne vous conseillerais pas de monter nos quatre-vingt-dix-sept marches, juste la moitié du célèbre dôme de Milan. Il y a de quoi fatiguer une personne bien portante, d’autant plus qu’on monte plié en deux si on ne veut pas se casser la tête, et on ramasse avec ses effets toutes les toiles d’araignées de l’escalier. En tous cas il faudrait bien vous couvrir, ajoutait-il (sans apercevoir l’indignation que causait à ma tante l’idée qu’elle fût capable de monter dans le clocher), car il fait un de ces courants d’air une fois arrivé là-haut ! Certaines personnes […]","https://fr.wikisource.org/wiki/Du_c%C3%B4t%C3%A9_de_chez_Swann%2FPartie_1","https://en.wikipedia.org/wiki/Milan"
"1","Por el camino de Swann","Florencia","Lugares citados","43.77138889","11.25416667","area","fr","[…] du sourire ou des regards — pourtant si honnêtes et si simples — d’Odette, plus de passion que l’esthéticien qui interroge les documents subsistant de la Florence du XV siècle pour tâcher d’entrer plus avant dans l’âme de la Primavera, de la bella Vanna, ou de la Vénus de Botticelli. Souvent sans lui rien dire il la regardait, il songeait ; elle lui disait : « Comme tu as l’air triste ! » Il n’y avait pas bien longtemps encore, de l’idée qu’elle était une créature bonne, analogue aux meilleures qu’il eût connues, il avait passé à l’idée qu’elle était une femme entretenue ; inversement il lui était arrivé […]","https://fr.wikisource.org/wiki/Du_c%C3%B4t%C3%A9_de_chez_Swann%2FPartie_2","https://en.wikipedia.org/wiki/Florence"
"1","Por el camino de Swann","Jerusalén","Lugares citados","31.77888889","35.22555556","area","fr","[…] avec la brise fraîche encore des dernières gelées et qui va entr’ouvrir, pour les deux papillons qui depuis ce matin attendent à la porte, la première rose de Jérusalem. »","https://fr.wikisource.org/wiki/Du_c%C3%B4t%C3%A9_de_chez_Swann%2FPartie_1","https://en.wikipedia.org/wiki/Jerusalem"
"1","Por el camino de Swann","Niza","Lugares citados","43.7034","7.2663","area","fr","[…] ». Et ces affectations contrastaient avec la sincérité de certaines de ses dévotions, notamment à Notre-Dame du Laghet qui l’avait jadis, quand elle habitait Nice, guérie d’une maladie mortelle, et dont elle portait toujours sur elle une médaille d’or à laquelle elle attribuait un pouvoir sans limites. Odette fit à Swann « son » thé, lui demanda : « Citron ou crème ? » et comme il répondit « crème », lui dit en riant : « Un nuage ! » Et comme il le trouvait bon : « Vous voyez que je sais ce que vous aimez. » Ce thé en effet avait paru à Swann quelque chose de précieux comme à elle-même, et l’amour a tellement […]","https://fr.wikisource.org/wiki/Du_c%C3%B4t%C3%A9_de_chez_Swann%2FPartie_2","https://en.wikipedia.org/wiki/Nice"
"1","Por el camino de Swann","Bayreuth","Lugares citados","49.94805556","11.57833333","area","fr","[…] cas, renonçons provisoirement aux gentillesses supplémentaires ! Penser que pas plus tard qu’hier, comme elle disait avoir envie d’assister à la saison de Bayreuth, j’ai eu la bêtise de lui proposer de louer un des jolis châteaux du roi de Bavière pour nous deux dans les environs. Et d’ailleurs elle n’a pas paru plus ravie que cela, elle n’a encore dit ni oui ni non ; espérons qu’elle refusera, grand Dieu ! Entendre du Wagner pendant quinze jours avec elle qui s’en soucie comme un poisson d’une pomme, ce serait gai ! » Et sa haine, tout comme son amour, ayant besoin de se manifester et d’agir il se plaisait […]","https://fr.wikisource.org/wiki/Du_c%C3%B4t%C3%A9_de_chez_Swann%2FPartie_2","https://en.wikipedia.org/wiki/Bayreuth"
"1","Por el camino de Swann","Compiègne","Lugares citados","49.4149","2.8231","area","fr","[…] aux yeux de tous, elle se compromettrait. Parfois c’était pour plusieurs jours qu’elle s’absentait, les Verdurin l’emmenaient voir les tombeaux de Dreux, ou à Compiègne admirer, sur le conseil du peintre, des couchers de soleil en forêt et on poussait jusqu’au château de Pierrefonds.","https://fr.wikisource.org/wiki/Du_c%C3%B4t%C3%A9_de_chez_Swann%2FPartie_2","https://en.wikipedia.org/wiki/Compi%C3%A8gne"
"1","Por el camino de Swann","Fontainebleau","Lugares citados","48.4097","2.7025","area","fr","[…] je jouis par les yeux. Qu’est ce que vous avez tous à rire ? demandez au docteur, il vous dira que ces raisins-là me purgent. D’autres font des cures de Fontainebleau, moi je fais ma petite cure de Beauvais. Mais, monsieur Swann, vous ne partirez pas sans avoir touché les petits bronzes des dossiers. Est-ce assez doux comme patine ? Mais non, à pleines mains, touchez-les bien.","https://fr.wikisource.org/wiki/Du_c%C3%B4t%C3%A9_de_chez_Swann%2FPartie_2","https://en.wikipedia.org/wiki/Fontainebleau"
"1","Por el camino de Swann","Versailles","Lugares citados","48.8047","2.1203","area","fr","[…] son lever, son déjeuner, son repos, prendre par leur singularité despotique un peu de l’intérêt de ce que Saint-Simon appelait la « mécanique » de la vie à Versailles, et pouvait croire aussi que ses silences, une nuance de bonne humeur ou de hauteur dans sa physionomie, étaient de la part de Françoise l’objet d’un commentaire aussi passionné, aussi craintif que l’étaient le silence, la bonne humeur, la hauteur du Roi quand un courtisan, ou même les plus grands seigneurs, lui avaient remis une supplique, au détour d’une allée, à Versailles.","https://fr.wikisource.org/wiki/Du_c%C3%B4t%C3%A9_de_chez_Swann%2FPartie_1","https://en.wikipedia.org/wiki/Palace_of_Versailles"
"1","Por el camino de Swann","Chartres","Lugares citados","48.456","1.484","area","fr","[…] substituer, pour la plus grande partie, de l’art encore, d’y introduire comme plusieurs « épaisseurs » d’art : au lieu de photographies de la Cathédrale de Chartres, des Grandes Eaux de Saint-Cloud, du Vésuve, elle se renseignait auprès de Swann si quelque grand peintre ne les avait pas représentés, et préférait me donner des photographies de la Cathédrale de Chartres par Corot, des Grandes Eaux de Saint-Cloud par Hubert Robert, du Vésuve par Turner, ce qui faisait un degré d’art de plus. Mais si le photographe avait été écarté de la représentation du chef-d’œuvre ou de la nature et remplacé par un grand […]","https://fr.wikisource.org/wiki/Du_c%C3%B4t%C3%A9_de_chez_Swann%2FPartie_1","https://en.wikipedia.org/wiki/Chartres"
"1","Por el camino de Swann","Dresden","Lugares citados","51.05","13.74","area","fr","Il en avait eu souvent la pensée. Maintenant qu’il s’était remis à son étude sur Ver Meer il aurait eu besoin de retourner au moins quelques jours à la Haye, à Dresde, à Brunswick. Il était persuadé qu’une « Toilette de Diane » qui avait été achetée par le Mauritshuis à la vente Goldschmidt comme un Nicolas Maes était en réalité de Ver Meer. Et il aurait voulu pouvoir étudier le tableau sur place pour étayer sa conviction. Mais quitter Paris pendant qu’Odette y était et même quand elle était absente — car dans des lieux nouveaux où les sensations ne sont pas amorties par l’habitude, on retrempe, on ranime une […]","https://fr.wikisource.org/wiki/Du_c%C3%B4t%C3%A9_de_chez_Swann%2FPartie_2","https://en.wikipedia.org/wiki/Dresden"
"1","Por el camino de Swann","Monte Carlo","Lugares citados","43.73972222","7.42722222","area","fr","[…] de plus ridicule que le plaisir qu’il avait autrefois à déjeuner chez le prince de Galles, de même, il ne pensait pas que l’admiration qu’elle professait pour Monte-Carlo ou pour le Righi fût plus déraisonnable que le goût qu’il avait, lui, pour la Hollande qu’elle se figurait laide et pour Versailles qu’elle trouvait triste. Aussi, se privait-il d’y aller, ayant plaisir à se dire que c’était pour elle, qu’il voulait ne sentir, n’aimer qu’avec elle.","https://fr.wikisource.org/wiki/Du_c%C3%B4t%C3%A9_de_chez_Swann%2FPartie_2","https://en.wikipedia.org/wiki/Monte_Carlo"
"1","Por el camino de Swann","Francia","Lugares citados","47","2","area","fr","[…] un prestige suffisant pour qu’on pût le servir à des étrangers qui venaient pour la première fois. Si la conversation tombait sur les princes de la Maison de France : « des gens que nous ne connaîtrons jamais ni vous ni moi et nous nous en passons, n’est-ce pas », disait ma grand’tante à Swann qui avait peut-être dans sa poche une lettre de Twickenham ; elle lui faisait pousser le piano et tourner les pages les soirs où la sœur de ma grand’mère chantait, ayant, pour manier cet être ailleurs si recherché, la naïve brusquerie d’un enfant qui joue avec un bibelot de collection sans plus de précautions qu’avec un […]","https://fr.wikisource.org/wiki/Du_c%C3%B4t%C3%A9_de_chez_Swann%2FPartie_1","https://www.wikidata.org/wiki/Q142"
"1","Por el camino de Swann","Italy","Lugares citados","43","12","area","fr","[…] tout naturel qu’il ne vînt pas nous voir l’été sans avoir à la main un panier de pêches ou de framboises de son jardin, et que de chacun de ses voyages d’Italie il m’eût rapporté des photographies de chefs-d’œuvre.","https://fr.wikisource.org/wiki/Du_c%C3%B4t%C3%A9_de_chez_Swann%2FPartie_1","https://en.wikipedia.org/wiki/Italy"
"1","Por el camino de Swann","Austria","Lugares citados","47.33333333","13.33333333","area","fr","[…] avait à les accomplir sans elle, comme ces initiales de Philibert le Beau que dans l’église de Brou, à cause du regret qu’elle avait de lui, Marguerite d’Autriche entrelaça partout aux siennes. Certains jours, au lieu de rester chez lui, il allait prendre son déjeuner dans un restaurant assez voisin dont il avait apprécié autrefois la bonne cuisine et où maintenant il n’allait plus que pour une de ces raisons à la fois mystiques et saugrenues, qu’on appelle romanesques ; c’est que ce restaurant (lequel existe encore) portait le même nom que la rue habitée par Odette : Lapérouse. Quelquefois, quand elle […]","https://fr.wikisource.org/wiki/Du_c%C3%B4t%C3%A9_de_chez_Swann%2FPartie_2","https://en.wikipedia.org/wiki/Austria"
"1","Por el camino de Swann","España","Lugares citados","40.2","-3.5","area","fr","[…] les choses n’ont pas énormément changé. Je relisais ce matin dans Saint-Simon quelque chose qui vous aurait amusé. C’est dans le volume sur son ambassade d’Espagne ; ce n’est pas un des meilleurs, ce n’est guère qu’un journal merveilleusement écrit, ce qui fait déjà une première différence avec les assommants journaux que nous nous croyons obligés de lire matin et soir. » — « Je ne suis pas de votre avis, il y a des jours où la lecture des journaux me semble fort agréable… », interrompit ma tante Flora, pour montrer qu’elle avait lu la phrase sur le Corot de Swann dans le Figaro. « Quand ils parlent de choses […]","https://fr.wikisource.org/wiki/Du_c%C3%B4t%C3%A9_de_chez_Swann%2FPartie_1","https://www.wikidata.org/wiki/Q29"
"1","Por el camino de Swann","Holland","Lugares citados","52.25","4.667","area","fr","[…] de même, il ne pensait pas que l’admiration qu’elle professait pour Monte-Carlo ou pour le Righi fût plus déraisonnable que le goût qu’il avait, lui, pour la Hollande qu’elle se figurait laide et pour Versailles qu’elle trouvait triste. Aussi, se privait-il d’y aller, ayant plaisir à se dire que c’était pour elle, qu’il voulait ne sentir, n’aimer qu’avec elle.","https://fr.wikisource.org/wiki/Du_c%C3%B4t%C3%A9_de_chez_Swann%2FPartie_2","https://en.wikipedia.org/wiki/Holland"
"1","Por el camino de Swann","Baviera","Lugares citados","49","11.5","area","fr","[…] tard qu’hier, comme elle disait avoir envie d’assister à la saison de Bayreuth, j’ai eu la bêtise de lui proposer de louer un des jolis châteaux du roi de Bavière pour nous deux dans les environs. Et d’ailleurs elle n’a pas paru plus ravie que cela, elle n’a encore dit ni oui ni non ; espérons qu’elle refusera, grand Dieu ! Entendre du Wagner pendant quinze jours avec elle qui s’en soucie comme un poisson d’une pomme, ce serait gai ! » Et sa haine, tout comme son amour, ayant besoin de se manifester et d’agir il se plaisait à pousser de plus en plus loin ses imaginations mauvaises, parce que, grâce aux […]","https://fr.wikisource.org/wiki/Du_c%C3%B4t%C3%A9_de_chez_Swann%2FPartie_2","https://en.wikipedia.org/wiki/Bavaria"
"1","Por el camino de Swann","Normandía","Lugares citados","48.88","0.17","area","fr","[…] les toits, qui ont un autre caractère d’art que celles que composaient les tristes rues de Combray. Je n’oublierai jamais, dans une curieuse ville de Normandie voisine de Balbec, deux charmants hôtels du XVIII siècle, qui me sont à beaucoup d’égards chers et vénérables et entre lesquels, quand on la regarde du beau jardin qui descend des perrons vers la rivière, la flèche gothique d’une église qu’ils cachent s’élance, ayant l’air de terminer, de surmonter leurs façades, mais d’une matière si différente, si précieuse, si annelée, si rose, si vernie, qu’on voit bien qu’elle n’en fait pas plus partie que […]","https://fr.wikisource.org/wiki/Du_c%C3%B4t%C3%A9_de_chez_Swann%2FPartie_1","https://en.wikipedia.org/wiki/Normandy"
"1","Por el camino de Swann","Bretaña","Lugares citados","48","-3","area","fr","[…] dans le ciel. Et ce petit nuage rose n’a-t-il pas aussi un teint de fleur, d’œillet ou d’hydrangéa. Il n’y a guère que dans la Manche, entre Normandie et Bretagne, que j’ai pu faire de plus riches observations sur cette sorte de règne végétal de l’atmosphère. Là-bas près de Balbec, près de ces lieux sauvages, il y a une petite baie d’une douceur charmante où le coucher de soleil du pays d’Auge, le coucher de soleil rouge et or que je suis loin de dédaigner, d’ailleurs, est sans caractère, insignifiant ; mais dans cette atmosphère humide et douce s’épanouissent le soir en quelques instants de ces bouquets […]","https://fr.wikisource.org/wiki/Du_c%C3%B4t%C3%A9_de_chez_Swann%2FPartie_1","https://en.wikipedia.org/wiki/Brittany"
"1","Por el camino de Swann","China","Lugares citados","35","103","area","fr","[…] dans un des nombreux retraits mystérieux qui étaient ménagés dans les enfoncements du salon, protégés par d’immenses palmiers contenus dans des cache-pot de Chine, ou par des paravents auxquels étaient fixés des photographies, des nœuds de rubans et des éventails. Elle lui avait dit : « Vous n’êtes pas confortable comme cela, attendez, moi je vais bien vous arranger », et avec le petit rire vaniteux qu’elle aurait eu pour quelque invention particulière à elle, avait installé derrière la tête de Swann, sous ses pieds, des coussins de soie japonaise qu’elle pétrissait comme si elle avait été prodigue de ces […]","https://fr.wikisource.org/wiki/Du_c%C3%B4t%C3%A9_de_chez_Swann%2FPartie_2","https://en.wikipedia.org/wiki/China"
"1","Por el camino de Swann","India","Lugares citados","21","78","area","fr","[…] appelait des sensibleries. Je restai sans oser faire un mouvement ; il était encore devant nous, grand, dans sa robe de nuit blanche sous le cachemire de l’Inde violet et rose qu’il nouait autour de sa tête depuis qu’il avait des névralgies, avec le geste d’Abraham dans la gravure d’après Benozzo Gozzoli que m’avait donnée M. Swann, disant à Sarah qu’elle a à se départir du côté d’Isaac. Il y a bien des années de cela. La muraille de l’escalier où je vis monter le reflet de sa bougie n’existe plus depuis longtemps. En moi aussi bien des choses ont été détruites que je croyais devoir durer toujours, et de […]","https://fr.wikisource.org/wiki/Du_c%C3%B4t%C3%A9_de_chez_Swann%2FPartie_1","https://en.wikipedia.org/wiki/India"
"1","Por el camino de Swann","Egipto","Lugares citados","27","29","area","fr","[…] éclater : c’est qu’Odette lui avait dit, avec un regard souriant et sournois qui l’observait : « Forcheville va faire un beau voyage, à la Pentecôte. Il va en Égypte », et Swann avait aussitôt compris que cela signifiait : « Je vais aller en Égypte à la Pentecôte avec Forcheville. » Et en effet, si quelques jours après, Swann lui disait : « Voyons, à propos de ce voyage que tu m’as dit que tu ferais avec Forcheville », elle répondait étourdiment : « Oui mon petit, nous partons le 19, on t’enverra une vue des Pyramides. » Alors il voulait apprendre si elle était la maîtresse de Forcheville, le lui demander à […]","https://fr.wikisource.org/wiki/Du_c%C3%B4t%C3%A9_de_chez_Swann%2FPartie_2","https://www.wikidata.org/wiki/Q79"
"1","Por el camino de Swann","Américas","Lugares citados","19","-96","area","fr","[…] des premières graines de cette prédilection pour Bergotte, espèce si rare alors, aujourd’hui universellement répandue, et dont on trouve partout en Europe, en Amérique, jusque dans le moindre village, la fleur idéale et commune. Ce que l’amie de ma mère et, paraît-il, le docteur du Boulbon aimaient surtout dans les livres de Bergotte c’était comme moi, ce même flux mélodique, ces expressions anciennes, quelques autres très simples et connues, mais pour lesquelles la place où il les mettait en lumière semblait révéler de sa part un goût particulier ; enfin, dans les passages tristes, une certaine brusquerie, un […]","https://fr.wikisource.org/wiki/Du_c%C3%B4t%C3%A9_de_chez_Swann%2FPartie_1","https://www.wikidata.org/wiki/Q828"
"1","Por el camino de Swann","Asia","Lugares citados","35","108","area","fr","[…] je tendais les bras vers eux sans pouvoir épeler complètement leur joli nom de Princes de contes de fées français, venus peut-être il y a bien des siècles d’Asie, mais apatriés pour toujours au village, contents du modeste horizon, aimant le soleil et le bord de l’eau, fidèles à la petite vue de la gare, gardant encore pourtant comme certaines de nos vieilles toiles peintes, dans leur simplicité populaire, un poétique éclat d’orient.","https://fr.wikisource.org/wiki/Du_c%C3%B4t%C3%A9_de_chez_Swann%2FPartie_1","https://www.wikidata.org/wiki/Q48"
"1","Por el camino de Swann","Europa","Lugares citados","53.5","15.5","area","fr","[…] des premières graines de cette prédilection pour Bergotte, espèce si rare alors, aujourd’hui universellement répandue, et dont on trouve partout en Europe, en Amérique, jusque dans le moindre village, la fleur idéale et commune. Ce que l’amie de ma mère et, paraît-il, le docteur du Boulbon aimaient surtout dans les livres de Bergotte c’était comme moi, ce même flux mélodique, ces expressions anciennes, quelques autres très simples et connues, mais pour lesquelles la place où il les mettait en lumière semblait révéler de sa part un goût particulier ; enfin, dans les passages tristes, une certaine […]","https://fr.wikisource.org/wiki/Du_c%C3%B4t%C3%A9_de_chez_Swann%2FPartie_1","https://www.wikidata.org/wiki/Q46"
"1","Por el camino de Swann","Greece","Lugares citados","39","22","area","fr","[…] fois tous les dix ans, ajouta-t-il en témoignant pour les choses mondaines ce dédain qu’affectent certains hommes du monde, que nous lirions que la reine de Grèce est allée à Cannes ou que la princesse de Léon a donné un bal costumé. Comme cela la juste proportion serait rétablie. » Mais regrettant de s’être laissé aller à parler même légèrement de choses sérieuses : « Nous avons une bien belle conversation, dit-il ironiquement, je ne sais pas pourquoi nous abordons ces « sommets », et se tournant vers mon grand-père : « Donc Saint-Simon raconte que Maulevrier avait eu l’audace de tendre la main à ses fils. […]","https://fr.wikisource.org/wiki/Du_c%C3%B4t%C3%A9_de_chez_Swann%2FPartie_1","https://en.wikipedia.org/wiki/Greece"
"1","Por el camino de Swann","Istanbul","Lugares citados","41.01","28.960277777778","area","fr","[…] d’avance pour faire plaisir à sa femme et n’eût averti les fidèles qu’au fur et à mesure, d’Alger, ils allèrent à Tunis, puis en Italie, puis en Grèce, à Constantinople, en Asie Mineure. Le voyage durait depuis près d’un an. Swann se sentait absolument tranquille, presque heureux. Bien que M. Verdurin eût cherché à persuader au pianiste et au docteur Cottard que la tante de l’un et les malades de l’autre n’avaient aucun besoin d’eux, et, qu’en tous cas il était imprudent de laisser M Cottard rentrer à Paris que M Verdurin assurait être en révolution, il fut obligé de leur rendre leur liberté à […]","https://fr.wikisource.org/wiki/Du_c%C3%B4t%C3%A9_de_chez_Swann%2FPartie_2","https://www.wikidata.org/wiki/Q406"
"1","Por el camino de Swann","Nineveh","Lugares citados","36.35944444","43.15277778","area","fr","[…] un peu de la ténébreuse horreur qu’il avait ressentie en entendant l’aveu relatif à la Maison Dorée, et, comme les bêtes immondes dans la Désolation de Ninive, ébranlant pierre à pierre tout son passé. Si maintenant il se détournait chaque fois que sa mémoire lui disait le nom cruel de la Maison Dorée, ce n’était plus, comme tout récemment encore à la soirée de M de Saint-Euverte, parce qu’il lui rappelait un bonheur qu’il avait perdu depuis longtemps, mais un malheur qu’il venait seulement d’apprendre. Puis il en fut du nom de la Maison Dorée comme de celui de l’île du Bois, il cessa peu à peu de faire […]","https://fr.wikisource.org/wiki/Du_c%C3%B4t%C3%A9_de_chez_Swann%2FPartie_2","https://en.wikipedia.org/wiki/Nineveh"
"1","Por el camino de Swann","Mar Mediterráneo","Lugares citados","35","18","area","fr","[…] qu’il avait redouté, et sur laquelle il appuyait, il reposait, sans penser, sa rêverie heureuse. Ainsi un voyageur arrivé par un beau temps au bord de la Méditerranée, incertain de l’existence des pays qu’il vient de quitter, laisse éblouir sa vue, plutôt qu’il ne leur jette des regards, par les rayons qu’émet vers lui l’azur lumineux et résistant des eaux.","https://fr.wikisource.org/wiki/Du_c%C3%B4t%C3%A9_de_chez_Swann%2FPartie_2","https://en.wikipedia.org/wiki/Mediterranean_Sea"
"1","Por el camino de Swann","Océano Atlántico","Lugares citados","0","-25","area","fr","[…] remet en nos mains la possibilité de leur apparition, soustraite à la tutelle et dispensée de l’agrément du hasard, de même la production de ces rêves d’Atlantique et d’Italie cessa d’être soumise uniquement aux changements des saisons et du temps. Je n’eus besoin pour les faire renaître que de prononcer ces noms : Balbec, Venise, Florence, dans l’intérieur desquels avait fini par s’accumuler le désir que m’avaient inspiré les lieux qu’ils désignaient. Même au printemps, trouver dans un livre le nom de Balbec suffisait à réveiller en moi le désir des tempêtes et du gothique normand ; même par un jour de […]","https://fr.wikisource.org/wiki/Du_c%C3%B4t%C3%A9_de_chez_Swann%2FPartie_3","https://en.wikipedia.org/wiki/Atlantic_Ocean"
"2","A la sombra de las muchachas en flor","Londres","Lugares citados","51.50722222","-0.1275","area","fr","[…] la salle à manger, cet homme petit, à cheveux blancs, à nez rouge, d’une impassibilité et d’une correction extraordinaires, et qui était connu, paraît-il, à Londres aussi bien qu’à Monte-Carlo, pour un des premiers hôteliers de l’Europe. Une fois que j’étais sorti un instant au commencement du dîner, comme en rentrant je passai devant lui, il me salua, mais avec une froideur dont je ne pus démêler si la cause était la réserve de quelqu’un qui n’oublie pas ce qu’il est, ou le dédain pour un client sans importance. Devant ceux qui en avaient au contraire une très grande, le Directeur général s’inclinait avec […]","https://fr.wikisource.org/wiki/%C3%80_l%E2%80%99ombre_des_jeunes_filles_en_fleurs%2FDeuxi%C3%A8me_partie","https://en.wikipedia.org/wiki/London"
"2","A la sombra de las muchachas en flor","Roma","Lugares citados","41.89333333","12.48277778","area","fr","[…] il ne me détourna pas d’elle ; il m’en parla au contraire avec déférence comme d’une personne vénérable et charmante du cercle choisi de laquelle, à Rome ou à Dresde, on a gardé le meilleur souvenir et qu’on regrette par suite des nécessités de la vie de retrouver si rarement. Il semblait m’envier en souriant d’un air presque grivois les bons moments que, plus heureux que lui et plus libre, elle me ferait passer. Mais les termes mêmes dont il se servait me montraient la Littérature comme trop différente de l’image que je m’en étais faite à Combray, et je compris que j’avais eu doublement raison de […]","https://fr.wikisource.org/wiki/%C3%80_l%E2%80%99ombre_des_jeunes_filles_en_fleurs%2FPremi%C3%A8re_partie","https://en.wikipedia.org/wiki/Rome"
"2","A la sombra de las muchachas en flor","Venecia","Lugares citados","45.439722222222","12.331944444444","area","fr","[…] mes souvenirs douloureux n’avaient plus assez de force pour détruire dans leur retour incessant la formation du plaisir que j’avais à penser à Florence, à Venise. Je regrettais à ces moments-là d’avoir renoncé à entrer dans la diplomatie et de m’être fait une existence sédentaire pour ne pas m’éloigner d’une jeune fille que je ne verrais plus et que j’avais déjà presque oubliée. On construit sa vie pour une personne et, quand enfin on peut l’y recevoir, cette personne ne vient pas, puis meurt pour vous et on vit prisonnier dans ce qui n’était destiné qu’à elle. Si Venise semblait à mes parents bien lointain […]","https://fr.wikisource.org/wiki/%C3%80_l%E2%80%99ombre_des_jeunes_filles_en_fleurs%2FDeuxi%C3%A8me_partie","https://www.wikidata.org/wiki/Q641"
"2","A la sombra de las muchachas en flor","Viena","Lugares citados","48.2083","16.3725","area","fr","[…] ne laissait pas que d’être assez épineuse (ce qui après tout est aussi une manière d’être piquante). Bergotte, voilà quelques années de cela, fit un voyage à Vienne, pendant que j’y étais ambassadeur ; il me fut présenté par la princesse de Metternich, vint s’inscrire et désirait être invité. Or, étant à l’étranger représentant de la France, à qui en somme il fait honneur par ses écrits, dans une certaine mesure, disons, pour être exacts, dans une mesure bien faible, j’aurais passé sur la triste opinion que j’ai de sa vie privée. Mais il ne voyageait pas seul et bien plus il prétendait ne pas être invité sans […]","https://fr.wikisource.org/wiki/%C3%80_l%E2%80%99ombre_des_jeunes_filles_en_fleurs%2FPremi%C3%A8re_partie","https://en.wikipedia.org/wiki/Vienna"
"2","A la sombra de las muchachas en flor","Florencia","Lugares citados","43.77138889","11.25416667","area","fr","[…] moins chère, mes souvenirs douloureux n’avaient plus assez de force pour détruire dans leur retour incessant la formation du plaisir que j’avais à penser à Florence, à Venise. Je regrettais à ces moments-là d’avoir renoncé à entrer dans la diplomatie et de m’être fait une existence sédentaire pour ne pas m’éloigner d’une jeune fille que je ne verrais plus et que j’avais déjà presque oubliée. On construit sa vie pour une personne et, quand enfin on peut l’y recevoir, cette personne ne vient pas, puis meurt pour vous et on vit prisonnier dans ce qui n’était destiné qu’à elle. Si Venise semblait à mes parents […]","https://fr.wikisource.org/wiki/%C3%80_l%E2%80%99ombre_des_jeunes_filles_en_fleurs%2FDeuxi%C3%A8me_partie","https://en.wikipedia.org/wiki/Florence"
"2","A la sombra de las muchachas en flor","Jerusalén","Lugares citados","31.77888889","35.22555556","area","fr","[…] chaude ; et celui qui sort des nuées pour poser sa couronne sur le front de la Vierge, et tous ceux qui penchés du haut du ciel, entre les balustres de la Jérusalem céleste, lèvent les bras d’épouvante ou de joie à la vue des supplices des méchants et du bonheur des élus ! Car c’est tous les cercles du ciel, tout un gigantesque poème théologique et symbolique que vous avez là. C’est fou, c’est divin, c’est mille fois supérieur à tout ce que vous verrez en Italie où d’ailleurs ce tympan a été littéralement copié par des sculpteurs de bien moins de génie. Il n’y a pas eu d’époque où tout le monde a du génie, […]","https://fr.wikisource.org/wiki/%C3%80_l%E2%80%99ombre_des_jeunes_filles_en_fleurs%2FTroisi%C3%A8me_partie","https://en.wikipedia.org/wiki/Jerusalem"
"2","A la sombra de las muchachas en flor","Atenas","Lugares citados","37.98416667","23.72805556","area","fr","[…] à mi-voix à Saint-Loup qui n’en fut que plus intéressé, étant très curieux de la psychologie des menteurs. — Plus menteur encore que l’Ithaquesien Odysseus qu’Athènes appelait pourtant le plus menteur des hommes, compléta notre camarade Bloch. — Ah ! par exemple ! s’écria M. Nissim Bernard, si je m’attendais à dîner avec le fils de mon ami ! Mais j’ai à Paris chez moi, une photographie de votre père et combien de lettres de lui. Il m’appelait toujours « mon oncle », on n’a jamais su pourquoi. C’était un homme charmant, étincelant. Je me rappelle un dîner chez moi, à Nice, où il y avait Sardou, Labiche, Augier… — […]","https://fr.wikisource.org/wiki/%C3%80_l%E2%80%99ombre_des_jeunes_filles_en_fleurs%2FTroisi%C3%A8me_partie","https://en.wikipedia.org/wiki/Athens"
"2","A la sombra de las muchachas en flor","Nápoles","Lugares citados","40.8358","14.2486","area","fr","[…] mais on eût dit que ce fût un titre. On répétait : « Bloch ? lequel ? le duc d’Aumale ? » Comme on dit : « La princesse Murat ? laquelle ? la Reine (de Naples) ? » Un certain nombre d’autres infimes indices achevaient de lui donner aux yeux du cousinage une prétendue distinction. N’allant pas jusqu’à avoir une voiture, M. Bloch louait à certains jours une victoria découverte à deux chevaux de la Compagnie et traversait le Bois de Boulogne, mollement étendu de travers, deux doigts sur la tempe, deux autres sous le menton et si les gens qui ne le connaissaient pas le trouvaient à cause de cela « faiseur […]","https://fr.wikisource.org/wiki/%C3%80_l%E2%80%99ombre_des_jeunes_filles_en_fleurs%2FTroisi%C3%A8me_partie","https://en.wikipedia.org/wiki/Naples"
"2","A la sombra de las muchachas en flor","Niza","Lugares citados","43.7034","7.2663","area","fr","[…] de lettres de lui. Il m’appelait toujours « mon oncle », on n’a jamais su pourquoi. C’était un homme charmant, étincelant. Je me rappelle un dîner chez moi, à Nice, où il y avait Sardou, Labiche, Augier… — Molière, Racine, Corneille, continua ironiquement M. Bloch le père dont le fils acheva l’énumération en ajoutant : Plaute, Ménandre, Kalidasa. » M. Nissim Bernard blessé arrêta brusquement son récit et, se privant ascétiquement d’un grand plaisir, resta muet jusqu’à la fin du dîner.","https://fr.wikisource.org/wiki/%C3%80_l%E2%80%99ombre_des_jeunes_filles_en_fleurs%2FTroisi%C3%A8me_partie","https://en.wikipedia.org/wiki/Nice"
"2","A la sombra de las muchachas en flor","Algeciras","Lugares citados","36.1275","-5.45388889","area","fr","[…] plus renseignée que nous sur les détails du voyage. Je crois que votre père avancera son retour à la semaine prochaine car il renoncera probablement à aller à Algésiras. Mais il a envie de consacrer un jour de plus à Tolède car il est admirateur d’un élève de Titien dont je ne me rappelle pas le nom et qu’on ne voit bien que là.","https://fr.wikisource.org/wiki/%C3%80_l%E2%80%99ombre_des_jeunes_filles_en_fleurs%2FDeuxi%C3%A8me_partie","https://en.wikipedia.org/wiki/Algeciras"
"2","A la sombra de las muchachas en flor","Compiègne","Lugares citados","49.4149","2.8231","area","fr","[…] » M Swann refit la révérence et la princesse eut pour nous tous un divin sourire qu’elle sembla amener du passé, des grâces de sa jeunesse, des soirées de Compiègne et qui coula intact et doux sur le visage tout à l’heure grognon, puis elle s’éloigna suivie des deux dames d’honneur qui n’avaient fait, à la façon d’interprètes, de bonnes d’enfants, ou de gardes-malades, que ponctuer notre conversation de phrases insignifiantes et d’explications inutiles. « Vous devriez aller écrire votre nom chez elle, un jour de cette semaine, me dit M Swann ; on ne corne pas de bristol à toutes ces royalties, comme disent […]","https://fr.wikisource.org/wiki/%C3%80_l%E2%80%99ombre_des_jeunes_filles_en_fleurs%2FPremi%C3%A8re_partie","https://en.wikipedia.org/wiki/Compi%C3%A8gne"
"2","A la sombra de las muchachas en flor","Versailles","Lugares citados","48.8047","2.1203","area","fr","[…] m’avaient empêché de la voir, maintenant — quand j’entrais dans la sombre antichambre où planait perpétuellement, plus formidable et plus désirée que jadis à Versailles l’apparition du Roi, la possibilité de les rencontrer, et où habituellement, après avoir buté contre un énorme porte-manteaux à sept branches comme le Chandelier de l’Écriture, je me confondais en salutations devant un valet de pied assis, dans sa longue jupe grise, sur le coffre de bois et que dans l’obscurité j’avais pris pour M Swann — les parents de Gilberte, si l’un d’eux se trouvait à passer au moment de mon arrivée, loin d’avoir l’air […]","https://fr.wikisource.org/wiki/%C3%80_l%E2%80%99ombre_des_jeunes_filles_en_fleurs%2FPremi%C3%A8re_partie","https://en.wikipedia.org/wiki/Palace_of_Versailles"
"2","A la sombra de las muchachas en flor","Chartres","Lugares citados","48.456","1.484","area","fr","Certains noms de villes, Vézelay ou Chartres, Bourges ou Beauvais, servent à désigner, par abréviation, leur église principale. Cette acception partielle où nous le prenons si souvent finit — s’il s’agit de lieux que nous ne connaissons pas encore — par sculpter le nom tout entier qui dès lors quand nous voudrons y faire entrer l’idée de la ville — de la ville que nous n’avons jamais vue — lui imposera — comme un moule — les mêmes ciselures, et du même style, en fera une sorte de grande […]","https://fr.wikisource.org/wiki/%C3%80_l%E2%80%99ombre_des_jeunes_filles_en_fleurs%2FDeuxi%C3%A8me_partie","https://en.wikipedia.org/wiki/Chartres"
"2","A la sombra de las muchachas en flor","Dresden","Lugares citados","51.05","13.74","area","fr","[…] il ne me détourna pas d’elle ; il m’en parla au contraire avec déférence comme d’une personne vénérable et charmante du cercle choisi de laquelle, à Rome ou à Dresde, on a gardé le meilleur souvenir et qu’on regrette par suite des nécessités de la vie de retrouver si rarement. Il semblait m’envier en souriant d’un air presque grivois les bons moments que, plus heureux que lui et plus libre, elle me ferait passer. Mais les termes mêmes dont il se servait me montraient la Littérature comme trop différente de l’image que je m’en étais faite à Combray, et je compris que j’avais eu doublement raison de renoncer à […]","https://fr.wikisource.org/wiki/%C3%80_l%E2%80%99ombre_des_jeunes_filles_en_fleurs%2FPremi%C3%A8re_partie","https://en.wikipedia.org/wiki/Dresden"
"2","A la sombra de las muchachas en flor","Monte Carlo","Lugares citados","43.73972222","7.42722222","area","fr","[…] homme petit, à cheveux blancs, à nez rouge, d’une impassibilité et d’une correction extraordinaires, et qui était connu, paraît-il, à Londres aussi bien qu’à Monte-Carlo, pour un des premiers hôteliers de l’Europe. Une fois que j’étais sorti un instant au commencement du dîner, comme en rentrant je passai devant lui, il me salua, mais avec une froideur dont je ne pus démêler si la cause était la réserve de quelqu’un qui n’oublie pas ce qu’il est, ou le dédain pour un client sans importance. Devant ceux qui en avaient au contraire une très grande, le Directeur général s’inclinait avec autant de froideur mais […]","https://fr.wikisource.org/wiki/%C3%80_l%E2%80%99ombre_des_jeunes_filles_en_fleurs%2FDeuxi%C3%A8me_partie","https://en.wikipedia.org/wiki/Monte_Carlo"
"2","A la sombra de las muchachas en flor","Inglaterra","Lugares citados","53.13","-1.38","area","fr","[…] croire que ce malentendu fut momentané comme ceux qui se forment au deuxième acte d’un vaudeville pour se dissiper au dernier. M de Luxembourg, nièce du roi d’Angleterre et de l’empereur d’Autriche, et M de Villeparisis parurent toujours, quand la première venait chercher la seconde pour se promener en voiture, deux drôlesses de l’espèce de celles dont on se gare difficilement dans les villes d’eaux. Les trois quarts des hommes du faubourg Saint-Germain passent aux yeux d’une bonne partie de la bourgeoisie pour des décavés crapuleux (qu’ils sont d’ailleurs quelquefois individuellement) et que, par conséquent, […]","https://fr.wikisource.org/wiki/%C3%80_l%E2%80%99ombre_des_jeunes_filles_en_fleurs%2FDeuxi%C3%A8me_partie","https://en.wikipedia.org/wiki/England"
"2","A la sombra de las muchachas en flor","Francia","Lugares citados","47","2","area","fr","[…] d’hôtels de grand luxe, un caractère régional assez accentué — ils se composaient de personnalités éminentes des principaux départements de cette partie de la France, d’un premier président de Caen, d’un bâtonnier de Cherbourg, d’un grand notaire du Mans qui, à l’époque des vacances, partant des points sur lesquels toute l’année ils étaient disséminés en tirailleurs ou comme des pions au jeu de dames, venaient se concentrer dans cet hôtel. Ils y conservaient toujours les mêmes chambres, et, avec leurs femmes qui avaient des prétentions à l’aristocratie, formaient un petit groupe, auquel s’étaient adjoints un […]","https://fr.wikisource.org/wiki/%C3%80_l%E2%80%99ombre_des_jeunes_filles_en_fleurs%2FDeuxi%C3%A8me_partie","https://www.wikidata.org/wiki/Q142"
"2","A la sombra de las muchachas en flor","Italy","Lugares citados","43","12","area","fr","[…] charme d’un visage nouveau, quand c’était à l’aide d’une autre jeune fille que j’espérais connaître les cathédrales gothiques, les palais et les jardins de l’Italie, je me disais tristement que notre amour, en tant qu’il est l’amour d’une certaine créature, n’est peut-être pas quelque chose de bien réel, puisque si des associations de rêveries agréables ou douloureuses peuvent le lier pendant quelque temps à une femme jusqu’à nous faire penser qu’il a été inspiré par elle d’une façon nécessaire, en revanche si nous nous dégageons volontairement ou à notre insu de ces associations, cet amour, comme s’il était au […]","https://fr.wikisource.org/wiki/%C3%80_l%E2%80%99ombre_des_jeunes_filles_en_fleurs%2FDeuxi%C3%A8me_partie","https://en.wikipedia.org/wiki/Italy"
"2","A la sombra de las muchachas en flor","Alemania","Lugares citados","51","9","area","fr","[…] il y a seulement vingt ans. Vous avez des sièges à peu près confortables, une atmosphère renouvelée, quoique nous ayons fort à faire encore pour rejoindre l’Allemagne et l’Angleterre, qui à cet égard comme à bien d’autres ont une formidable avance sur nous. Je n’ai pas vu M Berma dans Phèdre, mais j’ai entendu dire qu’elle y était admirable. Et vous avez été ravi, naturellement ?","https://fr.wikisource.org/wiki/%C3%80_l%E2%80%99ombre_des_jeunes_filles_en_fleurs%2FPremi%C3%A8re_partie","https://en.wikipedia.org/wiki/Germany"
"2","A la sombra de las muchachas en flor","Austria","Lugares citados","47.33333333","13.33333333","area","fr","[…] comme ceux qui se forment au deuxième acte d’un vaudeville pour se dissiper au dernier. M de Luxembourg, nièce du roi d’Angleterre et de l’empereur d’Autriche, et M de Villeparisis parurent toujours, quand la première venait chercher la seconde pour se promener en voiture, deux drôlesses de l’espèce de celles dont on se gare difficilement dans les villes d’eaux. Les trois quarts des hommes du faubourg Saint-Germain passent aux yeux d’une bonne partie de la bourgeoisie pour des décavés crapuleux (qu’ils sont d’ailleurs quelquefois individuellement) et que, par conséquent, personne ne reçoit. La […]","https://fr.wikisource.org/wiki/%C3%80_l%E2%80%99ombre_des_jeunes_filles_en_fleurs%2FDeuxi%C3%A8me_partie","https://en.wikipedia.org/wiki/Austria"
"2","A la sombra de las muchachas en flor","Rusia","Lugares citados","66","94","area","fr","[…] avaient elles-mêmes beaucoup de parents et d’amis. Or cette colonie juive était plus pittoresque qu’agréable. Il en était de Balbec comme de certains pays, la Russie ou la Roumanie, où les cours de géographie nous enseignent que la population israélite n’y jouit point de la même faveur et n’y est pas parvenue au même degré d’assimilation qu’à Paris par exemple. Toujours ensemble, sans mélange d’aucun autre élément, quand les cousines et les oncles de Bloch, ou leurs coreligionnaires mâles ou femelles se rendaient au Casino, les unes pour le « bal », les autres bifurquant vers le baccarat, ils formaient un […]","https://fr.wikisource.org/wiki/%C3%80_l%E2%80%99ombre_des_jeunes_filles_en_fleurs%2FDeuxi%C3%A8me_partie","https://en.wikipedia.org/wiki/Russia"
"2","A la sombra de las muchachas en flor","España","Lugares citados","40.2","-3.5","area","fr","[…] que la veille même du départ j’avais appris que ma mère ne nous accompagnerait pas, mon père, retenu au ministère jusqu’au moment où il partirait pour l’Espagne avec M. de Norpois, ayant préféré louer une maison dans les environs de Paris. D’ailleurs la contemplation de Balbec ne me semblait pas moins désirable parce qu’il fallait l’acheter au prix d’un mal qui au contraire me semblait figurer et garantir la réalité de l’impression que j’allais chercher, impression que n’aurait remplacée aucun spectacle prétendu équivalent, aucun « panorama » que j’eusse pu aller voir sans être empêché par cela même de […]","https://fr.wikisource.org/wiki/%C3%80_l%E2%80%99ombre_des_jeunes_filles_en_fleurs%2FDeuxi%C3%A8me_partie","https://www.wikidata.org/wiki/Q29"
"2","A la sombra de las muchachas en flor","Portugal","Lugares citados","39","-8","area","fr","[…] adorait une désillusion d’un autre genre, et d’une moindre dureté : elle apprit qu’il était républicain. Or bien qu’en parlant par exemple de la Reine de Portugal, elle dît avec cet irrespect qui dans le peuple est le respect suprême « Amélie, la sœur à Philippe », Françoise était royaliste. Mais surtout un marquis, un marquis qui l’avait éblouie, et qui était pour la République, ne lui paraissait plus vrai. Elle en marquait la même mauvaise humeur que si je lui eusse donné une boîte qu’elle eût crue d’or, de laquelle elle m’eût remercié avec effusion et qu’ensuite un bijoutier lui eût révélé être en […]","https://fr.wikisource.org/wiki/%C3%80_l%E2%80%99ombre_des_jeunes_filles_en_fleurs%2FTroisi%C3%A8me_partie","https://en.wikipedia.org/wiki/Portugal"
"2","A la sombra de las muchachas en flor","Bélgica","Lugares citados","50.83333333","4","area","fr","[…] paradoxales à ses amies, mais la faisaient passer pour une femme supérieure auprès d’elles et lui valaient une fois par semaine la visite du ministre de Belgique, de sorte que dans le petit monde dont elle était le soleil, chacun eût été bien étonné si l’on avait appris qu’ailleurs, chez les Verdurin par exemple, elle passât pour bête. À cause de cette vivacité d’esprit, M Swann préférait la société des hommes à celle des femmes. Mais quand elle critiquait celles-ci c’était toujours en cocotte, signalant en elles les défauts qui pouvaient leur nuire auprès des hommes, de grosses attaches, un vilain teint, […]","https://fr.wikisource.org/wiki/%C3%80_l%E2%80%99ombre_des_jeunes_filles_en_fleurs%2FDeuxi%C3%A8me_partie","https://en.wikipedia.org/wiki/Belgium"
"2","A la sombra de las muchachas en flor","Baviera","Lugares citados","49","11.5","area","fr","[…] une rare mémoire des physionomies, a eu la bonté de se souvenir en m’apercevant à l’orchestre que j’avais eu l’honneur de le voir plusieurs jours à la cour de Bavière, quand il ne songeait pas à son trône oriental (vous savez qu’il y a été appelé par un congrès européen, et il a même fort hésité à l’accepter, jugeant cette souveraineté un peu inégale à sa race, la plus noble, héraldiquement parlant, de toute l’Europe). Un aide de camp est venu me dire d’aller saluer Sa Majesté, à l’ordre de qui je me suis naturellement empressé de déférer.","https://fr.wikisource.org/wiki/%C3%80_l%E2%80%99ombre_des_jeunes_filles_en_fleurs%2FPremi%C3%A8re_partie","https://en.wikipedia.org/wiki/Bavaria"
"2","A la sombra de las muchachas en flor","Normandía","Lugares citados","48.88","0.17","area","fr","[…] resurgissait, et il m’était rendu beaucoup plus fréquemment par une chose futile que par une chose importante. Par exemple, pour anticiper sur mon séjour en Normandie, j’entendis à Balbec un inconnu que je croisai sur la digue dire : « La famille du directeur du ministère des Postes. » Or (comme je ne savais pas alors l’influence que cette famille devait avoir sur ma vie), ce propos aurait dû me paraître oiseux, mais il me causa une vive souffrance, celle qu’éprouvait un moi, aboli pour une grande part depuis longtemps, à être séparé de Gilberte. C’est que jamais je n’avais repensé à une conversation que […]","https://fr.wikisource.org/wiki/%C3%80_l%E2%80%99ombre_des_jeunes_filles_en_fleurs%2FDeuxi%C3%A8me_partie","https://en.wikipedia.org/wiki/Normandy"
"2","A la sombra de las muchachas en flor","Bretaña","Lugares citados","48","-3","area","fr","[…] dans le drap cerise mais passé de son manteau et les poils sans rudesse de son collet de fourrure, faisait penser à quelqu’une de ces images d’Anne de Bretagne peintes dans des livres d’Heures par un vieux maître, et dans lesquelles tout est si bien en place, le sentiment de l’ensemble s’est si également répandu dans toutes les parties que la riche et désuète singularité du costume exprime la même gravité pieuse que les yeux, les lèvres et les mains.","https://fr.wikisource.org/wiki/%C3%80_l%E2%80%99ombre_des_jeunes_filles_en_fleurs%2FDeuxi%C3%A8me_partie","https://en.wikipedia.org/wiki/Brittany"
"2","A la sombra de las muchachas en flor","China","Lugares citados","35","103","area","fr","[…] aller au « Choufleury » de M Swann, je la trouvais vêtue de quelque belle robe, certaines en taffetas, d’autres en faille, ou en velours, ou en crêpe de Chine, ou en satin, ou en soie, et qui non point lâches comme les déshabillés qu’elle revêtait ordinairement à la maison, mais combinées comme pour la sortie au dehors, donnaient cet après-midi-là à son oisiveté chez elle quelque chose d’alerte et d’agissant. Et sans doute la simplicité hardie de leur coupe était bien appropriée à sa taille et à ses mouvements dont les manches avaient l’air d’être la couleur, changeante selon les jours ; on aurait dit […]","https://fr.wikisource.org/wiki/%C3%80_l%E2%80%99ombre_des_jeunes_filles_en_fleurs%2FDeuxi%C3%A8me_partie","https://en.wikipedia.org/wiki/China"
"2","A la sombra de las muchachas en flor","Egipto","Lugares citados","27","29","area","fr","[…] étonnement de beaucoup, chargé plusieurs fois, depuis, de représenter la France dans des missions extraordinaires — et même comme contrôleur de la Dette, en Égypte, où grâce à ses grandes capacités financières il avait rendu d’importants services — par des cabinets radicaux qu’un simple bourgeois réactionnaire se fût refusé à servir, et auxquels le passé de M. de Norpois, ses attaches, ses opinions eussent dû le rendre suspect. Mais ces ministres avancés semblaient se rendre compte qu’ils montraient par une telle désignation quelle largeur d’esprit était la leur dès qu’il s’agissait des intérêts supérieurs de […]","https://fr.wikisource.org/wiki/%C3%80_l%E2%80%99ombre_des_jeunes_filles_en_fleurs%2FPremi%C3%A8re_partie","https://www.wikidata.org/wiki/Q79"
"2","A la sombra de las muchachas en flor","Japón","Lugares citados","36","138","area","fr","[…] des livres d’étrennes de P.-J. Stahl où, en contraste avec les rares ornements floraux des salons Louis XVI d’aujourd’hui — une rose ou un iris du Japon dans un vase de cristal à long col qui ne pourrait pas contenir une fleur de plus — il semble, à cause de la profusion des plantes d’appartement qu’on avait alors, et du manque absolu de stylisation dans leur arrangement, avoir dû, chez les maîtresses de maison, répondre plutôt à quelque vivante et délicieuse passion pour la botanique qu’à un froid souci de morne décoration. Il faisait penser en plus grand, dans les hôtels d’alors, à ces serres […]","https://fr.wikisource.org/wiki/%C3%80_l%E2%80%99ombre_des_jeunes_filles_en_fleurs%2FPremi%C3%A8re_partie","https://en.wikipedia.org/wiki/Japan"
"2","A la sombra de las muchachas en flor","Américas","Lugares citados","19","-96","area","fr","[…] Phèdre. D’ailleurs, ce goût elle l’apporte dans ses toilettes, dans son jeu. Bien qu’elle ait fait de fréquentes et fructueuses tournées en Angleterre et en Amérique, la vulgarité je ne dirai pas de John Bull, ce qui serait injuste, au moins pour l’Angleterre de l’ère Victorienne, mais de l’oncle Sam n’a pas déteint sur elle. Jamais de couleurs trop voyantes, de cris exagérés. Et puis cette voix admirable qui la sert si bien et dont elle joue à ravir, je serais presque tenté de dire en musicienne !","https://fr.wikisource.org/wiki/%C3%80_l%E2%80%99ombre_des_jeunes_filles_en_fleurs%2FPremi%C3%A8re_partie","https://www.wikidata.org/wiki/Q828"
"2","A la sombra de las muchachas en flor","Europa","Lugares citados","53.5","15.5","area","fr","[…] impassibilité et d’une correction extraordinaires, et qui était connu, paraît-il, à Londres aussi bien qu’à Monte-Carlo, pour un des premiers hôteliers de l’Europe. Une fois que j’étais sorti un instant au commencement du dîner, comme en rentrant je passai devant lui, il me salua, mais avec une froideur dont je ne pus démêler si la cause était la réserve de quelqu’un qui n’oublie pas ce qu’il est, ou le dédain pour un client sans importance. Devant ceux qui en avaient au contraire une très grande, le Directeur général s’inclinait avec autant de froideur mais plus profondément, les paupières abaissées par une […]","https://fr.wikisource.org/wiki/%C3%80_l%E2%80%99ombre_des_jeunes_filles_en_fleurs%2FDeuxi%C3%A8me_partie","https://www.wikidata.org/wiki/Q46"
"2","A la sombra de las muchachas en flor","Greece","Lugares citados","39","22","area","fr","[…] Et n’étaient-ce pas de nobles et calmes modèles de beauté humaine que je voyais là, devant la mer, comme des statues exposées au soleil sur un rivage de la Grèce ?","https://fr.wikisource.org/wiki/%C3%80_l%E2%80%99ombre_des_jeunes_filles_en_fleurs%2FTroisi%C3%A8me_partie","https://en.wikipedia.org/wiki/Greece"
"2","A la sombra de las muchachas en flor","River Thames","Lugares citados","51.5","0.61","area","fr","[…] idiot. Vous savez que M Blatin aime à interpeller tout le monde d’un air qu’elle croit aimable et qui est surtout protecteur. — Ce que nos bons voisins de la Tamise appellent patronizing, interrompit Odette. — Elle est allée dernièrement au Jardin d’Acclimatation où il y a des noirs, des Cynghalais, je crois, a dit ma femme, qui est beaucoup plus forte en ethnographie que moi. — Allons, Charles, ne vous moquez pas. — Mais je ne me moque nullement. Enfin, elle s’adresse à un de ces noirs : « Bonjour, négro ! » — C’est un rien ! — En tout cas ce qualificatif ne plut pas au noir : « Moi négro, dit-il avec colère à […]","https://fr.wikisource.org/wiki/%C3%80_l%E2%80%99ombre_des_jeunes_filles_en_fleurs%2FPremi%C3%A8re_partie","https://www.wikidata.org/wiki/Q19686"
"2","A la sombra de las muchachas en flor","Océano Atlántico","Lugares citados","0","-25","area","fr","Au Havre, devant l’Atlantique, À Venise, à l’affreux Lido, Où vient sur l’herbe d’un tombeau Mourir la pâle Adriatique.","https://fr.wikisource.org/wiki/%C3%80_l%E2%80%99ombre_des_jeunes_filles_en_fleurs%2FTroisi%C3%A8me_partie","https://en.wikipedia.org/wiki/Atlantic_Ocean"
"2","A la sombra de las muchachas en flor","Nueva York","Lugares citados","40.71277777777778","-74.00611111111111","area","fr","[…] avait entendu parler de jambon d’York avait-elle cru — trouvant d’une prodigalité invraisemblable dans le vocabulaire qu’il pût exister à la fois York et New York — qu’elle avait mal entendu et qu’on aurait voulu dire le nom qu’elle connaissait déjà. Aussi, depuis, le mot d’York se faisait précéder dans ses oreilles ou devant ses yeux si elle lisait une annonce de : New qu’elle prononçait Nev’. Et c’est de la meilleure foi du monde qu’elle disait à sa fille de cuisine : « Allez me chercher du jambon chez Olida. Madame m’a bien recommandé que ce soit du Nev’York. » Ce jour-là, si Françoise avait la brûlante […]","https://fr.wikisource.org/wiki/%C3%80_l%E2%80%99ombre_des_jeunes_filles_en_fleurs%2FPremi%C3%A8re_partie","https://www.wikidata.org/wiki/Q60"
"3","El mundo de Guermantes","Londres","Lugares citados","51.50722222","-0.1275","area","fr","[…] sait où le mari, de dire à cette grosse femme de venir me voir. Je ne peux pas vous dire ce que ç’a été que sa visite. Elle m’a raconté qu’elle était allée à Londres, elle m’a énuméré tous les tableaux du British. Telle que vous me voyez, en sortant de chez vous je vais fourrer un carton chez ce monstre. Et ne croyez pas que ce soit des plus faciles, car sous prétexte qu’elle est mourante elle est toujours chez elle et, qu’on y aille à sept heures du soir ou à neuf heures du matin, elle est prête à vous offrir des tartes aux fraises.","https://fr.wikisource.org/wiki/Le_C%C3%B4t%C3%A9_de_Guermantes%2FDeuxi%C3%A8me_partie","https://en.wikipedia.org/wiki/London"
"3","El mundo de Guermantes","Roma","Lugares citados","41.89333333","12.48277778","area","fr","[…] d’ailleurs assez sceptique quant à la connaissance que M d’Épinay avait de l’histoire ancienne, vous comprenez, c’est à cause de Tarquin le Superbe, le roi de Rome ; c’est stupide, c’est un mauvais jeu de mots, indigne d’Oriane. Et puis moi qui suis plus circonspect que ma femme, si j’ai moins d’esprit, je pense aux suites, si le malheur veut qu’on répète cela à mon frère, ce sera toute une histoire. D’autant plus, ajouta-t-il, que comme justement Palamède est très hautain, très haut et aussi très pointilleux, très enclin aux commérages, même en dehors de la question du château, il faut reconnaître que Taquin le […]","https://fr.wikisource.org/wiki/Le_C%C3%B4t%C3%A9_de_Guermantes%2FTroisi%C3%A8me_partie","https://en.wikipedia.org/wiki/Rome"
"3","El mundo de Guermantes","Venecia","Lugares citados","45.439722222222","12.331944444444","area","fr","[…] et friables comme ils n’auraient pas été par un beau temps, avaient ce même mélange de douceur et de cassant qu’ont les ailes de libellules et les verres de Venise. Il me pesait d’autant plus d’être seul ce dimanche-là que j’avais fait porter le matin une lettre à M de Stermaria. Robert de Saint-Loup, que sa mère avait réussi à faire rompre, après de douloureuses tentatives avortées, avec sa maîtresse, et qui depuis ce moment avait été envoyé au Maroc pour oublier celle qu’il n’aimait déjà plus depuis quelque temps, m’avait écrit un mot, reçu la veille, où il m’annonçait sa prochaine arrivée en France pour un […]","https://fr.wikisource.org/wiki/Le_C%C3%B4t%C3%A9_de_Guermantes%2FDeuxi%C3%A8me_partie","https://www.wikidata.org/wiki/Q641"
"3","El mundo de Guermantes","Viena","Lugares citados","48.2083","16.3725","area","fr","[…] la dernière. Il faut s’en consoler en se disant qu’on liquide rarement en un jour des affaires compliquées. Regardez combien de temps a duré le Congrès de Vienne. »","https://fr.wikisource.org/wiki/Le_C%C3%B4t%C3%A9_de_Guermantes%2FTroisi%C3%A8me_partie","https://en.wikipedia.org/wiki/Vienna"
"3","El mundo de Guermantes","Milán","Lugares citados","45.46694444","9.19","area","fr","[…] ancienne que la nôtre, mais plus ancienne que celle du roi des Belges. Il se dit aussi duc de Bourgogne, roi des Indes Occidentales et Orientales, duc de Milan. Or, il ne possède pas plus la Bourgogne, les Indes, ni le Brabant, que je ne possède moi-même ce dernier, ni que ne le possède le prince de Hesse. Le roi d’Espagne ne se proclame pas moins roi de Jérusalem, l’empereur d’Autriche également, et ils ne possèdent Jérusalem ni l’un ni l’autre. » Il s’arrêta un instant, gêné que le nom de Jérusalem ait pu embarrasser Swann, à cause des « affaires en cours », mais n’en continua que plus vite : « Ce que […]","https://fr.wikisource.org/wiki/Le_C%C3%B4t%C3%A9_de_Guermantes%2FTroisi%C3%A8me_partie","https://en.wikipedia.org/wiki/Milan"
"3","El mundo de Guermantes","Florencia","Lugares citados","43.77138889","11.25416667","area","fr","[…] la fatigue d’un premier beau jour. Ce matin-là, je me surpris à fredonner un air de café-concert que j’avais oublié depuis l’année où j’avais dû aller à Florence et à Venise. Tant l’atmosphère, selon le hasard des jours, agit profondément sur notre organisme et tire des réserves obscures où nous les avions oubliées les mélodies inscrites que n’a pas déchiffrées notre mémoire. Un rêveur plus conscient accompagna bientôt ce musicien que j’écoutais en moi, sans même avoir reconnu tout de suite ce qu’il jouait.","https://fr.wikisource.org/wiki/Le_C%C3%B4t%C3%A9_de_Guermantes%2FPremi%C3%A8re_partie","https://en.wikipedia.org/wiki/Florence"
"3","El mundo de Guermantes","Jerusalén","Lugares citados","31.77888889","35.22555556","area","fr","— Évidemment, interrompit la duchesse, s’ils sont tous comme Gilbert qui a toujours soutenu qu’il fallait renvoyer tous les Juifs à Jérusalem…","https://fr.wikisource.org/wiki/Le_C%C3%B4t%C3%A9_de_Guermantes%2FDeuxi%C3%A8me_partie","https://en.wikipedia.org/wiki/Jerusalem"
"3","El mundo de Guermantes","Berlín","Lugares citados","52.52","13.405","area","fr","[…] et de justice il est indispensable de traverser la Manche, ce qui n’est bien souvent qu’un moyen détourné de rejoindre la Sprée, il n’y a pas de juges qu’à Berlin. Mais une fois l’action gouvernementale mise en mouvement, le gouvernement saurez-vous l’écouter ? Quand il vous conviera à remplir votre devoir civique, saurez-vous l’écouter, vous rangerez-vous autour de lui ? à son patriotique appel saurez-vous ne pas rester sourds et répondre : « Présent ! » ?","https://fr.wikisource.org/wiki/Le_C%C3%B4t%C3%A9_de_Guermantes%2FDeuxi%C3%A8me_partie","https://en.wikipedia.org/wiki/Berlin"
"3","El mundo de Guermantes","Nápoles","Lugares citados","40.8358","14.2486","area","fr","« Il faut justement que j’aille voir la reine de Naples, quel chagrin elle doit avoir ! » dit, ou du moins me parut avoir dit, la princesse de Parme. Car ces paroles ne m’étaient arrivées qu’indistinctes à travers celles, plus proches, que m’avait adressées pourtant fort bas le prince Von, qui avait craint sans doute, s’il parlait plus haut, d’être entendu de M. de Foix.","https://fr.wikisource.org/wiki/Le_C%C3%B4t%C3%A9_de_Guermantes%2FTroisi%C3%A8me_partie","https://en.wikipedia.org/wiki/Naples"
"3","El mundo de Guermantes","Niza","Lugares citados","43.7034","7.2663","area","fr","[…] le mien. M’ayant entendu auparavant demander à Bloch des nouvelles de M. Nissim Bernard, son oncle, M de Marsantes s’informa si c’était celui qui avait habité Nice.","https://fr.wikisource.org/wiki/Le_C%C3%B4t%C3%A9_de_Guermantes%2FDeuxi%C3%A8me_partie","https://en.wikipedia.org/wiki/Nice"
"3","El mundo de Guermantes","Bayreuth","Lugares citados","49.94805556","11.57833333","area","fr","[…] d’une génération, voient se rattacher à eux plus d’une personnalité historique. Dans celui-là notamment vivent côte à côte les souvenirs de la margrave de Bayreuth, de cette autre princesse un peu fantasque (la sœur du duc d’Orléans) à qui on disait que le nom du château de son époux plaisait, du roi de Bavière, et enfin du prince X…, dont il était précisément l’adresse à laquelle il venait de demander au duc de Guermantes de lui écrire, car il en avait hérité et ne le louait que pendant les représentations de Wagner, au prince de Polignac, autre « fantaisiste » délicieux. Quand M. de Guermantes, pour […]","https://fr.wikisource.org/wiki/Le_C%C3%B4t%C3%A9_de_Guermantes%2FTroisi%C3%A8me_partie","https://en.wikipedia.org/wiki/Bayreuth"
"3","El mundo de Guermantes","Fontainebleau","Lugares citados","48.4097","2.7025","area","fr","De même pour dire du golf de Fontainebleau qu’il était élégant, elle déclara :","https://fr.wikisource.org/wiki/Le_C%C3%B4t%C3%A9_de_Guermantes%2FDeuxi%C3%A8me_partie","https://en.wikipedia.org/wiki/Fontainebleau"
"3","El mundo de Guermantes","Versailles","Lugares citados","48.8047","2.1203","area","fr","[…] était peut-être inévitable. Certaines existences sont si anormales qu’elles doivent engendrer fatalement certaines tares, telle celle que le Roi menait à Versailles entre ses courtisans, aussi étrange que celle d’un pharaon ou d’un doge, et, bien plus que celle du Roi, la vie des courtisans. Celle des domestiques est sans doute d’une étrangeté plus monstrueuse encore et que seule l’habitude nous voile. Mais c’est jusque dans des détails encore plus particuliers que j’aurais été condamné, même si j’avais renvoyé Françoise, à garder le même domestique. Car divers autres purent entrer plus tard à mon service ; […]","https://fr.wikisource.org/wiki/Le_C%C3%B4t%C3%A9_de_Guermantes%2FPremi%C3%A8re_partie","https://en.wikipedia.org/wiki/Palace_of_Versailles"
"3","El mundo de Guermantes","Chartres","Lugares citados","48.456","1.484","area","fr","— Vous croyez que Chartres est pour Dreyfus ? demanda la duchesse en souriant, les yeux ronds, les joues roses, le nez dans son assiette de petits fours, l’air scandalisé.","https://fr.wikisource.org/wiki/Le_C%C3%B4t%C3%A9_de_Guermantes%2FDeuxi%C3%A8me_partie","https://en.wikipedia.org/wiki/Chartres"
"3","El mundo de Guermantes","Ulm","Lugares citados","48.39861111","9.99111111","area","fr","[…] n’est pas de cela que je parlais, mais du type de bataille qu’on imite, d’une espèce de décalque stratégique, de pastiche tactique, si tu veux : la bataille d’Ulm, de Lodi, de Leipzig, de Cannes. Je ne sais s’il y aura encore des guerres ni entre quels peuples ; mais s’il y en a, sois sûr qu’il y aura (et sciemment de la part du chef) un Cannes, un Austerlitz, un Rosbach, un Waterloo, sans parler des autres, quelques-uns ne se gênent pas pour le dire. Le maréchal von Schieffer et le général de Falkenhausen ont d’avance préparé contre la France une bataille de Cannes, genre Annibal, avec fixation de l’adversaire […]","https://fr.wikisource.org/wiki/Le_C%C3%B4t%C3%A9_de_Guermantes%2FPremi%C3%A8re_partie","https://en.wikipedia.org/wiki/Ulm"
"3","El mundo de Guermantes","Potsdam","Lugares citados","52.40055556","13.05916667","area","fr","[…] pleure, on achète la pièce pour le musée. Si ses yeux restent secs, on la renvoie au marchand et on le poursuit pour faux. Eh bien, chaque fois que je dîne à Potsdam, toutes les pièces dont l’empereur me dit : « Prince, il faut que vous voyiez cela, c’est plein de génialité », j’en prends note pour me garder d’y aller, et quand je l’entends fulminer contre une exposition, dès que cela m’est possible j’y cours.","https://fr.wikisource.org/wiki/Le_C%C3%B4t%C3%A9_de_Guermantes%2FTroisi%C3%A8me_partie","https://en.wikipedia.org/wiki/Potsdam"
"3","El mundo de Guermantes","Inglaterra","Lugares citados","53.13","-1.38","area","fr","[…] au nez de Mascarille plutôt qu’à celui de Salomon. Mais Bloch n’ayant pas été assoupli par la gymnastique du « Faubourg », ni ennobli par un croisement avec l’Angleterre ou l’Espagne, restait, pour un amateur d’exotisme, aussi étrange et savoureux à regarder, malgré son costume européen, qu’un Juif de Decamps. Admirable puissance de la race qui du fond des siècles pousse en avant jusque dans le Paris moderne, dans les couloirs de nos théâtres, derrière les guichets de nos bureaux, à un enterrement, dans la rue, une phalange intacte stylisant la coiffure moderne, absorbant, faisant oublier, disciplinant la […]","https://fr.wikisource.org/wiki/Le_C%C3%B4t%C3%A9_de_Guermantes%2FDeuxi%C3%A8me_partie","https://en.wikipedia.org/wiki/England"
"3","El mundo de Guermantes","Francia","Lugares citados","47","2","area","fr","[…] le monde s’était levé. « Ce qui est assez amusant, dit-elle, c’est que dans ces chapitres où nos grand’tantes étaient souvent abbesses, les filles du roi de France n’eussent pas été admises. C’étaient des chapitres très fermés. — Pas admises les filles du Roi, pourquoi cela ? demanda Bloch stupéfait. — Mais parce que la Maison de France n’avait plus assez de quartiers depuis qu’elle s’était mésalliée. » L’étonnement de Bloch allait grandissant. « Mésalliée, la Maison de France ? Comment ça ? — Mais en s’alliant aux Médicis, répondit M de Villeparisis du ton le plus naturel. Le portrait est beau, n’est-ce pas ? […]","https://fr.wikisource.org/wiki/Le_C%C3%B4t%C3%A9_de_Guermantes%2FDeuxi%C3%A8me_partie","https://www.wikidata.org/wiki/Q142"
"3","El mundo de Guermantes","Italy","Lugares citados","43","12","area","fr","[…] par siècle, de toutes les seigneuries que, par mariages ou acquisitions, cette illustre maison avait fait voler à elle de tous les coins de l’Allemagne, de l’Italie et de la France : terres immenses du Nord, cités puissantes du Midi, venues se rejoindre et se composer en Guermantes et, perdant leur matérialité, inscrire allégoriquement leur donjon de sinople ou leur château d’argent dans son champ d’azur. J’avais entendu parler des célèbres tapisseries de Guermantes et je les voyais, médiévales et bleues, un peu grosses, se détacher comme un nuage sur le nom amarante et légendaire, au pied de l’antique forêt où […]","https://fr.wikisource.org/wiki/Le_C%C3%B4t%C3%A9_de_Guermantes%2FPremi%C3%A8re_partie","https://en.wikipedia.org/wiki/Italy"
"3","El mundo de Guermantes","Alemania","Lugares citados","51","9","area","fr","[…] elle était splendide sous son diadème d’émeraudes, dans une grande robe rose à queue, elle avait d’un côté d’elle M. Deschanel, de l’autre l’ambassadeur d’Allemagne : elle leur tenait tête sur la Chine ; le gros public, à distance respectueuse, et qui n’entendait pas ce qu’ils disaient, se demandait s’il n’y allait pas y avoir la guerre. Vraiment on aurait dit une reine qui tenait le cercle.","https://fr.wikisource.org/wiki/Le_C%C3%B4t%C3%A9_de_Guermantes%2FDeuxi%C3%A8me_partie","https://en.wikipedia.org/wiki/Germany"
"3","El mundo de Guermantes","Suiza","Lugares citados","46.83333333","8.33333333","area","fr","[…] voitures se terminait bien par une aiguille plus haute, mais si mince qu’elle ne cachait rien, et faisait penser à ces jolies constructions anciennes de la Suisse, qui s’élancent isolées au pied d’une montagne. Tous ces points vagues et divergents, où se reposaient les yeux, faisaient paraître plus éloigné que s’il avait été séparé de nous par plusieurs rues ou de nombreux contreforts l’hôtel de M de Plassac, en réalité assez voisin mais chimériquement éloigné comme un paysage alpestre. Quand ses larges fenêtres carrées, éblouies de soleil comme des feuilles de cristal de roche, étaient ouvertes pour le […]","https://fr.wikisource.org/wiki/Le_C%C3%B4t%C3%A9_de_Guermantes%2FTroisi%C3%A8me_partie","https://en.wikipedia.org/wiki/Switzerland"
"3","El mundo de Guermantes","Austria","Lugares citados","47.33333333","13.33333333","area","fr","[…] des Villeparisis, on en voyait — offerts par le modèle lui-même — de la reine Marie-Amélie, de la reine des Belges, du prince de Joinville, de l’impératrice d’Autriche. M de Villeparisis, coiffée d’un bonnet de dentelles noires de l’ancien temps (qu’elle conservait avec le même instinct avisé de la couleur locale ou historique qu’un hôtelier breton qui, si parisienne que soit devenue sa clientèle, croit plus habile de faire garder à ses servantes la coiffe et les grandes manches), était assise à un petit bureau, où devant elle, à côté de ses pinceaux, de sa palette et d’une aquarelle de fleurs commencée, il y […]","https://fr.wikisource.org/wiki/Le_C%C3%B4t%C3%A9_de_Guermantes%2FDeuxi%C3%A8me_partie","https://en.wikipedia.org/wiki/Austria"
"3","El mundo de Guermantes","Rusia","Lugares citados","66","94","area","fr","[…] seul d’au moins une dizaine de voix auxquelles il était capable, grâce à d’habiles transactions, d’en ajouter d’autres. Aussi le prince, qui l’avait connu en Russie quand ils y étaient tous deux ambassadeurs, était-il allé le voir et avait-il fait tout ce qu’il avait pu pour se le concilier. Mais il avait eu beau multiplier les amabilités, faire avoir au marquis des décorations russes, le citer dans des articles de politique étrangère, il avait eu devant lui un ingrat, un homme pour qui toutes ces prévenances avaient l’air de ne pas compter, qui n’avait pas fait avancer sa candidature d’un pas, ne lui avait […]","https://fr.wikisource.org/wiki/Le_C%C3%B4t%C3%A9_de_Guermantes%2FDeuxi%C3%A8me_partie","https://en.wikipedia.org/wiki/Russia"
"3","El mundo de Guermantes","España","Lugares citados","40.2","-3.5","area","fr","[…] pourquoi M de Villeparisis s’était trouvée, à Balbec, si bien informée, et mieux que nous-mêmes, des moindres détails du voyage que mon père faisait alors en Espagne avec M. de Norpois. Mais il n’était pas possible malgré cela de s’arrêter à l’idée que la liaison, depuis plus de vingt ans, de M de Villeparisis avec l’Ambassadeur pût être la cause du déclassement de la marquise dans un monde où les femmes les plus brillantes affichaient des amants moins respectables que celui-ci, lequel d’ailleurs n’était probablement plus depuis longtemps pour la marquise autre chose qu’un vieil ami. M de Villeparisis […]","https://fr.wikisource.org/wiki/Le_C%C3%B4t%C3%A9_de_Guermantes%2FDeuxi%C3%A8me_partie","https://www.wikidata.org/wiki/Q29"
"3","El mundo de Guermantes","Portugal","Lugares citados","39","-8","area","fr","[…] façons majestueuses, simple avec les petites gens. Mais le coiffeur, chez qui le Prince avait une note arriérée d’au moins cinq ans et que les flacons de « Portugal », d’« Eau des Souverains », les fers, les rasoirs, les cuirs enflaient non moins que les shampoings, les coupes de cheveux, etc., plaçait plus haut Saint-Loup qui payait rubis sur l’ongle, avait plusieurs voitures et des chevaux de selle. Mis au courant de l’ennui de Saint-Loup de ne pouvoir partir avec sa maîtresse, il en parla chaudement au Prince ligoté d’un surplis blanc dans le moment que le barbier lui tenait la tête renversée et menaçait […]","https://fr.wikisource.org/wiki/Le_C%C3%B4t%C3%A9_de_Guermantes%2FPremi%C3%A8re_partie","https://en.wikipedia.org/wiki/Portugal"
"3","El mundo de Guermantes","Bélgica","Lugares citados","50.83333333","4","area","fr","Le comte d’Argencourt, chargé d’affaires de Belgique et petit-cousin par alliance de M de Villeparisis, entra en boitant, suivi bientôt de deux jeunes gens, le baron de Guermantes et S. A. le duc de Châtellerault, à qui M de Guermantes dit : « Bonjour, mon petit Châtellerault », d’un air distrait et sans bouger de son pouf, car elle était une grande amie de la mère du jeune duc, lequel avait, à cause de cela et depuis son enfance, un extrême respect pour elle. Grands, minces, la peau et les cheveux […]","https://fr.wikisource.org/wiki/Le_C%C3%B4t%C3%A9_de_Guermantes%2FDeuxi%C3%A8me_partie","https://en.wikipedia.org/wiki/Belgium"
"3","El mundo de Guermantes","Holland","Lugares citados","52.25","4.667","area","fr","— Comment ! vous avez fait le voyage de Hollande et vous n’êtes pas allé à Haarlem ? s’écria la duchesse. Mais quand même vous n’auriez eu qu’un quart d’heure c’est une chose extraordinaire à avoir vue que les Hals. Je dirais volontiers que quelqu’un qui ne pourrait les voir que du haut d’une impériale de tramway sans s’arrêter, s’ils étaient exposés dehors, devrait ouvrir les yeux tout grands.","https://fr.wikisource.org/wiki/Le_C%C3%B4t%C3%A9_de_Guermantes%2FTroisi%C3%A8me_partie","https://en.wikipedia.org/wiki/Holland"
"3","El mundo de Guermantes","Poland","Lugares citados","52","19","area","fr","[…] somme, c’est bien. Ça pourrait peut-être être mieux, mais enfin ce n’est pas mal. N’est-ce pas, il y a de jolies choses : le portrait de mes oncles, le roi de Pologne et le roi d’Angleterre, par Mignard. Mais qu’est-ce que je vous dis, vous le savez aussi bien que moi puisque vous avez attendu dans ce salon. Non ? Ah ! C’est qu’on vous aura mis dans le salon bleu, dit-il d’un air soit d’impertinence à l’endroit de mon incuriosité, soit de supériorité personnelle et de n’avoir pas demandé où on m’avait fait attendre. Tenez, dans ce cabinet, il y a tous les chapeaux portés par M Élisabeth, la princesse de […]","https://fr.wikisource.org/wiki/Le_C%C3%B4t%C3%A9_de_Guermantes%2FTroisi%C3%A8me_partie","https://www.wikidata.org/wiki/Q36"
"3","El mundo de Guermantes","Scotland","Lugares citados","57","-4","area","fr","[…] qu’il y avait erreur, que je ne connaissais pas M de Chaussegros. « Alors c’est sa sœur que vous connaissez, c’est la même chose. Elle vous a rencontré en Écosse. » Je n’étais jamais allé en Écosse et pris la peine inutile d’en avertir par honnêteté mon interlocuteur. C’était M de Chaussegros elle-même qui avait dit me connaître, et le croyait sans doute de bonne foi, à la suite d’une confusion première, car elle ne cessa jamais plus de me tendre la main quand elle m’apercevait. Et comme, en somme, le milieu que je fréquentais était exactement celui de M de Chaussegros, mon humilité ne rimait à rien. Que je […]","https://fr.wikisource.org/wiki/Le_C%C3%B4t%C3%A9_de_Guermantes%2FTroisi%C3%A8me_partie","https://en.wikipedia.org/wiki/Scotland"
"3","El mundo de Guermantes","Baviera","Lugares citados","49","11.5","area","fr","On appelait ainsi dans la famille la mère de Robert, M de Marsantes, veuve d’Aynard de Saint-Loup, pour la distinguer de sa cousine la princesse de Guermantes-Bavière, autre Marie, au prénom de qui ses neveux, cousins et beaux-frères ajoutaient, pour éviter la confusion, soit le prénom de son mari, soit un autre de ses prénoms à elle, ce qui donnait soit Marie-Gilbert, soit Marie-Hedwige.","https://fr.wikisource.org/wiki/Le_C%C3%B4t%C3%A9_de_Guermantes%2FDeuxi%C3%A8me_partie","https://en.wikipedia.org/wiki/Bavaria"
"3","El mundo de Guermantes","Normandía","Lugares citados","48.88","0.17","area","fr","— Oui, et encore dans les environs de Paris où ils sont très en avance. En Normandie, par exemple, chez son père, dit-elle en désignant le duc de Châtellerault, qui a de magnifiques pommiers au bord de la mer, comme sur un paravent japonais, ils ne sont vraiment roses qu’après le 20 mai.","https://fr.wikisource.org/wiki/Le_C%C3%B4t%C3%A9_de_Guermantes%2FDeuxi%C3%A8me_partie","https://en.wikipedia.org/wiki/Normandy"
"3","El mundo de Guermantes","Bretaña","Lugares citados","48","-3","area","fr","[…] demandé de ma part un rendez-vous à la jeune femme. Elle dînerait très volontiers avec moi, lui avait-elle répondu, un des jours que, avant de regagner la Bretagne, elle passerait à Paris. Il me disait de me hâter d’écrire à M de Stermaria, car elle était certainement arrivée. La lettre de Saint-Loup ne m’avait pas étonné, bien que je n’eusse pas reçu de nouvelles de lui depuis qu’au moment de la maladie de ma grand’mère il m’eût accusé de perfidie et de trahison. J’avais très bien compris alors ce qui s’était passé. Rachel, qui aimait à exciter sa jalousie — elle avait des raisons accessoires aussi de m’en […]","https://fr.wikisource.org/wiki/Le_C%C3%B4t%C3%A9_de_Guermantes%2FDeuxi%C3%A8me_partie","https://en.wikipedia.org/wiki/Brittany"
"3","El mundo de Guermantes","China","Lugares citados","35","103","area","fr","[…] d’émeraudes, dans une grande robe rose à queue, elle avait d’un côté d’elle M. Deschanel, de l’autre l’ambassadeur d’Allemagne : elle leur tenait tête sur la Chine ; le gros public, à distance respectueuse, et qui n’entendait pas ce qu’ils disaient, se demandait s’il n’y allait pas y avoir la guerre. Vraiment on aurait dit une reine qui tenait le cercle.","https://fr.wikisource.org/wiki/Le_C%C3%B4t%C3%A9_de_Guermantes%2FDeuxi%C3%A8me_partie","https://en.wikipedia.org/wiki/China"
"3","El mundo de Guermantes","Egipto","Lugares citados","27","29","area","fr","[…] Berma un culte incessant, le « double » que je possédais d’eux, dans mon cœur, avait dépéri peu à peu comme ces autres « doubles » des trépassés de l’ancienne Égypte qu’il fallait constamment nourrir pour entretenir leur vie. Cet art était devenu mince et minable. Aucune âme profonde ne l’habitait plus.","https://fr.wikisource.org/wiki/Le_C%C3%B4t%C3%A9_de_Guermantes%2FPremi%C3%A8re_partie","https://www.wikidata.org/wiki/Q79"
"3","El mundo de Guermantes","Canada","Lugares citados","56","-109","area","fr","[…] nulle part celui du pain grillé. « Oui, oui, grommelait le maître d’hôtel, mais tout cela pourrait bien changer, les ouvriers doivent faire une grève au Canada et le ministre a dit l’autre soir à Monsieur qu’il a touché pour ça deux cent mille francs. » Le maître d’hôtel était loin de l’en blâmer, non qu’il ne fût lui-même parfaitement honnête, mais croyant tous les hommes politiques véreux, le crime de concussion lui paraissait moins grave que le plus léger délit de vol. Il ne se demandait même pas s’il avait bien entendu cette parole historique et il n’était pas frappé de l’invraisemblance qu’elle eût […]","https://fr.wikisource.org/wiki/Le_C%C3%B4t%C3%A9_de_Guermantes%2FPremi%C3%A8re_partie","https://www.wikidata.org/wiki/Q16"
"3","El mundo de Guermantes","Japón","Lugares citados","36","138","area","fr","[…] sa digestion », et qui faisait que, si près de la mort de ma grand’mère, la même malhonnêteté dont elle jugeait coupable la France, restée neutre à l’égard du Japon, elle eût cru la commettre, en n’allant pas s’excuser elle-même auprès de ce bon ouvrier électricien qui avait pris tant de dérangement.","https://fr.wikisource.org/wiki/Le_C%C3%B4t%C3%A9_de_Guermantes%2FDeuxi%C3%A8me_partie","https://en.wikipedia.org/wiki/Japan"
"3","El mundo de Guermantes","Américas","Lugares citados","19","-96","area","fr","[…] plus parler ensuite, il naît on ne sait trop comment, soit spontanément, soit par un hasard comparable à celui qui fit germer en France une mauvaise herbe d’Amérique dont la graine prise après la peluche d’une couverture de voyage était tombée sur un talus de chemin de fer, des modes d’expressions qu’on entend dans la même décade dites par des gens qui ne se sont pas concertés pour cela. Or, de même qu’une certaine année j’entendis Bloch dire en parlant de lui-même : « Comme les gens les plus charmants, les plus brillants, les mieux posés, les plus difficiles, se sont aperçus qu’il n’y avait qu’un seul être […]","https://fr.wikisource.org/wiki/Le_C%C3%B4t%C3%A9_de_Guermantes%2FDeuxi%C3%A8me_partie","https://www.wikidata.org/wiki/Q828"
"3","El mundo de Guermantes","África","Lugares citados","0","15","area","fr","[…] respirer les brises particulières au faubourg Saint-Germain, était aussi impossible que de faire la sieste dans l’oasis de Figuig, sans être par cela même en Afrique ? Il n’y a que l’imagination et la croyance qui peuvent différencier des autres certains objets, certains êtres, et créer une atmosphère. Hélas ! ces sites pittoresques, ces accidents naturels, ces curiosités locales, ces ouvrages d’art du faubourg Saint-Germain, il ne me serait sans doute jamais donné de poser mes pas parmi eux. Et je me contentais de tressaillir en apercevant de la haute mer (et sans espoir d’y jamais aborder) comme un minaret […]","https://fr.wikisource.org/wiki/Le_C%C3%B4t%C3%A9_de_Guermantes%2FPremi%C3%A8re_partie","https://www.wikidata.org/wiki/Q15"
"3","El mundo de Guermantes","Europa","Lugares citados","53.5","15.5","area","fr","[…] artistes dont il avait parlé de venir chanter à l’œil chez la marquise, dans l’intérêt de leur gloire, à une de ces réceptions où fréquentait l’élite de l’Europe. Il avait même proposé en plus une tragédienne « aux yeux purs, belle comme Héra », qui dirait des proses lyriques avec le sens de la beauté plastique. Mais à son nom M de Villeparisis avait refusé, car c’était l’amie de Saint-Loup.","https://fr.wikisource.org/wiki/Le_C%C3%B4t%C3%A9_de_Guermantes%2FDeuxi%C3%A8me_partie","https://www.wikidata.org/wiki/Q46"
"3","El mundo de Guermantes","Greece","Lugares citados","39","22","area","fr","[…] Parme, par des décrets inattendus sous lesquels on sentait des principes qui frappaient d’autant plus qu’on s’en était moins avisé. Si le nouveau ministre de Grèce donnait un bal travesti, chacun choisissait un costume, et on se demandait quel serait celui de la duchesse. L’une pensait qu’elle voudrait être en Duchesse de Bourgogne, une autre donnait comme probable le travestissement en princesse de Dujabar, une troisième en Psyché. Enfin une Courvoisier ayant demandé : « En quoi te mettras-tu, Oriane ? » provoquait la seule réponse à quoi l’on n’eût pas pensé : « Mais en rien du tout ! » et qui faisait […]","https://fr.wikisource.org/wiki/Le_C%C3%B4t%C3%A9_de_Guermantes%2FTroisi%C3%A8me_partie","https://en.wikipedia.org/wiki/Greece"
"3","El mundo de Guermantes","Amsterdam","Lugares citados","52.37277778","4.89361111","area","fr","[…] rejetait noblement sa tête en arrière, car tout en étant toujours grande dame, elle jouait un petit peu à la grande dame. Je dis que j’étais allé autrefois à Amsterdam et à La Haye, mais que, pour ne pas tout mêler, comme mon temps était limité, j’avais laissé de côté Haarlem. — Ah ! La Haye, quel musée ! s’écria M. de Guermantes.","https://fr.wikisource.org/wiki/Le_C%C3%B4t%C3%A9_de_Guermantes%2FTroisi%C3%A8me_partie","https://en.wikipedia.org/wiki/Amsterdam"
"3","El mundo de Guermantes","Alps","Lugares citados","46.58","8.62","area","fr","[…] que ce soit la Compagnie elle-même qui vienne le chercher. Elle pratique avec plus de fétichisme que de bonheur le « Farà da se » de nos voisins d’au delà des Alpes. Leroy-Beaulieu m’a parlé de tout cela d’une manière qui ne m’a pas plu. Il m’a du reste semblé à vue de nez avoir partie liée avec votre père. Je lui ai peut-être fait sentir un peu vivement qu’habitué à s’occuper de cotons et de métaux, il méconnaissait le rôle des impondérables, comme disait Bismarck. Ce qu’il faut éviter avant tout, c’est que votre père se présente : « Principiis obsta ». Ses amis se trouveraient dans une position délicate s’il […]","https://fr.wikisource.org/wiki/Le_C%C3%B4t%C3%A9_de_Guermantes%2FDeuxi%C3%A8me_partie","https://en.wikipedia.org/wiki/Alps"
"3","El mundo de Guermantes","Nile","Lugares citados","30.1725","31.14","area","fr","[…] sur votre cheminée et s’accoude à votre pendule, et puis toutes les lampes pompéiennes, les petits lits en bateau qui ont l’air d’avoir été trouvés sur le Nil et d’où on s’attend à voir sortir Moïse, ces quadriges antiques qui galopent le long des tables de nuit…","https://fr.wikisource.org/wiki/Le_C%C3%B4t%C3%A9_de_Guermantes%2FTroisi%C3%A8me_partie","https://en.wikipedia.org/wiki/Nile"
"3","El mundo de Guermantes","Red Sea","Lugares citados","22","38","area","fr","[…] se décide à aller saluer au moment où les trois coups, en retentissant avant qu’il soit arrivé jusqu’à elle, le forcent à s’enfuir comme les Hébreux dans la mer Rouge entre les flots houleux des spectateurs et des spectatrices qu’il a fait lever et dont il déchire les robes ou écrase les bottines. Au contraire, c’était parce que les gens du monde étaient dans leurs loges (derrière le balcon en terrasse), comme dans de petits salons suspendus dont une cloison eût été enlevée, ou dans de petits cafés où l’on va prendre une bavaroise, sans être intimidé par les glaces encadrées d’or, et les sièges rouges de […]","https://fr.wikisource.org/wiki/Le_C%C3%B4t%C3%A9_de_Guermantes%2FPremi%C3%A8re_partie","https://en.wikipedia.org/wiki/Red_Sea"
"3","El mundo de Guermantes","Mar Mediterráneo","Lugares citados","35","18","area","fr","[…] sien, qui se déplaçait seulement, protégé par une cloison, enfermé dans un vase, au milieu des flots de la vie de tous. La duchesse pouvait déjeuner devant la Méditerranée à l’époque de Carnaval, mais, dans la villa de M de Guise, où la reine de la société parisienne n’était plus, dans sa robe de piqué blanc, au milieu de nombreuses princesses, qu’une invitée pareille aux autres, et par là plus émouvante encore pour moi, plus elle-même d’être renouvelée comme une étoile de la danse qui, dans la fantaisie d’un pas, vient prendre successivement la place de chacune des ballerines ses sœurs, elle pouvait regarder […]","https://fr.wikisource.org/wiki/Le_C%C3%B4t%C3%A9_de_Guermantes%2FPremi%C3%A8re_partie","https://en.wikipedia.org/wiki/Mediterranean_Sea"
"4","Sodoma y Gomorra","Londres","Lugares citados","51.50722222","-0.1275","area","fr","[…] jusqu’à la découverte du crime ; sans situation qu’instable, comme pour le poète la veille fêté dans tous les salons, applaudi dans tous les théâtres de Londres, chassé le lendemain de tous les garnis sans pouvoir trouver un oreiller où reposer sa tête, tournant la meule comme Samson et disant comme lui : « Les deux sexes mourront chacun de son côté » ; exclus même, hors les jours de grande infortune où le plus grand nombre se rallie autour de la victime, comme les Juifs autour de Dreyfus, de la sympathie — parfois de la société — de leurs semblables, auxquels ils donnent le dégoût de voir ce qu’ils sont, […]","https://fr.wikisource.org/wiki/Sodome_et_Gomorrhe%2FPartie_1","https://en.wikipedia.org/wiki/London"
"4","Sodoma y Gomorra","Roma","Lugares citados","41.89333333","12.48277778","area","fr","[…] quand leur ville serait vide, par ces temps où la faim fait sortir le loup du bois, c’est-à-dire que tout se passerait en somme comme à Londres, à Berlin, à Rome, à Pétrograd ou à Paris.","https://fr.wikisource.org/wiki/Sodome_et_Gomorrhe%2FPartie_1","https://en.wikipedia.org/wiki/Rome"
"4","Sodoma y Gomorra","Venecia","Lugares citados","45.439722222222","12.331944444444","area","fr","[…] plus triste, plus sincère ; il y a un petit chemin d’où on ne voit pas la mer. Les jours de pluie, il n’y a que de la boue, c’est tout un monde. C’est comme à Venise, je déteste le Grand Canal et je ne connais rien de touchant comme les petites ruelles. Du reste c’est une question d’ambiance.","https://fr.wikisource.org/wiki/Sodome_et_Gomorrhe%2FPartie_2_-_chapitre_2","https://www.wikidata.org/wiki/Q641"
"4","Sodoma y Gomorra","Trieste","Lugares citados","45.65027778","13.77027778","area","fr","[…] renseignements que vous voudrez. Vous vous rappelez que je vous ai parlé d’une amie plus âgée que moi, qui m’a servi de mère, de sœur, avec qui j’ai passé à Trieste mes meilleures années et que, d’ailleurs, je dois dans quelques semaines retrouver à Cherbourg, d’où nous voyagerons ensemble (c’est un peu baroque, mais vous savez comme j’aime la mer), hé, bien ! cette amie (oh ! pas du tout le genre de femmes que vous pourriez croire !), regardez comme c’est extraordinaire, est justement la meilleure amie de la fille de ce Vinteuil, et je connais presque autant la fille de Vinteuil. Je ne les appelle jamais que […]","https://fr.wikisource.org/wiki/Sodome_et_Gomorrhe%2FPartie_2_-_chapitre_4","https://en.wikipedia.org/wiki/Trieste"
"4","Sodoma y Gomorra","Hungría","Lugares citados","47","20","area","fr","[…] qu’elle avait ce rang, bien que par elle-même elle fût d’assez grande naissance puisqu’elle était par sa mère nièce de la Reine de Pologne, de la Reine d’Hongrie, de l’Électeur Palatin, du prince de Savoie-Carignan et du prince d’Hanovre, ensuite Roi d’Angleterre. — Mæcenas atavis edite regibus ! dit Brichot en s’adressant à M. de Charlus, qui répondit par une légère inclinaison de tête à cette politesse. — Qu’est-ce que vous dites ? demanda M Verdurin à Brichot, envers qui elle aurait voulu tâcher de réparer ses paroles de tout à l’heure. — Je parlais, Dieu m’en pardonne, d’un dandy qui était la fleur du […]","https://fr.wikisource.org/wiki/Sodome_et_Gomorrhe%2FPartie_2_-_chapitre_2","https://en.wikipedia.org/wiki/Hungary"
"4","Sodoma y Gomorra","Jerusalén","Lugares citados","31.77888889","35.22555556","area","fr","[…] l’aspect de la légation de X… ou tel service du Ministère des Affaires étrangères, rendaient rétrospectivement ces palais aussi mystérieux que le temple de Jérusalem ou la salle du trône de Suse. Pour cette ambassade dont le jeune personnel vint tout entier serrer la main de M. de Charlus, M. de Vaugoubert prit l’air émerveillé d’Élise s’écriant dans Esther :","https://fr.wikisource.org/wiki/Sodome_et_Gomorrhe%2FPartie_2_-_chapitre_1","https://en.wikipedia.org/wiki/Jerusalem"
"4","Sodoma y Gomorra","Berlín","Lugares citados","52.52","13.405","area","fr","[…] nécessité, quand leur ville serait vide, par ces temps où la faim fait sortir le loup du bois, c’est-à-dire que tout se passerait en somme comme à Londres, à Berlin, à Rome, à Pétrograd ou à Paris.","https://fr.wikisource.org/wiki/Sodome_et_Gomorrhe%2FPartie_1","https://en.wikipedia.org/wiki/Berlin"
"4","Sodoma y Gomorra","Nápoles","Lugares citados","40.8358","14.2486","area","fr","[…] de Monsieur, comme ayant la même grand’mère que le Roi ; fort au-dessous des Guermantes, on peut cependant citer les La Trémoïlle, descendants des rois de Naples et des comtes de Poitiers ; les d’Uzès, peu anciens comme famille mais qui sont les plus anciens pairs ; les Luynes, tout à fait récents mais avec l’éclat de grandes alliances ; les Choiseul, les Harcourt, les La Rochefoucauld. Ajoutez encore les Noailles, malgré le comte de Toulouse, les Montesquiou, les Castellane et, sauf oubli, c’est tout. Quant à tous les petits messieurs qui s’appellent marquis de Cambremerde ou de Vatefairefiche, il n’y a […]","https://fr.wikisource.org/wiki/Sodome_et_Gomorrhe%2FPartie_2_-_chapitre_3","https://en.wikipedia.org/wiki/Naples"
"4","Sodoma y Gomorra","Niza","Lugares citados","43.7034","7.2663","area","fr","[…] l’erreur du lift. Mais le personnel du « grand hôtel de Balbec » n’était nullement du pays. Il venait de droite ligne, avec tout le matériel, de Biarritz, Nice et Monte-Carlo, une partie ayant été dirigée sur Deauville, une autre sur Dinard et la troisième réservée à Balbec.","https://fr.wikisource.org/wiki/Sodome_et_Gomorrhe%2FPartie_2_-_chapitre_2","https://en.wikipedia.org/wiki/Nice"
"4","Sodoma y Gomorra","Bayreuth","Lugares citados","49.94805556","11.57833333","area","fr","[…] M Swann, elles détournaient la tête, jugeant impossible de saluer, sous les yeux de M de Rochechouart, une femme qui était bien capable d’être allée à Bayreuth — ce qui voulait dire faire les cent dix-neuf coups. Chaque personne en visite chez une autre devenait différente. Sans parler des métamorphoses merveilleuses qui s’accomplissaient ainsi chez les fées, dans le salon de M Swann, M. de Bréauté, soudain mis en valeur par l’absence des gens qui l’entouraient d’habitude, par l’air de satisfaction qu’il avait de se trouver là aussi bien que si, au lieu d’aller à une fête, il avait chaussé des besicles […]","https://fr.wikisource.org/wiki/Sodome_et_Gomorrhe%2FPartie_2_-_chapitre_1","https://en.wikipedia.org/wiki/Bayreuth"
"4","Sodoma y Gomorra","Fontainebleau","Lugares citados","48.4097","2.7025","area","fr","[…] des chambres où ont eu lieu tant d’événements historiques. Ça me ferait l’effet d’être restée après la fermeture, d’avoir été oubliée, au château de Blois, de Fontainebleau ou même au Louvre, et d’avoir comme seule ressource contre la tristesse de me dire que je suis dans la chambre où a été assassiné Monaldeschi. Comme camomille, c’est insuffisant. Tiens, voilà M de Saint-Euverte. Nous avons dîné tout à l’heure chez elle. Comme elle donne demain sa grande machine annuelle, je pensais qu’elle serait allée se coucher. Mais elle ne peut pas rater une fête. Si celle-ci avait eu lieu à la campagne, elle serait […]","https://fr.wikisource.org/wiki/Sodome_et_Gomorrhe%2FPartie_2_-_chapitre_1","https://en.wikipedia.org/wiki/Fontainebleau"
"4","Sodoma y Gomorra","Versailles","Lugares citados","48.8047","2.1203","area","fr","[…] humide lui-même qui s’amoncelait perpétuellement à son faîte gardait le caractère de l’époque comme ceux qui dans le ciel s’assemblent autour des palais de Versailles. Mais de près on se rendait compte que, tout en respectant, comme les pierres d’un palais antique, le dessin préalablement tracé, c’était des eaux toujours nouvelles qui, s’élançant et voulant obéir aux ordres anciens de l’architecte, ne les accomplissaient exactement qu’en paraissant les violer, leurs mille bonds épars pouvant seuls donner à distance l’impression d’un unique élan. Celui-ci était en réalité aussi souvent interrompu que […]","https://fr.wikisource.org/wiki/Sodome_et_Gomorrhe%2FPartie_2_-_chapitre_1","https://en.wikipedia.org/wiki/Palace_of_Versailles"
"4","Sodoma y Gomorra","Amiens","Lugares citados","49.892","2.299","area","fr","[…] pourquoi il exceptait les chandeliers, de même qu’inévitablement, chaque fois qu’on parlait d’une église, que ce fût la cathédrale de Chartres, de Reims, d’Amiens, ou l’église de Balbec, ce qu’il s’empressait toujours de citer comme admirable c’était : « le buffet d’orgue, la chaire et les œuvres de miséricorde ». « Quant au jardin, n’en parlons pas, dit M de Cambremer. C’est un massacre. Ces allées qui s’en vont tout de guingois ! » Je profitai de ce que M Verdurin servait le café pour aller jeter un coup d’œil sur la lettre que M. de Cambremer m’avait remise, et où sa mère m’invitait à dîner. Avec ce rien […]","https://fr.wikisource.org/wiki/Sodome_et_Gomorrhe%2FPartie_2_-_chapitre_2","https://en.wikipedia.org/wiki/Amiens"
"4","Sodoma y Gomorra","Chartres","Lugares citados","48.456","1.484","area","fr","[…] pour ce qui concerne Swann, je peux dire franchement que sa conduite à notre égard a été inqualifiable. Patronné jadis dans le monde par nous, par le duc de Chartres, on me dit qu’il est ouvertement dreyfusard. Jamais je n’aurais cru cela de lui, de lui un fin gourmet, un esprit positif, un collectionneur, un amateur de vieux livres, membre du Jockey, un homme entouré de la considération générale, un connaisseur de bonnes adresses qui nous envoyait le meilleur porto qu’on puisse boire, un dilettante, un père de famille. Ah ! j’ai été bien trompé. Je ne parle pas de moi, il est convenu que je suis une vieille […]","https://fr.wikisource.org/wiki/Sodome_et_Gomorrhe%2FPartie_2_-_chapitre_1","https://en.wikipedia.org/wiki/Chartres"
"4","Sodoma y Gomorra","Dresden","Lugares citados","51.05","13.74","area","fr","[…] vous ne m’avez pas vu découper moi-même les dindonneaux ? » Je lui répondis que, n’ayant pu voir jusqu’ici Rome, Venise, Sienne, le Prado, le musée de Dresde, les Indes, Sarah dans Phèdre, je connaissais la résignation et que j’ajouterais son découpage des dindonneaux à ma liste. La comparaison avec l’art dramatique (Sarah dans Phèdre) fut la seule qu’il parut comprendre, car il savait par moi que, les jours de grandes représentations, Coquelin aîné avait accepté des rôles de débutant, celui même d’un personnage qui ne dit qu’un mot ou ne dit rien. « C’est égal, je suis désolé pour vous. Quand est-ce que […]","https://fr.wikisource.org/wiki/Sodome_et_Gomorrhe%2FPartie_2_-_chapitre_3","https://en.wikipedia.org/wiki/Dresden"
"4","Sodoma y Gomorra","Menton","Lugares citados","43.775","7.5","area","fr","[…] arrêtées aussitôt, je n’eusse plus rien su, j’eusse cessé de me faire craindre. D’ailleurs, nous étions à Balbec, la dame de Vichy et son amie habitaient Menton ; l’éloignement, l’impossibilité du danger eut tôt fait de détruire mes soupçons. Souvent, quand M. de Cambremer m’interpellait de la gare, je venais avec Albertine de profiter des ténèbres, et avec d’autant plus de peine que celle-ci s’était un peu débattue, craignant qu’elles ne fussent pas assez complètes. « Vous savez que je suis sûre que Cottard nous a vus ; du reste, même sans voir il a bien entendu notre voix étouffée, juste au moment où on […]","https://fr.wikisource.org/wiki/Sodome_et_Gomorrhe%2FPartie_2_-_chapitre_3","https://en.wikipedia.org/wiki/Menton"
"4","Sodoma y Gomorra","Monte Carlo","Lugares citados","43.73972222","7.42722222","area","fr","[…] c’est romantique, c’est opéra. C’est pour cela que je déteste la maison de ma belle-mère, avec ses plantes du Midi. Vous verrez, ça a l’air d’un parc de Monte-Carlo. C’est pour cela que j’aime mieux votre rive. C’est plus triste, plus sincère ; il y a un petit chemin d’où on ne voit pas la mer. Les jours de pluie, il n’y a que de la boue, c’est tout un monde. C’est comme à Venise, je déteste le Grand Canal et je ne connais rien de touchant comme les petites ruelles. Du reste c’est une question d’ambiance.","https://fr.wikisource.org/wiki/Sodome_et_Gomorrhe%2FPartie_2_-_chapitre_2","https://en.wikipedia.org/wiki/Monte_Carlo"
"4","Sodoma y Gomorra","Ulm","Lugares citados","48.39861111","9.99111111","area","fr","[…] ou lieu planté de houx ; dans celui d’un fin diplomate, d’Ormesson, vous retrouvez l’orme, l’ulmus cher à Virgile et qui a donné son nom à la ville d’Ulm ; dans celui de ses collègues, M. de La Boulaye, le bouleau ; M. d’Aunay, l’aune ; M. de Bussière, le buis ; M. Albaret, l’aubier (je me promis de le dire à Céleste) ; M. de Cholet, le chou, et le pommier dans le nom de M. de La Pommeraye, que nous entendîmes conférencier, Saniette, vous en souvient-il, du temps que le bon Porel avait été envoyé aux confins du monde, comme proconsul en Odéonie ? Au nom de Saniette prononcé par Brichot, M. Verdurin […]","https://fr.wikisource.org/wiki/Sodome_et_Gomorrhe%2FPartie_2_-_chapitre_2","https://en.wikipedia.org/wiki/Ulm"
"4","Sodoma y Gomorra","Inglaterra","Lugares citados","53.13","-1.38","area","fr","[…] l’extension et les limites de certaines formes de l’amabilité aristocratique. C’était à une matinée donnée par la duchesse de Montmorency pour la reine d’Angleterre ; il y eut une espèce de petit cortège pour aller au buffet, et en tête marchait la souveraine ayant à son bras le duc de Guermantes. J’arrivai à ce moment-là. De sa main libre, le duc me fit au moins à quarante mètres de distance mille signes d’appel et d’amitié, et qui avaient l’air de vouloir dire que je pouvais m’approcher sans crainte, que je ne serais pas mangé tout cru à la place des sandwichs. Mais moi, qui commençais à me perfectionner […]","https://fr.wikisource.org/wiki/Sodome_et_Gomorrhe%2FPartie_2_-_chapitre_1","https://en.wikipedia.org/wiki/England"
"4","Sodoma y Gomorra","Francia","Lugares citados","47","2","area","fr","[…] Il n’y avait qu’une place de libre, j’avais en face de moi, comme monument historique, une « vue » de la cathédrale d’Orléans, qui est la plus laide de France, et aussi fatigante à regarder ainsi malgré moi que si on m’avait forcé d’en fixer les tours dans la boule de verre de ces porte-plume optiques qui donnent des ophtalmies. Je descendis aux Aubrais en même temps que ma jeune personne qu’hélas, sa famille (alors que je lui supposais tous les défauts excepté celui d’avoir une famille) attendait sur le quai ! Je n’eus pour consolation, en attendant le train qui me ramènerait à Paris, que la maison de […]","https://fr.wikisource.org/wiki/Sodome_et_Gomorrhe%2FPartie_1","https://www.wikidata.org/wiki/Q142"
"4","Sodoma y Gomorra","Italy","Lugares citados","43","12","area","fr","[…] venir ce soir, je l’ai vue cet après-midi, ajouta la maîtresse de maison. Elle me l’a promis. Je crois du reste que vous dînez avec nous deux chez la reine d’Italie, à l’ambassade, jeudi. Il y aura toutes les Altesses possibles, ce sera très intimidant. » Elles ne pouvaient nullement intimider la princesse de Guermantes, de laquelle les salons en foisonnaient et qui disait : « Mes petits Cobourg » comme elle eût dit : « Mes petits chiens ». Aussi, M de Guermantes dit-elle : « Ce sera très intimidant », par simple bêtise, qui, chez les gens du monde, l’emporte encore sur la vanité. À l’égard de sa propre […]","https://fr.wikisource.org/wiki/Sodome_et_Gomorrhe%2FPartie_2_-_chapitre_1","https://en.wikipedia.org/wiki/Italy"
"4","Sodoma y Gomorra","Alemania","Lugares citados","51","9","area","fr","[…] n’avait pas parlé de moi à M. de Charlus, sans quoi je ne me fusse pas trouvé là. Il s’était maintenant accoudé devant le jardin, à côté de l’ambassadeur d’Allemagne, à la rampe du grand escalier qui ramenait dans l’hôtel, de sorte que les invités, malgré les trois ou quatre admiratrices qui s’étaient groupées autour du baron et le masquaient presque, étaient forcés de venir lui dire bonsoir. Il y répondait en nommant les gens par leur nom. Et on entendait successivement : « Bonsoir, monsieur du Hazay, bonsoir madame de La Tour du Pin-Verclause, bonsoir madame de La Tour du Pin-Gouvernet, bonsoir Philibert, […]","https://fr.wikisource.org/wiki/Sodome_et_Gomorrhe%2FPartie_2_-_chapitre_1","https://en.wikipedia.org/wiki/Germany"
"4","Sodoma y Gomorra","Austria","Lugares citados","47.33333333","13.33333333","area","fr","[…] ou le Figaro, sans être jamais allés à aucune. À ces mondains qui ne voient le monde que par le journal, l’énumération des ambassadrices d’Angleterre, d’Autriche, etc. ; des duchesses d’Uzès, de La Trémoïlle, etc., etc., suffisait pour qu’ils s’imaginassent volontiers le salon Saint-Euverte comme le premier de Paris, alors qu’il était un des derniers. Non que les comptes rendus fussent mensongers. La plupart des personnes citées avaient bien été présentes. Mais chacune était venue à la suite d’implorations, de politesses, de services, et en ayant le sentiment d’honorer infiniment M de Saint-Euverte. De […]","https://fr.wikisource.org/wiki/Sodome_et_Gomorrhe%2FPartie_2_-_chapitre_1","https://en.wikipedia.org/wiki/Austria"
"4","Sodoma y Gomorra","Rusia","Lugares citados","66","94","area","fr","[…] vous ne me reconnaissez pas, ajouta-t-elle en s’adressant à moi ; je vous ai connu chez la princesse de Parme (chez qui je n’étais jamais allé). L’empereur de Russie voudrait que votre père fût envoyé à Pétersbourg. Si vous pouviez venir mardi, justement Isvolski sera là, il en parlerait avec vous. J’ai un cadeau à vous faire, chérie, ajouta-t-elle en se tournant vers la duchesse, et que je ne ferais à personne qu’à vous. Les manuscrits de trois pièces d’Ibsen, qu’il m’a fait porter par son vieux garde-malade. J’en garderai une et vous donnerai les deux autres. »","https://fr.wikisource.org/wiki/Sodome_et_Gomorrhe%2FPartie_2_-_chapitre_1","https://en.wikipedia.org/wiki/Russia"
"4","Sodoma y Gomorra","España","Lugares citados","40.2","-3.5","area","fr","[…] — droite et fière, dans sa majesté quasi royale, les yeux flambant par leur incandescence propre — entre deux Altesses sans beauté et l’ambassadrice d’Espagne.","https://fr.wikisource.org/wiki/Sodome_et_Gomorrhe%2FPartie_2_-_chapitre_1","https://www.wikidata.org/wiki/Q29"
"4","Sodoma y Gomorra","Holland","Lugares citados","52.25","4.667","area","fr","[…] beaucoup, j’en voyais à Amsterdam, dit Albertine. Elles sentent la mer, elles viennent la humer même à travers les pierres des rues. — Ah ! vous avez été en Hollande, vous connaissez les Ver Meer ? » demanda impérieusement M de Cambremer et du ton dont elle aurait dit : « Vous connaissez les Guermantes ? », car le snobisme en changeant d’objet ne change pas d’accent. Albertine répondit non : elle croyait que c’étaient des gens vivants. Mais il n’y parut pas. « Je serais très heureuse de vous faire de la musique, me dit M de Cambremer. Mais, vous savez, je ne joue que des choses qui n’intéressent plus votre […]","https://fr.wikisource.org/wiki/Sodome_et_Gomorrhe%2FPartie_2_-_chapitre_2","https://en.wikipedia.org/wiki/Holland"
"4","Sodoma y Gomorra","Poland","Lugares citados","52","19","area","fr","[…] duchesse de Guermantes qu’elle avait ce rang, bien que par elle-même elle fût d’assez grande naissance puisqu’elle était par sa mère nièce de la Reine de Pologne, de la Reine d’Hongrie, de l’Électeur Palatin, du prince de Savoie-Carignan et du prince d’Hanovre, ensuite Roi d’Angleterre. — Mæcenas atavis edite regibus ! dit Brichot en s’adressant à M. de Charlus, qui répondit par une légère inclinaison de tête à cette politesse. — Qu’est-ce que vous dites ? demanda M Verdurin à Brichot, envers qui elle aurait voulu tâcher de réparer ses paroles de tout à l’heure. — Je parlais, Dieu m’en pardonne, d’un dandy […]","https://fr.wikisource.org/wiki/Sodome_et_Gomorrhe%2FPartie_2_-_chapitre_2","https://www.wikidata.org/wiki/Q36"
"4","Sodoma y Gomorra","Baviera","Lugares citados","49","11.5","area","fr","[…] — à cause de l’origine maternelle de son cousin — le duc de Guermantes affectât de trouver un rien de Courvoisier dans le salon de la princesse de Guermantes-Bavière, on jugeait généralement l’esprit d’initiative et la supériorité intellectuelle de cette dame d’après une innovation qu’on ne rencontrait nulle part ailleurs dans ce milieu. Après le dîner, et quelle que fût l’importance du raout qui devait suivre, les sièges, chez la princesse de Guermantes, se trouvaient disposés de telle façon qu’on formait de petits groupes, qui, au besoin, se tournaient le dos. La princesse marquait alors son sens social en […]","https://fr.wikisource.org/wiki/Sodome_et_Gomorrhe%2FPartie_2_-_chapitre_1","https://en.wikipedia.org/wiki/Bavaria"
"4","Sodoma y Gomorra","Alsacia","Lugares citados","48.5","7.5","area","fr","[…] et qui a dépossédé mon cousin le roi de Hanovre, n’est pas pour me plaire, ajouta M. de Charlus, auquel le Hanovre semblait tenir plus à cœur que l’Alsace-Lorraine. Mais je crois le penchant qui porte l’Empereur vers nous profondément sincère. Les imbéciles vous diront que c’est un Empereur de théâtre. Il est au contraire merveilleusement intelligent, il ne s’y connaît pas en peinture, et il a forcé M. Tschudi de retirer les Elstir des musées nationaux. Mais Louis XIV n’aimait pas les maîtres hollandais, avait aussi le goût de l’apparat, et a été, somme toute, un grand souverain. Encore Guillaume II […]","https://fr.wikisource.org/wiki/Sodome_et_Gomorrhe%2FPartie_2_-_chapitre_2","https://en.wikipedia.org/wiki/Alsace"
"4","Sodoma y Gomorra","Normandía","Lugares citados","48.88","0.17","area","fr","[…] parce qu’il allait de Balbec à Grallevast en passant par Angerville, le Tram et le T. S. N. parce qu’il faisait partie de la ligne des tramways du Sud de la Normandie. Je m’installai dans un wagon où j’étais seul ; il faisait un soleil splendide, on étouffait ; je baissai le store bleu qui ne laissa passer qu’une raie de soleil. Mais aussitôt je vis ma grand’mère, telle qu’elle était assise dans le train à notre départ de Paris à Balbec, quand, dans la souffrance de me voir prendre de la bière, elle avait préféré ne pas regarder, fermer les yeux et faire semblant de dormir. Moi qui ne pouvais supporter […]","https://fr.wikisource.org/wiki/Sodome_et_Gomorrhe%2FPartie_2_-_chapitre_2","https://en.wikipedia.org/wiki/Normandy"
"4","Sodoma y Gomorra","Bretaña","Lugares citados","48","-3","area","fr","[…] croyaient lire, au courrier mondain du Gaulois, l’entrefilet qu’ils cuisineraient eux-mêmes en famille, toutes portes fermées à clef, sur « le petit coin de Bretagne où l’on s’amuse ferme, la matinée ultra-select où l’on ne s’est séparé qu’après avoir fait promettre aux maîtres de maison de bientôt recommencer ». Chaque jour ils attendaient le journal, anxieux de ne pas avoir encore vu leur matinée y figurer, et craignant de n’avoir eu M de Cambremer que pour leurs seuls invités et non pour la multitude des lecteurs. Enfin le jour béni arrivait : « La saison est exceptionnellement brillante cette année à […]","https://fr.wikisource.org/wiki/Sodome_et_Gomorrhe%2FPartie_2_-_chapitre_1","https://en.wikipedia.org/wiki/Brittany"
"4","Sodoma y Gomorra","China","Lugares citados","35","103","area","fr","[…] petit Mémé ! Et la vieille potiche que t’avait rapportée Hervey de Saint-Denis, je la vois encore. Tu nous menaçais d’aller passer définitivement ta vie en Chine tant tu étais épris de ce pays ; tu aimais déjà faire de longues vadrouilles. Ah ! tu as été un type spécial, car on peut dire qu’en rien tu n’as jamais eu les goûts de tout le monde… » Mais à peine avait-il dit ces mots que le duc piqua ce qu’on appelle un soleil, car il connaissait, sinon les mœurs, du moins la réputation de son frère. Comme il ne lui en parlait jamais, il était d’autant plus gêné d’avoir dit quelque chose qui pouvait avoir l’air […]","https://fr.wikisource.org/wiki/Sodome_et_Gomorrhe%2FPartie_2_-_chapitre_1","https://en.wikipedia.org/wiki/China"
"4","Sodoma y Gomorra","Américas","Lugares citados","19","-96","area","fr","[…] rentre dans sa chambre, chaque jeune fille qui descend dîner, chaque bonne qui passe dans les couloirs étrangement délinéamentés, et la jeune fille venue d’Amérique avec sa dame de compagnie et qui descend dîner, jettent sur vous un regard où l’on ne lit rien de ce qu’on aurait voulu. Cette fois-ci, au contraire, j’avais éprouvé le plaisir trop reposant de faire la montée d’un hôtel connu, où je me sentais chez moi, où j’avais accompli une fois de plus cette opération toujours à recommencer, plus longue, plus difficile que le retournement de la paupière, et qui consiste à poser sur les choses l’âme qui nous […]","https://fr.wikisource.org/wiki/Sodome_et_Gomorrhe%2FPartie_2_-_chapitre_1","https://www.wikidata.org/wiki/Q828"
"4","Sodoma y Gomorra","Europa","Lugares citados","53.5","15.5","area","fr","[…] même la duchesse de Guermantes, qui de sa voix rauque me demandait de venir m’asseoir auprès d’elle, dans un fauteuil de Beauvais représentant l’Enlèvement d’Europe. Puis je distinguais sur les murs les vastes tapisseries du xviii siècle représentant des vaisseaux aux mâts fleuris de roses trémières, au-dessous desquels je me trouvais comme dans le palais non de la Seine mais de Neptune, au bord du fleuve Océan, où la duchesse de Guermantes devenait comme une divinité des eaux. Je n’en finirais pas si j’énumérais tous les salons différents de celui-là. Cet exemple suffit à montrer que je faisais entrer dans mes […]","https://fr.wikisource.org/wiki/Sodome_et_Gomorrhe%2FPartie_2_-_chapitre_1","https://www.wikidata.org/wiki/Q46"
"4","Sodoma y Gomorra","Greece","Lugares citados","39","22","area","fr","[…] par eux-mêmes, mais peuvent l’être par d’autres hermaphrodites. Par là les invertis, qui se rattachent volontiers à l’antique Orient ou à l’âge d’or de la Grèce, remonteraient plus haut encore, à ces époques d’essai où n’existaient ni les fleurs dioïques, ni les animaux unisexués, à cet hermaphrodisme initial dont quelques rudiments d’organes mâles dans l’anatomie de la femme et d’organes femelles dans l’anatomie de l’homme semblent conserver la trace. Je trouvais la mimique, d’abord incompréhensible pour moi, de Jupien et de M. de Charlus aussi curieuse que ces gestes tentateurs adressés aux insectes, selon […]","https://fr.wikisource.org/wiki/Sodome_et_Gomorrhe%2FPartie_1","https://en.wikipedia.org/wiki/Greece"
"4","Sodoma y Gomorra","Amsterdam","Lugares citados","52.37277778","4.89361111","area","fr","[…] soleil. — Leurs ailes de géants les empêchent de marcher, dit M de Cambremer, confondant les mouettes avec les albatros. — Je les aime beaucoup, j’en voyais à Amsterdam, dit Albertine. Elles sentent la mer, elles viennent la humer même à travers les pierres des rues. — Ah ! vous avez été en Hollande, vous connaissez les Ver Meer ? » demanda impérieusement M de Cambremer et du ton dont elle aurait dit : « Vous connaissez les Guermantes ? », car le snobisme en changeant d’objet ne change pas d’accent. Albertine répondit non : elle croyait que c’étaient des gens vivants. Mais il n’y parut pas. « Je serais très […]","https://fr.wikisource.org/wiki/Sodome_et_Gomorrhe%2FPartie_2_-_chapitre_2","https://en.wikipedia.org/wiki/Amsterdam"
"5","La prisionera","Londres","Lugares citados","51.50722222","-0.1275","area","fr","[…] vous aviez aussi des souliers si jolis, était-ce encore de Fortuny ? — Non, je sais ce que vous voulez dire, c’est du chevreau doré que nous avions trouvé à Londres, en faisant des courses avec Consuelo de Manchester. C’était extraordinaire. Je n’ai jamais pu comprendre comme c’était doré, on dirait une peau d’or, il n’y a que cela avec un petit diamant au milieu. La pauvre duchesse de Manchester est morte, mais si cela vous fait plaisir j’écrirai à M de Warwick ou à M Malborough pour tâcher d’en retrouver de pareils. Je me demande même si je n’ai pas encore de cette peau. On pourrait peut-être en faire faire […]","https://fr.wikisource.org/wiki/La_Prisonni%C3%A8re%2FChapitre_1","https://en.wikipedia.org/wiki/London"
"5","La prisionera","Venecia","Lugares citados","45.439722222222","12.331944444444","area","fr","[…] plaisirs, de lui procurer auprès de moi l’illusion de ce bonheur que je ne me sentais pas capable de lui donner. J’aurais voulu, dès ma guérison, partir pour Venise ; mais comment le faire, si j’épousais Albertine, moi, si jaloux d’elle que, même à Paris, dès que je me décidais à bouger c’était pour sortir avec elle. Même quand je restais à la maison toute l’après-midi, ma pensée la suivait dans sa promenade, décrivait un horizon lointain, bleuâtre, engendrait autour du centre que j’étais une zone mobile d’incertitude et de vague. « Combien Albertine, me disais-je, m’épargnerait les angoisses de la séparation […]","https://fr.wikisource.org/wiki/La_Prisonni%C3%A8re%2FChapitre_1","https://www.wikidata.org/wiki/Q641"
"5","La prisionera","Viena","Lugares citados","48.2083","16.3725","area","fr","[…] faire je cherchais à lui faire plaisir, nous étions comme des étudiants connaissant tout d’avance des tableaux qu’ils sont avides d’aller voir à Dresde ou à Vienne. Tandis que les femmes riches, au milieu de la multitude de leurs chapeaux et de leurs robes, sont comme ces visiteurs à qui la promenade dans un musée, n’étant précédée d’aucun désir, donne seulement une sensation d’étourdissement, de fatigue et d’ennui.","https://fr.wikisource.org/wiki/La_Prisonni%C3%A8re%2FChapitre_1","https://en.wikipedia.org/wiki/Vienna"
"5","La prisionera","Berlín","Lugares citados","52.52","13.405","area","fr","[…] s’ils sont un peu informés, appellent parisiennes, ou panamistes, ou dreyfusardes, sans se douter qu’elles peuvent se voir aussi bien à Pétersbourg, à Berlin, à Madrid et dans tous les temps ; si, en effet, le sous-secrétaire d’État aux Beaux-Arts, homme véritablement artiste, bien élevé et snob, quelques duchesses et trois ambassadeurs avec leurs femmes étaient ce soir chez M Verdurin, le motif proche, immédiat, de cette présence résidait dans les relations qui existaient entre M. de Charlus et Morel, relations qui faisaient désirer au baron de donner le plus de retentissement possible aux succès […]","https://fr.wikisource.org/wiki/La_Prisonni%C3%A8re%2FChapitre_2","https://en.wikipedia.org/wiki/Berlin"
"5","La prisionera","Nápoles","Lugares citados","40.8358","14.2486","area","fr","[…] venir le féliciter, le remercier comme s’il avait été le maître de maison, ne songea pas à leur demander de dire quelques mots à M Verdurin. Seule la reine de Naples, en qui vivait le même noble sang qu’en ses sœurs l’impératrice Élisabeth et la duchesse d’Alençon, se mit à causer avec M Verdurin comme si elle était venue pour le plaisir de la voir plus que pour la musique et pour M. de Charlus, fit mille déclarations à la Patronne, ne tarit pas sur l’envie qu’elle avait depuis si longtemps de faire sa connaissance, la complimenta sur sa maison et lui parla des sujets les plus divers comme si elle était en […]","https://fr.wikisource.org/wiki/La_Prisonni%C3%A8re%2FChapitre_2","https://en.wikipedia.org/wiki/Naples"
"5","La prisionera","Niza","Lugares citados","43.7034","7.2663","area","fr","[…] chez Otto, où, élégante, elle était en grande robe princesse et ondulée par Lenthéric, ne plaisaient pas tant à Swann qu’une petite « carte album » faite à Nice, où, en capeline de drap, les cheveux mal arrangés dépassant un chapeau de paille brodé de pensées avec un nœud de velours noir, de vingt ans plus jeune (les femmes ayant généralement l’air d’autant plus vieux que les photographies sont plus anciennes), elle avait l’air d’une petite bonne qui aurait eu vingt ans de plus. Peut-être aussi avait-il plaisir à me vanter ce que je ne connaîtrais pas, à me montrer qu’il avait goûté des plaisirs que je ne […]","https://fr.wikisource.org/wiki/La_Prisonni%C3%A8re%2FChapitre_2","https://en.wikipedia.org/wiki/Nice"
"5","La prisionera","Madrid","Lugares citados","40.4169","-3.7033","area","fr","[…] sont un peu informés, appellent parisiennes, ou panamistes, ou dreyfusardes, sans se douter qu’elles peuvent se voir aussi bien à Pétersbourg, à Berlin, à Madrid et dans tous les temps ; si, en effet, le sous-secrétaire d’État aux Beaux-Arts, homme véritablement artiste, bien élevé et snob, quelques duchesses et trois ambassadeurs avec leurs femmes étaient ce soir chez M Verdurin, le motif proche, immédiat, de cette présence résidait dans les relations qui existaient entre M. de Charlus et Morel, relations qui faisaient désirer au baron de donner le plus de retentissement possible aux succès artistiques de […]","https://fr.wikisource.org/wiki/La_Prisonni%C3%A8re%2FChapitre_2","https://en.wikipedia.org/wiki/Madrid"
"5","La prisionera","Bayreuth","Lugares citados","49.94805556","11.57833333","area","fr","[…] sur le pupitre la partition de Tristan, dont on donnait justement cet après-midi-là des fragments au concert Lamoureux. Je n’avais, à admirer le maître de Bayreuth, aucun des scrupules de ceux à qui, comme à Nietzsche, le devoir dicte de fuir, dans l’art comme dans la vie, la beauté qui les tente, et qui s’arrachent à Tristan comme ils renient Parsifal et, par ascétisme spirituel, de mortification en mortification parviennent, en suivant le plus sanglant des chemins de croix, à s’élever jusqu’à la pure connaissance et à l’adoration parfaite du Postillon de Longjumeau. Je me rendais compte de tout ce qu’a de […]","https://fr.wikisource.org/wiki/La_Prisonni%C3%A8re%2FChapitre_1","https://en.wikipedia.org/wiki/Bayreuth"
"5","La prisionera","Fontainebleau","Lugares citados","48.4097","2.7025","area","fr","[…] une rosée. Hélas ! c’est comme pour les petits cœurs à la crème, c’est encore bien loin : « Bon fromage à la cré, à la cré, bon fromage. » Et le chasselas de Fontainebleau : « J’ai du beau chasselas. » Et je pensais avec effroi à tout ce temps que j’aurais à rester avec elle jusqu’au temps du chasselas. « Écoutez, je dis que je ne veux plus que les choses que nous aurons entendu crier, mais je fais naturellement des exceptions. Aussi il n’y aurait rien d’impossible à ce que je passe chez Rebattet commander une glace pour nous deux. Vous me direz que ce n’est pas encore la saison, mais j’en ai une envie ! » Je […]","https://fr.wikisource.org/wiki/La_Prisonni%C3%A8re%2FChapitre_1","https://en.wikipedia.org/wiki/Fontainebleau"
"5","La prisionera","Versailles","Lugares citados","48.8047","2.1203","area","fr","[…] de sa vigilance, ne me semblait plus tout à fait aussi grande qu’autrefois. C’est ainsi que, tout dernièrement, ayant envoyé Albertine seule avec lui à Versailles, Albertine m’avait dit avoir déjeuné aux Réservoirs ; comme le chauffeur m’avait parlé du restaurant Vatel, le jour où je relevai cette contradiction je pris un prétexte pour descendre parler au mécanicien (toujours le même, celui que nous avons vu à Balbec) pendant qu’Albertine s’habillait. « Vous m’avez dit que vous aviez déjeuné à Vatel, M Albertine me parle des Réservoirs. Qu’est-ce que cela veut dire ? » Le mécanicien me répondit : « Ah ! […]","https://fr.wikisource.org/wiki/La_Prisonni%C3%A8re%2FChapitre_1","https://en.wikipedia.org/wiki/Palace_of_Versailles"
"5","La prisionera","Chartres","Lugares citados","48.456","1.484","area","fr","[…] servi dans la salle à manger obscure, où les prismes de verre pour poser les couteaux projettent des feux multicolores et aussi beaux que les verrières de Chartres ? — Ce que vous êtes gentil ! Si je deviens jamais intelligente, ce sera grâce à vous. — Pourquoi, dans une belle journée, détacher ses yeux du Trocadéro dont les tours en cou de girafe font penser à la Chartreuse de Pavie ? — Il m’a rappelé aussi, dominant comme cela sur son tertre, une reproduction de Mantegna que vous avez, je crois que c’est Saint-Sébastien, où il y a au fond une ville en amphithéâtre et où on jurerait qu’il y a le Trocadéro. […]","https://fr.wikisource.org/wiki/La_Prisonni%C3%A8re%2FChapitre_1","https://en.wikipedia.org/wiki/Chartres"
"5","La prisionera","Rouen","Lugares citados","49.44277778","1.08861111","area","fr","[…] cela, populaires. Comme parfois les cathédrales en eurent non loin de leur portail (à qui il arriva même d’en garder le nom, comme celui de la cathédrale de Rouen, appelé des « Libraires », parce que contre lui ceux-ci exposaient en plein vent leur marchandise) divers petits métiers, mais ambulants, passaient devant le noble hôtel de Guermantes, et faisaient penser par moments à la France ecclésiastique d’autrefois. Car l’appel qu’ils lançaient aux petites maisons voisines n’avait, à de rares exceptions près, rien d’une chanson. Il en différait autant que la déclamation — à peine colorée par des variations […]","https://fr.wikisource.org/wiki/La_Prisonni%C3%A8re%2FChapitre_1","https://en.wikipedia.org/wiki/Rouen"
"5","La prisionera","Dresden","Lugares citados","51.05","13.74","area","fr","[…] les faisant faire je cherchais à lui faire plaisir, nous étions comme des étudiants connaissant tout d’avance des tableaux qu’ils sont avides d’aller voir à Dresde ou à Vienne. Tandis que les femmes riches, au milieu de la multitude de leurs chapeaux et de leurs robes, sont comme ces visiteurs à qui la promenade dans un musée, n’étant précédée d’aucun désir, donne seulement une sensation d’étourdissement, de fatigue et d’ennui.","https://fr.wikisource.org/wiki/La_Prisonni%C3%A8re%2FChapitre_1","https://en.wikipedia.org/wiki/Dresden"
"5","La prisionera","Palestina","Lugares citados","31","35","area","fr","[…] avec M. de Charlus, un peu du plaisir qu’il savait que ses maîtres M. Mérimée et M. Renan, son collègue M. Maspéro avaient éprouvé, voyageant en Espagne, en Palestine, en Égypte, à reconnaître, dans les paysages et les populations actuelles de l’Espagne, de la Palestine et de l’Égypte, le cadre et les invariables acteurs des scènes antiques qu’eux-mêmes dans les livres avaient étudiées. « Soit dit sans offenser ce preux de haute race, me déclara Brichot dans la voiture qui nous ramenait, il est tout simplement prodigieux quand il commente son catéchisme satanique avec une verve un tantinet charentonesque et […]","https://fr.wikisource.org/wiki/La_Prisonni%C3%A8re%2FChapitre_3","https://en.wikipedia.org/wiki/Palestine_(region)"
"5","La prisionera","Inglaterra","Lugares citados","53.13","-1.38","area","fr","[…] M H…, aveugle), elle contait les années moins tragiques quand, après la chasse, à Guermantes, il se mettait en chaussons pour prendre le thé avec le roi d’Angleterre, auquel il ne se trouvait pas inférieur, et avec lequel, on le voit, il ne se gênait pas. Elle faisait remarquer cela avec tant de pittoresque qu’elle lui ajoutait le panache à la mousquetaire des gentilshommes un peu glorieux du Périgord.","https://fr.wikisource.org/wiki/La_Prisonni%C3%A8re%2FChapitre_1","https://en.wikipedia.org/wiki/England"
"5","La prisionera","Francia","Lugares citados","47","2","area","fr","[…] vous ne m’aviez pas dit que vous connaissiez Gilberte Swann ? — Oui, c’est-à-dire qu’elle m’a parlé au cours, parce qu’elle avait les cahiers d’histoire de France ; elle a même été très gentille, elle me les a prêtés et je les lui ai rendus aussitôt que je l’ai vue. — Est-ce qu’elle est du genre de femmes que je n’aime pas ? Oh ! pas du tout, tout le contraire. » Mais, plutôt que de me livrer à ce genre de causeries investigatrices, je consacrais souvent à imaginer la promenade d’Albertine les forces que je n’employais pas à la faire, et parlais à mon amie avec cette ardeur que gardent intacte les projets […]","https://fr.wikisource.org/wiki/La_Prisonni%C3%A8re%2FChapitre_1","https://www.wikidata.org/wiki/Q142"
"5","La prisionera","Alemania","Lugares citados","51","9","area","fr","[…] vues, un chef de la sûreté, qui, au lieu de rêver aux possibles que recèle l’étendue jusqu’aux quatre points cardinaux, raisonne juste, se dit : « Si l’Allemagne déclare ceci, c’est qu’elle veut faire telle autre chose ; non pas une autre chose dans le vague, mais bien précisément ceci ou cela, qui est même peut-être déjà commencé. » « Si telle personne s’est enfuie, ce n’est pas vers les buts a, b, d, mais vers le but c, et l’endroit où il faut opérer nos recherches est c. » Hélas, cette faculté, qui n’était pas très développée chez moi, je la laissais s’engourdir, perdre ses forces, disparaître, en […]","https://fr.wikisource.org/wiki/La_Prisonni%C3%A8re%2FChapitre_1","https://en.wikipedia.org/wiki/Germany"
"5","La prisionera","España","Lugares citados","40.2","-3.5","area","fr","[…] à causer avec M. de Charlus, un peu du plaisir qu’il savait que ses maîtres M. Mérimée et M. Renan, son collègue M. Maspéro avaient éprouvé, voyageant en Espagne, en Palestine, en Égypte, à reconnaître, dans les paysages et les populations actuelles de l’Espagne, de la Palestine et de l’Égypte, le cadre et les invariables acteurs des scènes antiques qu’eux-mêmes dans les livres avaient étudiées. « Soit dit sans offenser ce preux de haute race, me déclara Brichot dans la voiture qui nous ramenait, il est tout simplement prodigieux quand il commente son catéchisme satanique avec une verve un tantinet […]","https://fr.wikisource.org/wiki/La_Prisonni%C3%A8re%2FChapitre_3","https://www.wikidata.org/wiki/Q29"
"5","La prisionera","Bélgica","Lugares citados","50.83333333","4","area","fr","[…] plus divers comme si elle était en visite. Elle eût tant voulu amener sa nièce Élisabeth, disait-elle (celle qui devait peu après épouser le prince Albert de Belgique), et qui regretterait tant ! Elle se tut en voyant les musiciens s’installer sur l’estrade et se fit montrer Morel. Elle ne devait guère se faire d’illusion sur les motifs qui portaient M. de Charlus à vouloir qu’on entourât le jeune virtuose de tant de gloire. Mais sa vieille sagesse de souveraine en qui coulait un des sangs les plus nobles de l’histoire, les plus riches d’expérience, de scepticisme et d’orgueil, lui faisait seulement considérer […]","https://fr.wikisource.org/wiki/La_Prisonni%C3%A8re%2FChapitre_2","https://en.wikipedia.org/wiki/Belgium"
"5","La prisionera","Holland","Lugares citados","52.25","4.667","area","fr","[…] où Andrée allait quitter Paris, agir énergiquement auprès de M Bontemps de manière à être bien certain qu’à ce moment-là Albertine ne pourrait aller ni en Hollande, ni à Montjouvain. Il arriverait, si nous savions mieux analyser nos amours, de voir que souvent les femmes ne nous plaisent qu’à cause du contrepoids d’hommes à qui nous avons à les disputer, bien que nous souffrions jusqu’à mourir d’avoir à les leur disputer ; le contrepoids supprimé, le charme de la femme tombe. On en a un exemple douloureux et préventif dans cette prédilection des hommes pour les femmes qui, avant de les connaître, ont commis […]","https://fr.wikisource.org/wiki/La_Prisonni%C3%A8re%2FChapitre_3","https://en.wikipedia.org/wiki/Holland"
"5","La prisionera","Poland","Lugares citados","52","19","area","fr","[…] qu’il y a encore deux mois vous auriez vu une vraie merveille, un grand gaillard de deux mètres, une peau idéale, et puis aimant ça. Mais c’est parti pour la Pologne. — Ah ! c’est un peu loin. — Qui sait ? ça reviendra peut-être. On se retrouve toujours dans la vie. » Il n’y a pas de grande soirée mondaine, si, pour en avoir une coupe, on sait la prendre à une profondeur suffisante, qui ne soit pareille à ces soirées où les médecins invitent leurs malades, lesquels tiennent des propos fort sensés, ont de très bonnes manières, et ne montreraient pas qu’ils sont fous s’ils ne vous glissaient à l’oreille, en vous […]","https://fr.wikisource.org/wiki/La_Prisonni%C3%A8re%2FChapitre_2","https://www.wikidata.org/wiki/Q36"
"5","La prisionera","Scotland","Lugares citados","57","-4","area","fr","[…] lesquels il y a le Passé, l’histoire orale faite par les pâtres du terroir, les nobles cités normandes parfumées d’Angleterre et jolies comme un village d’Écosse, la cause de malédictions contre lesquelles on ne peut rien, la Vellini, le Berger, une même sensation d’anxiété dans un passage, que ce soit la femme cherchant son mari dans une Vieille Maîtresse, ou le mari, dans l’Ensorcelée, parcourant la lande, et l’Ensorcelée elle-même au sortir de la messe. Ce sont encore des phrases types de Vinteuil que cette géométrie du tailleur de pierre dans les romans de Thomas Hardy. »","https://fr.wikisource.org/wiki/La_Prisonni%C3%A8re%2FChapitre_3","https://en.wikipedia.org/wiki/Scotland"
"5","La prisionera","Baviera","Lugares citados","49","11.5","area","fr","[…] lui faisait seulement considérer les tares inévitables des gens qu’elle aimait le mieux, comme son cousin Charlus (fils comme elle d’une duchesse de Bavière), comme des infortunes qui leur rendaient plus précieux l’appui qu’ils pouvaient trouver en elle et faisaient, en conséquence, qu’elle avait plus de plaisir encore à le leur fournir. Elle savait que M. de Charlus serait doublement touché qu’elle se fût dérangée en pareille circonstance. Seulement, aussi bonne qu’elle s’était jadis montrée brave, cette femme héroïque qui, reine-soldat, avait fait elle-même le coup de feu sur les remparts de Gaète, […]","https://fr.wikisource.org/wiki/La_Prisonni%C3%A8re%2FChapitre_2","https://en.wikipedia.org/wiki/Bavaria"
"5","La prisionera","Normandía","Lugares citados","48.88","0.17","area","fr","Je crois que vraiment, ce jour-là, j’allais décider notre séparation et partir pour Venise. Ce qui me réenchaîna à ma liaison tint à la Normandie, non qu’elle manifestât quelque intention d’aller dans ce pays où j’avais été jaloux d’elle (car j’avais cette chance que jamais ses projets ne touchaient aux points douloureux de mon souvenir), mais parce qu’ayant dit : « C’est comme si je vous parlais de l’amie de votre tante qui habitait Infreville », elle répondit avec colère, heureuse comme toute personne qui discute et qui veut avoir pour soi le plus d’arguments possible, de me montrer que […]","https://fr.wikisource.org/wiki/La_Prisonni%C3%A8re%2FChapitre_1","https://en.wikipedia.org/wiki/Normandy"
"5","La prisionera","Bretaña","Lugares citados","48","-3","area","fr","[…] de là-bas. Un jour que, de Josselin où j’étais chez les Rohan, nous étions allés à un pèlerinage, il était venu des paysans d’un peu toutes les parties de la Bretagne. Un grand diable de villageois du Léon regardait avec ébahissement les culottes beiges du beau-frère de Robert. « Qu’est-ce que tu as à me regarder, je parie que tu ne sais pas qui je suis », lui dit Léon. Et comme le paysan lui disait que non. « Eh bien, je suis ton prince. — Ah ! répondit le paysan en se découvrant et en s’excusant, je vous avais pris pour un englische. »","https://fr.wikisource.org/wiki/La_Prisonni%C3%A8re%2FChapitre_1","https://en.wikipedia.org/wiki/Brittany"
"5","La prisionera","China","Lugares citados","35","103","area","fr","[…] n’était pas sortie et ayant prié qu’on m’avertît dès qu’Albertine serait rentrée, je trouvais la duchesse ennuagée dans la brume d’une robe en crêpe de Chine gris, j’acceptais cet aspect que je sentais dû à des causes complexes et qui n’eût pu être changé, je me laissais envahir par l’atmosphère qu’il dégageait, comme la fin de certaines après-midi ouatées en gris perle par un brouillard vaporeux ; si, au contraire, cette robe de chambre était chinoise, avec des flammes jaunes et rouges, je la regardais comme un couchant qui s’allume ; ces toilettes n’étaient pas un décor quelconque, remplaçable à […]","https://fr.wikisource.org/wiki/La_Prisonni%C3%A8re%2FChapitre_1","https://en.wikipedia.org/wiki/China"
"5","La prisionera","Egipto","Lugares citados","27","29","area","fr","[…] un peu du plaisir qu’il savait que ses maîtres M. Mérimée et M. Renan, son collègue M. Maspéro avaient éprouvé, voyageant en Espagne, en Palestine, en Égypte, à reconnaître, dans les paysages et les populations actuelles de l’Espagne, de la Palestine et de l’Égypte, le cadre et les invariables acteurs des scènes antiques qu’eux-mêmes dans les livres avaient étudiées. « Soit dit sans offenser ce preux de haute race, me déclara Brichot dans la voiture qui nous ramenait, il est tout simplement prodigieux quand il commente son catéchisme satanique avec une verve un tantinet charentonesque et une obstination, […]","https://fr.wikisource.org/wiki/La_Prisonni%C3%A8re%2FChapitre_3","https://www.wikidata.org/wiki/Q79"
"5","La prisionera","Américas","Lugares citados","19","-96","area","fr","[…] provinciale, ce sera un terme du patois de la province, bien que la famille ne parle plus et ne comprenne même plus le patois. Dans une famille venue de l’Amérique du Sud et ne parlant plus que le français, ce sera un mot espagnol. Et, à la génération suivante, le mot n’existera plus qu’à titre de souvenir d’enfance. On se rappellera bien que les parents, à table, faisaient allusion aux domestiques qui servaient sans être compris d’eux, en disant tel mot, mais les enfants ignorent ce que voulait dire au juste ce mot, si c’était de l’espagnol, de l’hébreu, de l’allemand, du patois, si même cela avait jamais […]","https://fr.wikisource.org/wiki/La_Prisonni%C3%A8re%2FChapitre_2","https://www.wikidata.org/wiki/Q828"
"5","La prisionera","Amsterdam","Lugares citados","52.37277778","4.89361111","area","fr","[…] sur la digue de Balbec. Elle me parlait aussi de ses promenades qu’elle avait faites, avec des amies, dans la campagne hollandaise, de ses retours, le soir, à Amsterdam, à des heures tardives, quand une foule compacte et joyeuse de gens qu’elles connaissait presque tous emplissait les rues, les bords des canaux, dont je croyais voir se refléter dans les yeux brillants d’Albertine, comme dans les glaces incertaines d’une rapide voiture, les feux innombrables et fuyants. Comme la soi-disant curiosité esthétique mériterait plutôt le nom d’indifférence auprès de la curiosité douloureuse, inlassable, que j’avais des […]","https://fr.wikisource.org/wiki/La_Prisonni%C3%A8re%2FChapitre_3","https://en.wikipedia.org/wiki/Amsterdam"
"6","La fugitiva","Roma","Lugares citados","41.89333333","12.48277778","area","fr","[…] moins, comme nous l’avons vu, que Constantinople, avec un règlement préalable des affaires allemandes, pour lequel il comptait forcer la main au cabinet de Rome. Le marquis jugeait, en effet, que de sa part un acte d’une portée internationale pouvait être le digne couronnement de sa carrière, peut-être même le commencement de nouveaux honneurs, de fonctions difficiles auxquelles il n’avait pas renoncé. Car la vieillesse nous rend d’abord incapables d’entreprendre mais non de désirer. Ce n’est que dans une troisième période que ceux qui vivent très vieux ont renoncé au désir, comme ils ont dû abandonner […]","https://fr.wikisource.org/wiki/Albertine_disparue%2FChapitre_III","https://en.wikipedia.org/wiki/Rome"
"6","La fugitiva","Milán","Lugares citados","45.46694444","9.19","area","fr","[…] distractions, déballerait les œufs durs, me passerait les journaux, déferait le paquet de livres qu’elle avait achetés sans me le dire. Nous avions traversé Milan depuis longtemps lorsqu’elle se décida à lire la première des deux lettres. Je regardai d’abord ma mère, qui la lisait avec étonnement, puis levait la tête, et ses yeux semblaient se poser tour à tour sur des souvenirs distincts, incompatibles, et qu’elle ne pouvait parvenir à rapprocher. Cependant j’avais reconnu l’écriture de Gilberte sur l’enveloppe que je venais de prendre dans mon portefeuille. Je l’ouvris. Gilberte m’annonçait son mariage avec […]","https://fr.wikisource.org/wiki/Albertine_disparue%2FChapitre_III","https://en.wikipedia.org/wiki/Milan"
"6","La fugitiva","Berlín","Lugares citados","52.52","13.405","area","fr","[…] en était besoin. On assure, en effet, que M. de Norpois, qui, pour raison de santé, devait depuis longtemps venir faire à Paris une petite cure, aurait quitté Berlin où il ne jugeait plus sa présence utile. » Dernière heure : « Sa Majesté l’Empereur a quitté ce matin Compiègne pour Paris afin de conférer avec le marquis de Norpois, le ministre de la Guerre et le maréchal Bazaine en qui l’opinion publique a une confiance particulière. S. M. l’Empereur a décommandé le dîner qu’il devait offrir à sa belle-sœur la duchesse d’Albe. Cette mesure a produit partout, dès qu’elle a été connue, une impression […]","https://fr.wikisource.org/wiki/Albertine_disparue%2FChapitre_III","https://en.wikipedia.org/wiki/Berlin"
"6","La fugitiva","Compiègne","Lugares citados","49.4149","2.8231","area","fr","[…] faire à Paris une petite cure, aurait quitté Berlin où il ne jugeait plus sa présence utile. » Dernière heure : « Sa Majesté l’Empereur a quitté ce matin Compiègne pour Paris afin de conférer avec le marquis de Norpois, le ministre de la Guerre et le maréchal Bazaine en qui l’opinion publique a une confiance particulière. S. M. l’Empereur a décommandé le dîner qu’il devait offrir à sa belle-sœur la duchesse d’Albe. Cette mesure a produit partout, dès qu’elle a été connue, une impression particulièrement favorable. L’Empereur a passé en revue les troupes, dont l’enthousiasme est indescriptible. Quelques […]","https://fr.wikisource.org/wiki/Albertine_disparue%2FChapitre_III","https://en.wikipedia.org/wiki/Compi%C3%A8gne"
"6","La fugitiva","Versailles","Lugares citados","48.8047","2.1203","area","fr","[…] le recomposait mille fois plus beau, maintenant que les éléments en étaient les statues nues de déesses comme celles que les grands sculpteurs éparpillaient à Versailles sous les bosquets ou donnaient dans les bassins à laver et à polir aux caresses du flot. Maintenant je la voyais à côté de la blanchisseuse, jeunes filles au bord de l’eau, dans leur double nudité de marbres féminins, au milieu d’une touffe de végétations et trempant dans l’eau comme des bas-reliefs nautiques. Me souvenant de ce qu’Albertine était sur mon lit, je croyais voir sa cuisse recourbée, je la voyais, c’était un col de cygne, il […]","https://fr.wikisource.org/wiki/Albertine_disparue%2FChapitre_I","https://en.wikipedia.org/wiki/Palace_of_Versailles"
"6","La fugitiva","Inglaterra","Lugares citados","53.13","-1.38","area","fr","[…] Du Lau c’était le gentilhomme du Périgord, charmant, avec toutes les belles manières et le sans-gêne de sa province. À Guermantes, quand il y avait le Roi d’Angleterre, avec qui du Lau était très ami, il y avait après la chasse un goûter… C’était l’heure où du Lau avait l’habitude d’aller ôter ses bottines et mettre de gros chaussons de laine. Hé bien, la présence du Roi Édouard et de tous les grands-ducs ne le gênait en rien, il descendait dans le grand salon de Guermantes avec ses chaussons de laine, il trouvait qu’il était le marquis du Lau d’Ollemans qui n’avait en rien à se contraindre pour le Roi […]","https://fr.wikisource.org/wiki/Albertine_disparue%2FChapitre_II","https://en.wikipedia.org/wiki/England"
"6","La fugitiva","Francia","Lugares citados","47","2","area","fr","[…] et me bouleversait comme si j’étais destiné à être séparé d’Albertine et à la retrouver avec indifférence dans mes vieux jours. Si j’apercevais une carte de France mes yeux effrayés s’arrangeaient à ne pas rencontrer la Touraine pour que je ne fusse pas jaloux, et, pour que je ne fusse pas malheureux, la Normandie où étaient marqués au moins Balbec et Doncières, entre lesquels je situais tous ces chemins que nous avions couverts tant de fois ensemble. Au milieu d’autres noms de villes ou de villages de France, noms qui n’étaient que visibles ou audibles, le nom de Tours, par exemple, semblait composé […]","https://fr.wikisource.org/wiki/Albertine_disparue%2FChapitre_I","https://www.wikidata.org/wiki/Q142"
"6","La fugitiva","Italy","Lugares citados","43","12","area","fr","[…] si le jour indiscret du printemps avait glissé une odeur de roses dans la clôture mal jointe de son sommeil entrebâillé, s’éveillait en partance pour l’Italie. Même dans mon amour l’état changeant de mon atmosphère morale, la pression modifiée de mes croyances n’avaient-ils pas, tel jour, diminué la visibilité de mon propre amour, ne l’avaient-ils pas, tel jour, indéfiniment étendue, tel jour embellie jusqu’au sourire, tel jour contractée jusqu’à l’orage ? On n’est que par ce qu’on possède, on ne possède que ce qui vous est réellement présent, et tant de nos souvenirs, de nos humeurs, de nos idées partent […]","https://fr.wikisource.org/wiki/Albertine_disparue%2FChapitre_I","https://en.wikipedia.org/wiki/Italy"
"6","La fugitiva","Alemania","Lugares citados","51","9","area","fr","[…] de Guermantes l’imitât. Un des jours les plus graves de la crise où, pendant le ministère Rouvier, on crut qu’il allait y avoir la guerre entre la France et l’Allemagne, comme je dînais seul chez M de Guermantes avec M. de Bréauté, j’avais trouvé à la duchesse l’air soucieux. J’avais cru, comme elle se mêlait volontiers de politique, qu’elle voulait montrer par là sa crainte de la guerre, comme un jour où elle était venue à table si soucieuse, répondant à peine par monosyllabes ; à quelqu’un qui l’interrogeait timidement sur l’objet de son souci elle avait répondu d’un air grave : « La Chine m’inquiète. » Or, au […]","https://fr.wikisource.org/wiki/Albertine_disparue%2FChapitre_II","https://en.wikipedia.org/wiki/Germany"
"6","La fugitiva","Suiza","Lugares citados","46.83333333","8.33333333","area","fr","[…] dépêche de Saint-Loup : « de l’Orgeville, de particule, orge la graminée, comme du seigle, ville comme une ville, petite, brune, boulotte, est en ce moment en Suisse. » Ce n’était pas elle !","https://fr.wikisource.org/wiki/Albertine_disparue%2FChapitre_II","https://en.wikipedia.org/wiki/Switzerland"
"6","La fugitiva","Normandía","Lugares citados","48.88","0.17","area","fr","[…] qui n’avaient pas de vrais bonheurs ou malheurs, en revanche les lignes les plus insignifiantes qui, de si loin que ce fût, pouvaient se rattacher ou à la Normandie, ou à la Touraine, ou aux établissements hydrothérapiques, ou à la Berma, ou à la princesse de Guermantes, ou à l’amour, ou à l’absence, ou à l’infidélité, remettaient brusquement devant moi, sans que j’eusse eu le temps de me détourner, l’image d’Albertine, et je me remettais à pleurer. D’ailleurs, d’habitude, ces journaux je ne pouvais même pas les lire, car le simple geste d’en ouvrir un me rappelait à la fois que j’en accomplissais de […]","https://fr.wikisource.org/wiki/Albertine_disparue%2FChapitre_I","https://en.wikipedia.org/wiki/Normandy"
"6","La fugitiva","Bretaña","Lugares citados","48","-3","area","fr","[…] sur le balcon, les pigeons des Champs-Elysées ; par l’assourdissement des bruits dans la chaleur de la matinée, la fraîcheur des cerises ; le désir de la Bretagne ou de Venise par le bruit du vent et le retour de Pâques. L’été venait, les jours étaient longs, il faisait chaud. C’était le temps où de grand matin élèves et professeurs vont dans les jardins publics préparer les derniers concours sous les arbres, pour recueillir la seule goutte de fraîcheur que laisse tomber un ciel moins enflammé que dans l’ardeur du jour, mais déjà aussi stérilement pur. De ma chambre obscure, avec un pouvoir d’évocation égal […]","https://fr.wikisource.org/wiki/Albertine_disparue%2FChapitre_I","https://en.wikipedia.org/wiki/Brittany"
"6","La fugitiva","China","Lugares citados","35","103","area","fr","[…] si soucieuse, répondant à peine par monosyllabes ; à quelqu’un qui l’interrogeait timidement sur l’objet de son souci elle avait répondu d’un air grave : « La Chine m’inquiète. » Or, au bout d’un moment, M de Guermantes, expliquant elle-même l’air soucieux que j’avais attribué à la crainte d’une déclaration de guerre, avait dit à M. de Bréauté : « On dit que M Aynard veut faire une position aux Swann. Il faut absolument que j’aille demain matin voir Marie-Gilbert pour qu’elle m’aide à empêcher ça. Sans cela il n’y a plus de société. C’est très joli l’affaire Dreyfus. Mais alors l’épicière du coin n’a qu’à se […]","https://fr.wikisource.org/wiki/Albertine_disparue%2FChapitre_II","https://en.wikipedia.org/wiki/China"
"6","La fugitiva","Europa","Lugares citados","53.5","15.5","area","fr","[…] par heure avec Paris pour se plaindre qu’il y eût un ambassadeur officieux au Quirinal et pour rapporter le mécontentement que ce fait avait produit dans l’Europe entière. Ce mécontentement n’existait pas, mais les divers ambassadeurs étaient trop polis pour démentir M. Barrère leur assurant que sûrement tout le monde était révolté. M. Barrère, n’écoutant que sa pensée, prenait ce silence courtois pour une adhésion. Aussitôt il télégraphiait à Paris : « Je me suis entretenu une heure durant avec le marquis Visconti-Venosta, etc. » Ses secrétaires étaient sur les dents.","https://fr.wikisource.org/wiki/Albertine_disparue%2FChapitre_III","https://www.wikidata.org/wiki/Q46"
"6","La fugitiva","Istanbul","Lugares citados","41.01","28.960277777778","area","fr","[…] le premier bouc émissaire serait Paléologue, notoirement insuffisant en Serbie ? Il serait peut-être remplacé par Lozé et il y aurait à pourvoir au poste de Constantinople. Mais, s’empressa d’ajouter avec âcreté M. de Norpois, pour une ambassade d’une telle envergure et où il est de toute évidence que la Grande-Bretagne devra toujours, quoi qu’il arrive, avoir la première place à la table des délibérations, il serait prudent de s’adresser à des hommes d’expérience mieux outillés pour résister aux embûches des ennemis de notre alliée britannique que des diplomates de la jeune école qui donneraient tête baissée […]","https://fr.wikisource.org/wiki/Albertine_disparue%2FChapitre_III","https://www.wikidata.org/wiki/Q406"
"6","La fugitiva","Amsterdam","Lugares citados","52.37277778","4.89361111","area","fr","[…] était assez surveillée et ne pourrait faire grand’chose jusqu’à ce que je l’en ramenasse. Ma pire crainte avait été qu’elle fût restée à Paris, partie pour Amsterdam ou pour Montjouvain, c’est-à-dire qu’elle se fût échappée pour se consacrer à quelque intrigue dont les préliminaires m’avaient échappé. Mais, en réalité, en me disant Paris, Amsterdam, Montjouvain, c’est-à-dire plusieurs lieux, je pensais à des lieux qui n’étaient que possibles. Aussi, quand le concierge d’Albertine répondit qu’elle était partie en Touraine, cette résidence que je croyais désirer me sembla la plus affreuse de toutes, parce que […]","https://fr.wikisource.org/wiki/Albertine_disparue%2FChapitre_I","https://en.wikipedia.org/wiki/Amsterdam"
"6","La fugitiva","Mar Mediterráneo","Lugares citados","35","18","area","fr","[…] dépêche, l’employé n’avait plus qu’à la prendre, les réseaux les plus rapides de communication électrique à la transmettre à l’étendue de la France et de la Méditerranée, et tout le passé noceur de Robert allait être appliqué à identifier la personne que je venais de rencontrer, se trouver au service du roman que je venais d’ébaucher et auquel je n’avais même plus besoin de penser, car la réponse allait se charger de le conclure avant que vingt-quatre heures fussent accomplies. Tandis qu’autrefois, ramené des Champs-Élysées par Françoise, nourrissant seul à la maison d’impuissants désirs, ne pouvant user des […]","https://fr.wikisource.org/wiki/Albertine_disparue%2FChapitre_II","https://en.wikipedia.org/wiki/Mediterranean_Sea"
"7","El tiempo recobrado","Roma","Lugares citados","41.89333333","12.48277778","area","fr","[…] que personne n’a fait remarquer cette chose si marquante : le grand maître de l’ordre de Malte, qui est un pur boche, n’en continue pas moins de vivre à Rome où il jouit, en tant que grand maître de notre ordre, du privilège de l’exterritorialité. C’est intéressant », ajouta-t-il d’un air de me dire : « Vous voyez que vous n’avez pas perdu votre soirée en me rencontrant. » Je le remerciai et il prit l’air modeste de quelqu’un qui n’exige pas de salaire. « Qu’est-ce que j’étais donc en train de vous dire ? Ah ! oui, que les gens haïssaient maintenant François-Joseph, d’après leur journal. Pour le roi […]","https://fr.wikisource.org/wiki/Le_Temps_retrouv%C3%A9%2FII","https://en.wikipedia.org/wiki/Rome"
"7","El tiempo recobrado","Venecia","Lugares citados","45.439722222222","12.331944444444","area","fr","[…] la causerie continue dans la voiture qui doit nous conduire quai Conti où est leur hôtel, que son possesseur prétend être l’ancien hôtel des Ambassadeurs de Venise et où il y aurait un fumoir dont Verdurin me parle comme d’une salle transportée telle quelle, à la façon des Mille et une Nuits, d’un célèbre palazzo, dont j’oublie le nom, palazzo à la margelle du puits représentant un couronnement de la Vierge que Verdurin soutient être absolument du plus beau Sansovino et qui servirait, pour leurs invités, à jeter la cendre de leurs cigares. Et ma foi, quand nous arrivons, dans le glauque et le diffus d’un clair […]","https://fr.wikisource.org/wiki/Le_Temps_retrouv%C3%A9%2FI","https://www.wikidata.org/wiki/Q641"
"7","El tiempo recobrado","Viena","Lugares citados","48.2083","16.3725","area","fr","[…] lui pense avec désespoir au mal qu’on peut faire au trône de François-Joseph. Il se dit, d’ailleurs, en cela dans la tradition de Talleyrand et du Congrès de Vienne. — L’ère du Congrès de Vienne est révolue, me répondit-il ; à la diplomatie secrète il faut opposer la diplomatie concrète. Mon oncle est au fond un monarchiste impénitent à qui on ferait avaler des carpes comme M Molé ou des escarpes comme Arthur Meyer, pourvu que carpes et escarpes fussent à la Chambord. Par haine du drapeau tricolore, je crois qu’il se rangerait plutôt sous le torchon du Bonnet rouge, qu’il prendrait de bonne foi pour le Drapeau […]","https://fr.wikisource.org/wiki/Le_Temps_retrouv%C3%A9%2FII","https://en.wikipedia.org/wiki/Vienna"
"7","El tiempo recobrado","Milán","Lugares citados","45.46694444","9.19","area","fr","[…] elle fait dans nos amours, dans nos voyages) trahit encore le besoin de croyance par des exigences de vérité. Françoise, quand je lui parlais d’une église de Milan — ville où elle n’irait probablement jamais — ou de la cathédrale de Reims — fût-ce même de celle d’Arras ! — qu’elle ne pourrait voir puisqu’elles étaient plus ou moins détruites, enviait les riches qui peuvent s’offrir le spectacle de pareils trésors, et s’écriait avec un regret nostalgique : « Ah ! comme cela devait être beau ! », elle qui, habitant Paris depuis tant d’années, n’avait jamais eu la curiosité d’aller voir Notre-Dame. C’est que […]","https://fr.wikisource.org/wiki/Le_Temps_retrouv%C3%A9%2FII","https://en.wikipedia.org/wiki/Milan"
"7","El tiempo recobrado","Hungría","Lugares citados","47","20","area","fr","[…] Varsovie, sacrifiant dix mille hommes pour tromper l’ennemi. Quand ils ont créé, au début de 1915, la masse de manœuvre de l’archiduc Eugène pour dégager la Hongrie menacée, ils ont répandu le bruit que cette masse était destinée à une opération contre la Serbie. C’est ainsi qu’en 1800 l’armée qui allait opérer contre l’Italie était essentiellement qualifiée d’armée de réserve et semblait destinée non à passer les Alpes, mais à appuyer les armées engagées sur les théâtres septentrionaux. La ruse d’Hindenburg attaquant Varsovie pour masquer l’attaque véritable sur les lacs de Mazurie est imitée d’un plan de […]","https://fr.wikisource.org/wiki/Le_Temps_retrouv%C3%A9%2FII","https://en.wikipedia.org/wiki/Hungary"
"7","El tiempo recobrado","Jerusalén","Lugares citados","31.77888889","35.22555556","area","fr","[…] concernait les costumes et la couleur des visages, arbitrairement chimérique en ce qui concernait le décor, comme de la ville où il vivait, Carpaccio fit une Jérusalem ou une Constantinople en y assemblant une foule dont la merveilleuse bigarrure n’était pas plus colorée que celle-ci. Marchant derrière deux zouaves qui ne semblaient guère se préoccuper de lui, j’aperçus un homme gras et gros, en feutre mou, en longue houppelande et sur la figure mauve duquel j’hésitai si je devais mettre le nom d’un acteur ou d’un peintre également connus pour d’innombrables scandales sodomistes. J’étais certain en tout cas que […]","https://fr.wikisource.org/wiki/Le_Temps_retrouv%C3%A9%2FII","https://en.wikipedia.org/wiki/Jerusalem"
"7","El tiempo recobrado","Berlín","Lugares citados","52.52","13.405","area","fr","Le maître d’hôtel n’eût pu imaginer que les communiqués ne fussent pas excellents et qu’on ne se rapprochât pas de Berlin, puisqu’il lisait : « Nous avons repoussé, avec de fortes pertes pour l’ennemi, etc. », actions qu’il célébrait comme de nouvelles victoires. J’étais cependant effrayé de la rapidité avec laquelle le théâtre de ces victoires se rapprochait de Paris, et je fus même étonné que le maître d’hôtel, ayant vu dans un communiqué qu’une action avait eu lieu près de Lens, n’eût pas été inquiet en voyant dans le journal du lendemain que ses suites avaient […]","https://fr.wikisource.org/wiki/Le_Temps_retrouv%C3%A9%2FII","https://en.wikipedia.org/wiki/Berlin"
"7","El tiempo recobrado","Nápoles","Lugares citados","40.8358","14.2486","area","fr","[…] vous le dis, je le sais, il nous l’a assez répété qu’il était membre héréditaire de la Chambre des Seigneurs de Prusse et Durchlaucht. — Pourtant la reine de Naples m’avait dit… — Vous savez que c’est une affreuse espionne, s’écriait M Verdurin qui n’avait pas oublié l’attitude que la souveraine déchue avait eue un soir chez elle. Je le sais et d’une façon précise, elle ne vivait que de ça. Si nous avions un gouvernement plus énergique, tout ça devrait être dans un camp de concentration. Et allez donc ! En tout cas, vous ferez bien de ne pas recevoir ce joli monde, parce que je sais que le Ministre de […]","https://fr.wikisource.org/wiki/Le_Temps_retrouv%C3%A9%2FII","https://en.wikipedia.org/wiki/Naples"
"7","El tiempo recobrado","Compiègne","Lugares citados","49.4149","2.8231","area","fr","[…] comme moi quinze mois de front et que tu auras abattu ton cinquième avion boche, tu pourras en causer. Faut pas croire les journaux. Ils sont allés hier sur Compiègne, ils ont tué une mère de famille avec ses deux enfants. — Une mère de famille avec ses deux enfants », dit avec des yeux ardents et un air de profonde pitié le jeune homme qui espérait bien ne pas être tué et qui avait, du reste, une figure énergique, ouverte et des plus sympathiques. « On n’a pas de nouvelles du grand Julot. Sa marraine n’a pas reçu de lettre de lui depuis huit jours et c’est la première fois qu’il reste si longtemps sans lui en […]","https://fr.wikisource.org/wiki/Le_Temps_retrouv%C3%A9%2FII","https://en.wikipedia.org/wiki/Compi%C3%A8gne"
"7","El tiempo recobrado","Versailles","Lugares citados","48.8047","2.1203","area","fr","[…] un aéroplane monté par des hommes qui veillaient sur Paris. Le souvenir des aéroplanes que j’avais vus avec Albertine dans notre dernière promenade, près de Versailles, n’entrait pour rien dans cette émotion, car le souvenir de cette promenade m’était devenu indifférent.","https://fr.wikisource.org/wiki/Le_Temps_retrouv%C3%A9%2FII","https://en.wikipedia.org/wiki/Palace_of_Versailles"
"7","El tiempo recobrado","Amiens","Lugares citados","49.892","2.299","area","fr","[…] de la cathédrale de Reims, qui était comme le miracle d’une cathédrale gothique retrouvant naturellement la pureté de la statuaire antique, ou de celle d’Amiens. Je ne sais si le bras levé de Saint Firmin est aujourd’hui brisé. Dans ce cas la plus haute affirmation de la foi et de l’énergie a disparu de ce monde. — Son symbole, Monsieur, lui répondis-je. Et j’adore autant que vous certains symboles. Mais il serait absurde de sacrifier au symbole la réalité qu’il symbolise. Les cathédrales doivent être adorées jusqu’au jour où, pour les préserver, il faudrait renier les vérités qu’elles enseignent. Le bras […]","https://fr.wikisource.org/wiki/Le_Temps_retrouv%C3%A9%2FII","https://en.wikipedia.org/wiki/Amiens"
"7","El tiempo recobrado","Chartres","Lugares citados","48.456","1.484","area","fr","[…] ans qu’elle avait vu Bloch pour la première fois, M de Guermantes eût juré qu’il était né dans son monde et avait été bercé sur les genoux de la duchesse de Chartres quand il avait deux ans.","https://fr.wikisource.org/wiki/Le_Temps_retrouv%C3%A9%2FIII","https://en.wikipedia.org/wiki/Chartres"
"7","El tiempo recobrado","Rouen","Lugares citados","49.44277778","1.08861111","area","fr","[…] des athlètes de la Grèce, vous entendez bien, de la Grèce, mon cher, ce sont les jeunes gens de Platon, ou plutôt des Spartiates. J’ai un ami qui est allé à Rouen où ils ont leur camp, il a vu des merveilles, de pures merveilles dont on n’a pas idée. Ce n’est plus Rouen, c’est une autre ville. Évidemment il y a aussi l’ancien Rouen, avec les Saints émaciés de la cathédrale. Bien entendu, c’est beau aussi, mais c’est autre chose. Et nos poilus ! je ne peux pas vous dire quelle saveur je trouve en nos poilus, aux petits Parigots, tenez, comme celui qui passe là, avec son air dessalé, sa mine éveillée et drôle. […]","https://fr.wikisource.org/wiki/Le_Temps_retrouv%C3%A9%2FII","https://en.wikipedia.org/wiki/Rouen"
"7","El tiempo recobrado","Ulm","Lugares citados","48.39861111","9.99111111","area","fr","[…] qu’on reverrait, même dans les conditions les plus différentes, les batailles typiques, par exemple le grand essai d’enveloppement par l’aile de la bataille d’Ulm. Eh bien ! si spéciales que soient ces guerres balkaniques, Lullé-Burgas c’est encore Ulm, l’enveloppement par l’aile. Voilà les sujets dont tu peux me parler. Mais pour le genre de choses auxquelles tu fais allusion, je m’y connais autant qu’en sanscrit. » Ces sujets que Robert dédaignait ainsi, Gilberte, au contraire, quand il était reparti, les abordait volontiers en causant avec moi. Non, certes, relativement à son mari car elle ignorait, ou […]","https://fr.wikisource.org/wiki/Le_Temps_retrouv%C3%A9%2FI","https://en.wikipedia.org/wiki/Ulm"
"7","El tiempo recobrado","Inglaterra","Lugares citados","53.13","-1.38","area","fr","[…] maîtresse de la maison et achetées par elle, toutes blanches, à la vente d’un descendant de M de La Fayette à qui elles auraient été données par Henriette d’Angleterre, perles devenues noires à la suite d’un incendie qui détruisit une partie de la maison que les Verdurin habitaient dans une rue dont je ne me rappelle plus le nom, incendie après lequel fut retrouvé le coffret où étaient ces perles, mais devenues entièrement noires. « Et je connais le portrait de ces perles, aux épaules mêmes de M de La Fayette, oui, parfaitement, leur portrait, insista Swann devant les exclamations des convives un brin ébahis, […]","https://fr.wikisource.org/wiki/Le_Temps_retrouv%C3%A9%2FI","https://en.wikipedia.org/wiki/England"
"7","El tiempo recobrado","Francia","Lugares citados","47","2","area","fr","[…] ainsi comme une sorte de répétition des couturières. Dans la conversation, M Verdurin, pour communiquer les nouvelles, disait : « nous » en parlant de la France. « Hé bien, voici : nous exigeons du roi de Grèce qu’il se retire du Péloponèse, etc. ; nous lui envoyons, etc. » Et dans tous ses récits revenait tout le temps le G.Q.G. (j’ai téléphoné au G.Q.G.), abréviation qu’elle avait à prononcer le même plaisir qu’avaient naguère les femmes qui ne connaissaient pas le prince d’Agrigente à demander en souriant, quand on parlait de lui et pour montrer qu’elles étaient au courant : « Grigri ? », un plaisir qui […]","https://fr.wikisource.org/wiki/Le_Temps_retrouv%C3%A9%2FII","https://www.wikidata.org/wiki/Q142"
"7","El tiempo recobrado","Italy","Lugares citados","43","12","area","fr","[…] menacée, ils ont répandu le bruit que cette masse était destinée à une opération contre la Serbie. C’est ainsi qu’en 1800 l’armée qui allait opérer contre l’Italie était essentiellement qualifiée d’armée de réserve et semblait destinée non à passer les Alpes, mais à appuyer les armées engagées sur les théâtres septentrionaux. La ruse d’Hindenburg attaquant Varsovie pour masquer l’attaque véritable sur les lacs de Mazurie est imitée d’un plan de Napoléon de 1812. » Tu vois que M. Bidou reproduit presque les paroles que tu me rappelles et que j’avais oubliées. Et comme la guerre n’est pas finie, ces ruses-là se […]","https://fr.wikisource.org/wiki/Le_Temps_retrouv%C3%A9%2FII","https://en.wikipedia.org/wiki/Italy"
"7","El tiempo recobrado","Alemania","Lugares citados","51","9","area","fr","M. Bontemps ne voulait pas entendre parler de paix avant que l’Allemagne eût été réduite au même morcellement qu’au moyen âge, la déchéance de la maison de Hohenzollern prononcée, Guillaume ayant reçu douze balles dans la peau. En un mot, il était ce que Brichot appelait un « Jusquauboutiste », c’était le meilleur brevet de civisme qu’on pouvait lui donner. Sans doute, les trois premiers jours, M Bontemps avait été un peu dépaysée au milieu des personnes qui avaient demandé à M Verdurin à la connaître, et ce fut d’un […]","https://fr.wikisource.org/wiki/Le_Temps_retrouv%C3%A9%2FII","https://en.wikipedia.org/wiki/Germany"
"7","El tiempo recobrado","Suiza","Lugares citados","46.83333333","8.33333333","area","fr","[…] les tours du Trocadéro qui semblaient si proches des degrés de turquoise devaient en être extrêmement éloignées, comme ces deux tours de certaines villes de Suisse qu’on croirait dans le lointain voisines avec la pente des cimes. Je revins sur mes pas, mais une fois quitté le pont des Invalides, il ne faisait plus jour dans le ciel, il n’y avait même guère de lumières dans la ville, et butant çà et là contre des poubelles, prenant un chemin pour un autre, je me trouvai sans m’en douter, en suivant machinalement un dédale de rues obscures, arrivé sur les boulevards. Là, l’impression d’Orient que je venais […]","https://fr.wikisource.org/wiki/Le_Temps_retrouv%C3%A9%2FII","https://en.wikipedia.org/wiki/Switzerland"
"7","El tiempo recobrado","Austria","Lugares citados","47.33333333","13.33333333","area","fr","[…] révélation, me répondit-il du « tac au tac », ou une future révélation. » Il aurait fallu, au lieu de ménager l’ennemi, laisser faire Mangin, abattre l’Autriche et l’Allemagne et européaniser la Turquie au lieu de montégriniser la France. « Mais nous aurons l’aide des États-Unis, lui dis-je. — En attendant, je ne vois ici que le spectacle des États désunis. Pourquoi ne pas faire des concessions plus larges à l’Italie par la peur de déchristianiser la France ? — Si ton oncle Charlus t’entendait ! lui dis-je. Au fond tu ne serais pas fâché qu’on offense encore un peu plus le Pape, et lui pense avec […]","https://fr.wikisource.org/wiki/Le_Temps_retrouv%C3%A9%2FII","https://en.wikipedia.org/wiki/Austria"
"7","El tiempo recobrado","Rusia","Lugares citados","66","94","area","fr","[…] vitaux, certains espaces essentiels s’ils sont conquis décident de la victoire. C’est, d’ailleurs, une tournure de son esprit. Il a montré comment si la Russie était bouchée sur mer elle serait défaite et qu’une armée enfermée dans une sorte de camp d’emprisonnement est destinée à périr. »","https://fr.wikisource.org/wiki/Le_Temps_retrouv%C3%A9%2FII","https://en.wikipedia.org/wiki/Russia"
"7","El tiempo recobrado","España","Lugares citados","40.2","-3.5","area","fr","[…] : « Tino », tandis que jusque-là sa familiarité avec les rois était restée plus vulgaire, ayant été inventée par lui, comme quand jadis, pour parler du Roi d’Espagne, il disait : « Fonfonse ». On peut remarquer, d’ailleurs, qu’au fur et à mesure qu’augmenta le nombre des gens brillants qui firent des avances à M Verdurin, le nombre de ceux qu’elle appelait les « ennuyeux » diminua. Par une sorte de transformation magique, tout ennuyeux qui était venu lui faire une visite et avait sollicité une invitation devenait subitement quelqu’un d’agréable, d’intelligent. Bref, au bout d’un an le nombre des ennuyeux était […]","https://fr.wikisource.org/wiki/Le_Temps_retrouv%C3%A9%2FII","https://www.wikidata.org/wiki/Q29"
"7","El tiempo recobrado","Bélgica","Lugares citados","50.83333333","4","area","fr","[…] Allemands ne pourront plus regarder en face la statue de Beethoven ; Schiller a dû frémir dans son tombeau ; l’encre qui avait paraphé la neutralité de la Belgique était à peine séchée ; Lénine parle, mais autant en emporte le vent de la steppe), c’étaient des trivialités telles que : « Vingt mille prisonniers, c’est un chiffre » ; « Notre commandement saura ouvrir l’œil et le bon » ; « Nous voulons vaincre, un point c’est tout. » Mais, mêlés à tout cela, tant de savoir, tant d’intelligence, de si justes raisonnements. Or, M Verdurin ne commençait jamais un article de Brichot sans la satisfaction préalable […]","https://fr.wikisource.org/wiki/Le_Temps_retrouv%C3%A9%2FII","https://en.wikipedia.org/wiki/Belgium"
"7","El tiempo recobrado","Poland","Lugares citados","52","19","area","fr","[…] me souffle à l’oreille que c’est elle qui aurait tiré à bout portant sur l’archiduc Rodolphe et d’après qui j’aurais en Galicie et dans tout le nord de la Pologne une situation absolument exceptionnelle, une jeune fille ne consentant jamais à promettre sa main sans savoir si son fiancé est un admirateur de la Faustin.","https://fr.wikisource.org/wiki/Le_Temps_retrouv%C3%A9%2FI","https://www.wikidata.org/wiki/Q36"
"7","El tiempo recobrado","Baviera","Lugares citados","49","11.5","area","fr","[…] à la pitié, généreux, capable d’affection, de dévouement, en revanche, pour des raisons diverses — parmi lesquelles celle d’avoir eu une mère duchesse de Bavière pouvait jouer un rôle — n’avait pas de patriotisme. Il était, par conséquent, du corps France comme du corps Allemagne. Si j’avais été moi-même dénué de patriotisme, au lieu de me sentir une des cellules du corps France, il me semble que ma façon de juger la querelle n’eût pas été la même qu’elle eût pu être autrefois. Dans mon adolescence, où je croyais exactement ce qu’on me disait, j’aurais sans doute, en entendant le gouvernement allemand […]","https://fr.wikisource.org/wiki/Le_Temps_retrouv%C3%A9%2FII","https://en.wikipedia.org/wiki/Bavaria"
"7","El tiempo recobrado","Alsacia","Lugares citados","48.5","7.5","area","fr","[…] de revanche sont les mêmes que celles de Barrès exigeant Mayence pour nous protéger contre les velléités d’invasion des Boches. Pourquoi la restitution de l’Alsace-Lorraine a-t-elle paru à la France un motif insuffisant pour faire la guerre, un motif suffisant pour la continuer, pour la redéclarer à nouveau chaque année ? Vous avez l’air de croire que la victoire est désormais promise à la France, je le souhaite de tout mon cœur, vous n’en doutez pas, mais enfin, depuis qu’à tort ou à raison les Alliés se croient sûrs de vaincre (pour ma part je serais naturellement enchanté de cette solution, mais je vois […]","https://fr.wikisource.org/wiki/Le_Temps_retrouv%C3%A9%2FII","https://en.wikipedia.org/wiki/Alsace"
"7","El tiempo recobrado","Normandía","Lugares citados","48.88","0.17","area","fr","[…] oiseau le mettre en cage et l’apprivoiser, sans rien de ces grandes décorations des chambres d’aujourd’hui où, sur un fond d’argent, tous les pommiers de Normandie sont venus se profiler en style japonais, pour halluciner les heures que vous passez au lit, toute la journée je la passais dans ma chambre qui donnait sur les belles verdures du parc et les lilas de l’entrée, sur les feuilles vertes des grands arbres au bord de l’eau, étincelants de soleil, et sur la forêt de Méséglise. Je ne regardais, en somme, tout cela avec plaisir que parce que je me disais : c’est joli d’avoir tant de verdure dans la […]","https://fr.wikisource.org/wiki/Le_Temps_retrouv%C3%A9%2FI","https://en.wikipedia.org/wiki/Normandy"
"7","El tiempo recobrado","Egipto","Lugares citados","27","29","area","fr","[…] thème décoratif, si même leur matière ne venait pas des armées, n’avait pas été travaillée aux armées ; au lieu d’ornements égyptiens rappelant la campagne d’Égypte, c’étaient des bagues ou des bracelets faits avec des fragments d’obus ou des ceintures de 75, des allume-cigarettes composés de deux sous anglais, auxquels un militaire était arrivé à donner, dans sa cagna, une patine si belle que le profil de la reine Victoria y avait l’air tracé par Pisanello ; c’est encore parce qu’elles y pensaient sans cesse, disaient-elles, qu’elles portaient à peine le deuil quand l’un des leurs tombait, sous le prétexte […]","https://fr.wikisource.org/wiki/Le_Temps_retrouv%C3%A9%2FII","https://www.wikidata.org/wiki/Q79"
"7","El tiempo recobrado","Américas","Lugares citados","19","-96","area","fr","[…] Un morceau d’un caractère poétique avait ce titre emprunté à certains airs de danse dans Beethoven : « Une Allemande ». Enfin deux nouvelles : « Oncle d’Amérique et Tante de Francfort » et « Gaillard d’arrière » lues en épreuves dans le petit clan, avaient fait la joie de Brichot lui-même qui s’était écrié : « Pourvu que très haute et très puissante Anastasie ne nous caviarde pas ! » Les articles eux-mêmes étaient plus fins que ces titres ridicules. Leur style dérivait de Bergotte mais d’une façon à laquelle seul peut-être j’étais sensible, et voici pourquoi. Les écrits de Bergotte n’avaient nullement […]","https://fr.wikisource.org/wiki/Le_Temps_retrouv%C3%A9%2FII","https://www.wikidata.org/wiki/Q828"
"7","El tiempo recobrado","África","Lugares citados","0","15","area","fr","[…] coupait la parole, et se croyait-il à l’hôtel de Guermantes, comme ces fauves enchaînés qui se figurent un instant être encore libres dans les déserts de l’Afrique. Levant brusquement la tête, de ses petits yeux jaunes qui avaient l’éclat d’yeux de fauves il fixait sur elle un de ces regards qui quelquefois chez M de Guermantes, quand celle-ci parlait trop, m’avaient fait trembler. Ainsi le duc regardait-il un instant l’audacieuse dame en rose. Mais celle-ci lui tenait tête, ne le quittait pas des yeux, et au bout de quelques instants qui semblaient longs aux spectateurs, le vieux fauve dompté, se rappelant […]","https://fr.wikisource.org/wiki/Le_Temps_retrouv%C3%A9%2FIII","https://www.wikidata.org/wiki/Q15"
"7","El tiempo recobrado","Europa","Lugares citados","53.5","15.5","area","fr","[…] au Salon révolutionnaire proclamaient que ce serait à tort qu’il paraîtrait « étrange à d’austères républicains que nous nous occupions des arts quand l’Europe coalisée assiège le territoire de la liberté ». Ainsi faisaient en 1916 les couturiers qui, d’ailleurs, avec une orgueilleuse conscience d’artistes, avouaient que « chercher du nouveau, s’écarter de la banalité, préparer la victoire, dégager pour les générations d’après la guerre une formule nouvelle du beau, telle était l’ambition qui les tourmentait, la chimère qu’ils poursuivaient, ainsi qu’on pouvait s’en rendre compte en venant visiter leurs […]","https://fr.wikisource.org/wiki/Le_Temps_retrouv%C3%A9%2FII","https://www.wikidata.org/wiki/Q46"
"7","El tiempo recobrado","Greece","Lugares citados","39","22","area","fr","[…] appris de M Bontemps ou de M Verdurin, au moins par téléphone, ce qu’il y avait dans le communiqué du soir, ce qu’on y avait omis, où on en était avec la Grèce, quelle offensive on préparait, en un mot tout ce que le public ne saurait que le lendemain ou plus tard, et dont on avait ainsi comme une sorte de répétition des couturières. Dans la conversation, M Verdurin, pour communiquer les nouvelles, disait : « nous » en parlant de la France. « Hé bien, voici : nous exigeons du roi de Grèce qu’il se retire du Péloponèse, etc. ; nous lui envoyons, etc. » Et dans tous ses récits revenait tout le temps le G.Q.G. […]","https://fr.wikisource.org/wiki/Le_Temps_retrouv%C3%A9%2FII","https://en.wikipedia.org/wiki/Greece"
"7","El tiempo recobrado","Istanbul","Lugares citados","41.01","28.960277777778","area","fr","[…] et la couleur des visages, arbitrairement chimérique en ce qui concernait le décor, comme de la ville où il vivait, Carpaccio fit une Jérusalem ou une Constantinople en y assemblant une foule dont la merveilleuse bigarrure n’était pas plus colorée que celle-ci. Marchant derrière deux zouaves qui ne semblaient guère se préoccuper de lui, j’aperçus un homme gras et gros, en feutre mou, en longue houppelande et sur la figure mauve duquel j’hésitai si je devais mettre le nom d’un acteur ou d’un peintre également connus pour d’innombrables scandales sodomistes. J’étais certain en tout cas que je ne […]","https://fr.wikisource.org/wiki/Le_Temps_retrouv%C3%A9%2FII","https://www.wikidata.org/wiki/Q406"
"7","El tiempo recobrado","Frankfurt","Lugares citados","50.11055556","8.68222222","area","fr","[…] caractère poétique avait ce titre emprunté à certains airs de danse dans Beethoven : « Une Allemande ». Enfin deux nouvelles : « Oncle d’Amérique et Tante de Francfort » et « Gaillard d’arrière » lues en épreuves dans le petit clan, avaient fait la joie de Brichot lui-même qui s’était écrié : « Pourvu que très haute et très puissante Anastasie ne nous caviarde pas ! » Les articles eux-mêmes étaient plus fins que ces titres ridicules. Leur style dérivait de Bergotte mais d’une façon à laquelle seul peut-être j’étais sensible, et voici pourquoi. Les écrits de Bergotte n’avaient nullement influé sur Morel. La […]","https://fr.wikisource.org/wiki/Le_Temps_retrouv%C3%A9%2FII","https://en.wikipedia.org/wiki/Frankfurt"
"7","El tiempo recobrado","Alps","Lugares citados","46.58","8.62","area","fr","[…] en plein hiver ; ses rayons s’étalaient sur la neige qu’aucun travailleur ne déblayait plus, boulevard Haussmann, comme ils eussent fait sur un glacier des Alpes. Les silhouettes des arbres se reflétaient nettes et pures sur cette neige d’or bleuté, avec la délicatesse qu’elles ont dans certaines peintures japonaises ou dans certains fonds de Raphaël ; elles étaient allongées à terre au pied de l’arbre lui-même, comme on les voit souvent dans la nature au soleil couchant, quand celui-ci inonde et rend réfléchissantes les prairies où des arbres s’élèvent à intervalles réguliers. Mais, par un raffinement d’une […]","https://fr.wikisource.org/wiki/Le_Temps_retrouv%C3%A9%2FII","https://en.wikipedia.org/wiki/Alps"
"7","El tiempo recobrado","Sahara","Lugares citados","23","13","area","fr","[…] et au bout de quelques instants qui semblaient longs aux spectateurs, le vieux fauve dompté, se rappelant qu’il était, non pas libre chez la duchesse, dans ce Sahara dont le paillasson du palier marquait l’entrée, mais chez M de Forcheville, dans la cage du Jardin des Plantes, rentrait dans ses épaules sa tête d’où pendait encore une épaisse crinière dont on n’aurait pu dire si elle était blonde ou blanche, et reprenait son récit. Il semblait n’avoir pas compris ce que M de Forcheville avait voulu dire et qui, d’ailleurs, généralement n’avait pas grand sens. Il lui permettait d’avoir des amis à dîner avec lui. […]","https://fr.wikisource.org/wiki/Le_Temps_retrouv%C3%A9%2FIII","https://en.wikipedia.org/wiki/Sahara"
