"Sección","Título","Lugar","Categoría","Latitud","Longitud","Precisión","Idioma original","Pasaje original","Fuente textual","Fuente de coordenadas"
"1","Telemachus","Paris","Lugares citados","48.8567","2.3522","area","en","—O, damn you and your Paris fads! Buck Mulligan said. I want Sandycove milk.","https://www.gutenberg.org/files/4300/4300-h/4300-h.htm#link2HCH0001","https://en.wikipedia.org/wiki/Paris"
"1","Telemachus","Atenas","Lugares citados","37.98416667","23.72805556","area","en","—My name is absurd too: Malachi Mulligan, two dactyls. But it has a Hellenic ring, hasn’t it? Tripping and sunny like the buck himself. We must go to Athens. Will you come if I can get the aunt to fork out twenty quid?","https://www.gutenberg.org/files/4300/4300-h/4300-h.htm#link2HCH0001","https://en.wikipedia.org/wiki/Athens"
"1","Telemachus","Inglaterra","Lugares citados","53.13","-1.38","area","en","—I can quite understand that, he said calmly. An Irishman must think like that, I daresay. We feel in England that we have treated you rather unfairly. It seems history is to blame.","https://www.gutenberg.org/files/4300/4300-h/4300-h.htm#link2HCH0001","https://en.wikipedia.org/wiki/England"
"2","Nestor","Paris","Lugares citados","48.8567","2.3522","area","en","[…] itself within the gabbled verses and floated out into the studious silence of the library of Saint Genevieve where he had read, sheltered from the sin of Paris, night by night. By his elbow a delicate Siamese conned a handbook of strategy. Fed and feeding brains about me: under glowlamps, impaled, with faintly beating feelers: and in my mind’s darkness a sloth of the underworld, reluctant, shy of brightness, shifting her dragon scaly folds. Thought is the thought of thought. Tranquil brightness. The soul is in a manner all that is: the soul is the form of forms. Tranquility sudden, vast, candescent: form of […]","https://www.gutenberg.org/files/4300/4300-h/4300-h.htm#link2HCH0002","https://en.wikipedia.org/wiki/Paris"
"2","Nestor","Inglaterra","Lugares citados","53.13","-1.38","area","en","—Mark my words, Mr Dedalus, he said. England is in the hands of the jews. In all the highest places: her finance, her press. And they are the signs of a nation’s decay. Wherever they gather they eat up the nation’s vital strength. I have seen it coming these years. As sure as we are standing here the jew merchants are already at their work of destruction. Old England is dying.","https://www.gutenberg.org/files/4300/4300-h/4300-h.htm#link2HCH0002","https://en.wikipedia.org/wiki/England"
"2","Nestor","Austria","Lugares citados","47.33333333","13.33333333","area","en","Foot and mouth disease. Known as Koch’s preparation. Serum and virus. Percentage of salted horses. Rinderpest. Emperor’s horses at Mürzsteg, lower Austria. Veterinary surgeons. Mr Henry Blackwood Price. Courteous offer a fair trial. Dictates of common sense. Allimportant question. In every sense of the word take the bull by the horns. Thanking you for the hospitality of your columns.","https://www.gutenberg.org/files/4300/4300-h/4300-h.htm#link2HCH0002","https://en.wikipedia.org/wiki/Austria"
"3","Proteus","Paris","Lugares citados","48.8567","2.3522","area","en","Patrice, home on furlough, lapped warm milk with me in the bar MacMahon. Son of the wild goose, Kevin Egan of Paris. My father’s a bird, he lapped the sweet lait chaud with pink young tongue, plump bunny’s face. Lap, lapin. He hopes to win in the gros lots. About the nature of women he read in Michelet. But he must send me La Vie de Jésus by M. Léo Taxil. Lent it to his friend.","https://www.gutenberg.org/files/4300/4300-h/4300-h.htm#link2HCH0003","https://en.wikipedia.org/wiki/Paris"
"3","Proteus","Francia","Lugares citados","47","2","area","en","[…] skirt, frisky as a young thing’s. Spurned and undespairing. Tell Pat you saw me, won’t you? I wanted to get poor Pat a job one time. Mon fils, soldier of France. I taught him to sing The boys of Kilkenny are stout roaring blades. Know that old lay? I taught Patrice that. Old Kilkenny: saint Canice, Strongbow’s castle on the Nore. Goes like this. O, O. He takes me, Napper Tandy, by the hand.","https://www.gutenberg.org/files/4300/4300-h/4300-h.htm#link2HCH0003","https://www.wikidata.org/wiki/Q142"
"3","Proteus","Egipto","Lugares citados","27","29","area","en","[…] what in the other devil’s name? Paysayenn. P. C. N., you know: physiques, chimiques et naturelles. Aha. Eating your groatsworth of mou en civet, fleshpots of Egypt, elbowed by belching cabmen. Just say in the most natural tone: when I was in Paris; boul’ Mich’, I used to. Yes, used to carry punched tickets to prove an alibi if they arrested you for murder somewhere. Justice. On the night of the seventeenth of February 1904 the prisoner was seen by two witnesses. Other fellow did it: other me. Hat, tie, overcoat, nose. Lui, c’est moi. You seem to have enjoyed yourself.","https://www.gutenberg.org/files/4300/4300-h/4300-h.htm#link2HCH0003","https://www.wikidata.org/wiki/Q79"
"3","Proteus","Europa","Lugares citados","53.5","15.5","area","en","You were going to do wonders, what? Missionary to Europe after fiery Columbanus. Fiacre and Scotus on their creepystools in heaven spilt from their pintpots, loudlatinlaughing: Euge! Euge! Pretending to speak broken English as you dragged your valise, porter threepence, across the slimy pier at Newhaven. Comment? Rich booty you brought back; Le Tutu, five tattered numbers of Pantalon Blanc et Culotte Rouge; a blue French telegram, curiosity to show:","https://www.gutenberg.org/files/4300/4300-h/4300-h.htm#link2HCH0003","https://www.wikidata.org/wiki/Q46"
"4","Calypso","Londres","Lugares citados","51.50722222","-0.1275","area","en","[…] bared knees. Something new and easy. No great hurry. Keep it a bit. Our prize titbit: Matcham’s Masterstroke. Written by Mr Philip Beaufoy, Playgoers’ Club, London. Payment at the rate of one guinea a column has been made to the writer. Three and a half. Three pounds three. Three pounds, thirteen and six.","https://www.gutenberg.org/files/4300/4300-h/4300-h.htm#link2HCH0004","https://en.wikipedia.org/wiki/London"
"4","Calypso","Gibraltar","Lugares citados","36.14","-5.35","area","en","[…] then a warm heavy sigh, softer, as she turned over and the loose brass quoits of the bedstead jingled. Must get those settled really. Pity. All the way from Gibraltar. Forgotten any little Spanish she knew. Wonder what her father gave for it. Old style. Ah yes! of course. Bought it at the governor’s auction. Got a short knock. Hard as nails at a bargain, old Tweedy. Yes, sir. At Plevna that was. I rose from the ranks, sir, and I’m proud of it. Still he had brains enough to make that corner in stamps. Now that was farseeing.","https://www.gutenberg.org/files/4300/4300-h/4300-h.htm#link2HCH0004","https://en.wikipedia.org/wiki/Gibraltar"
"4","Calypso","Berlín","Lugares citados","52.52","13.405","area","en","[…] of the crop. Your name entered for life as owner in the book of the union. Can pay ten down and the balance in yearly instalments. Bleibtreustrasse 34, Berlin, W. 15.","https://www.gutenberg.org/files/4300/4300-h/4300-h.htm#link2HCH0004","https://en.wikipedia.org/wiki/Berlin"
"4","Calypso","España","Lugares citados","40.2","-3.5","area","en","[…] year. They fetched high prices too, Moisel told me. Arbutus place: Pleasants street: pleasant old times. Must be without a flaw, he said. Coming all that way: Spain, Gibraltar, Mediterranean, the Levant. Crates lined up on the quayside at Jaffa, chap ticking them off in a book, navvies handling them barefoot in soiled dungarees. There’s whatdoyoucallhim out of. How do you? Doesn’t see. Chap you know just to salute bit of a bore. His back is like that Norwegian captain’s. Wonder if I’ll meet him today. Watering cart. To provoke the rain. On earth as it is in heaven.","https://www.gutenberg.org/files/4300/4300-h/4300-h.htm#link2HCH0004","https://www.wikidata.org/wiki/Q29"
"4","Calypso","Greece","Lugares citados","39","22","area","en","[…] you put milk in. Not unlike her with her hair down: slimmer. Three and six I gave for the frame. She said it would look nice over the bed. Naked nymphs: Greece: and for instance all the people that lived then.","https://www.gutenberg.org/files/4300/4300-h/4300-h.htm#link2HCH0004","https://en.wikipedia.org/wiki/Greece"
"4","Calypso","Mar Mediterráneo","Lugares citados","35","18","area","en","[…] high prices too, Moisel told me. Arbutus place: Pleasants street: pleasant old times. Must be without a flaw, he said. Coming all that way: Spain, Gibraltar, Mediterranean, the Levant. Crates lined up on the quayside at Jaffa, chap ticking them off in a book, navvies handling them barefoot in soiled dungarees. There’s whatdoyoucallhim out of. How do you? Doesn’t see. Chap you know just to salute bit of a bore. His back is like that Norwegian captain’s. Wonder if I’ll meet him today. Watering cart. To provoke the rain. On earth as it is in heaven.","https://www.gutenberg.org/files/4300/4300-h/4300-h.htm#link2HCH0004","https://en.wikipedia.org/wiki/Mediterranean_Sea"
"5","Lotus Eaters","Londres","Lugares citados","51.50722222","-0.1275","area","en","[…] Male impersonator. Perhaps he was a woman. Why Ophelia committed suicide. Poor papa! How he used to talk of Kate Bateman in that. Outside the Adelphi in London waited all the afternoon to get in. Year before I was born that was: sixtyfive. And Ristori in Vienna. What is this the right name is? By Mosenthal it is. Rachel, is it? No. The scene he was always talking about where the old blind Abraham recognises the voice and puts his fingers on his face.","https://www.gutenberg.org/files/4300/4300-h/4300-h.htm#link2HCH0005","https://en.wikipedia.org/wiki/London"
"5","Lotus Eaters","Roma","Lugares citados","41.89333333","12.48277778","area","en","[…] Hide her blushes. Salvation army blatant imitation. Reformed prostitute will address the meeting. How I found the Lord. Squareheaded chaps those must be in Rome: they work the whole show. And don’t they rake in the money too? Bequests also: to the P.P. for the time being in his absolute discretion. Masses for the repose of my soul to be said publicly with open doors. Monasteries and convents. The priest in that Fermanagh will case in the witnessbox. No browbeating him. He had his answer pat for everything. Liberty and exaltation of our holy mother the church. The doctors of the church: they mapped out the […]","https://www.gutenberg.org/files/4300/4300-h/4300-h.htm#link2HCH0005","https://en.wikipedia.org/wiki/Rome"
"5","Lotus Eaters","Viena","Lugares citados","48.2083","16.3725","area","en","[…] to talk of Kate Bateman in that. Outside the Adelphi in London waited all the afternoon to get in. Year before I was born that was: sixtyfive. And Ristori in Vienna. What is this the right name is? By Mosenthal it is. Rachel, is it? No. The scene he was always talking about where the old blind Abraham recognises the voice and puts his fingers on his face.","https://www.gutenberg.org/files/4300/4300-h/4300-h.htm#link2HCH0005","https://en.wikipedia.org/wiki/Vienna"
"5","Lotus Eaters","Belfast","Lugares citados","54.5967","-5.93","area","en","—My wife too, he said. She’s going to sing at a swagger affair in the Ulster Hall, Belfast, on the twentyfifth.","https://www.gutenberg.org/files/4300/4300-h/4300-h.htm#link2HCH0005","https://en.wikipedia.org/wiki/Belfast"
"5","Lotus Eaters","China","Lugares citados","35","103","area","en","[…] conversion of Gladstone they had too when he was almost unconscious. The protestants are the same. Convert Dr William J. Walsh D.D. to the true religion. Save China’s millions. Wonder how they explain it to the heathen Chinee. Prefer an ounce of opium. Celestials. Rank heresy for them. Buddha their god lying on his side in the museum. Taking it easy with hand under his cheek. Josssticks burning. Not like Ecce Homo. Crown of thorns and cross. Clever idea Saint Patrick the shamrock. Chopsticks? Conmee: Martin Cunningham knows him: distinguishedlooking. Sorry I didn’t work him about getting Molly into the choir […]","https://www.gutenberg.org/files/4300/4300-h/4300-h.htm#link2HCH0005","https://en.wikipedia.org/wiki/China"
"5","Lotus Eaters","Egipto","Lugares citados","27","29","area","en","[…] Your Christmas dinner for threepence. Jack Fleming embezzling to gamble then smuggled off to America. Keeps a hotel now. They never come back. Fleshpots of Egypt.","https://www.gutenberg.org/files/4300/4300-h/4300-h.htm#link2HCH0005","https://www.wikidata.org/wiki/Q79"
"5","Lotus Eaters","Américas","Lugares citados","19","-96","area","en","[…] boys stealing to put on sixpence. Raffle for large tender turkey. Your Christmas dinner for threepence. Jack Fleming embezzling to gamble then smuggled off to America. Keeps a hotel now. They never come back. Fleshpots of Egypt.","https://www.gutenberg.org/files/4300/4300-h/4300-h.htm#link2HCH0005","https://www.wikidata.org/wiki/Q828"
"6","Hades","Roma","Lugares citados","41.89333333","12.48277778","area","en","—He’s at rest, he said, in the middle of his people, old Dan O’. But his heart is buried in Rome. How many broken hearts are buried here, Simon!","https://www.gutenberg.org/files/4300/4300-h/4300-h.htm#link2HCH0006","https://en.wikipedia.org/wiki/Rome"
"6","Hades","Milán","Lugares citados","45.46694444","9.19","area","en","—Yes, Mr Bloom said, and another thing I often thought, is to have municipal funeral trams like they have in Milan, you know. Run the line out to the cemetery gates and have special trams, hearse and carriage and all. Don’t you see what I mean?","https://www.gutenberg.org/files/4300/4300-h/4300-h.htm#link2HCH0006","https://en.wikipedia.org/wiki/Milan"
"6","Hades","Cork","Lugares citados","51.89722222","-8.47","area","en","—Never better. How are all in Cork’s own town?","https://www.gutenberg.org/files/4300/4300-h/4300-h.htm#link2HCH0006","https://en.wikipedia.org/wiki/Cork_(city)"
"6","Hades","Inglaterra","Lugares citados","53.13","-1.38","area","en","Thursday, of course. Tomorrow is killing day. Springers. Cuffe sold them about twentyseven quid each. For Liverpool probably. Roastbeef for old England. They buy up all the juicy ones. And then the fifth quarter lost: all that raw stuff, hide, hair, horns. Comes to a big thing in a year. Dead meat trade. Byproducts of the slaughterhouses for tanneries, soap, margarine. Wonder if that dodge works now getting dicky meat off the train at Clonsilla.","https://www.gutenberg.org/files/4300/4300-h/4300-h.htm#link2HCH0006","https://en.wikipedia.org/wiki/England"
"6","Hades","Alemania","Lugares citados","51","9","area","en","—I hope not, Martin Cunningham said. That will be a great race tomorrow in Germany. The Gordon Bennett.","https://www.gutenberg.org/files/4300/4300-h/4300-h.htm#link2HCH0006","https://en.wikipedia.org/wiki/Germany"
"6","Hades","China","Lugares citados","35","103","area","en","[…] the bones clean no matter who it was. Ordinary meat for them. A corpse is meat gone bad. Well and what’s cheese? Corpse of milk. I read in that Voyages in China that the Chinese say a white man smells like a corpse. Cremation better. Priests dead against it. Devilling for the other firm. Wholesale burners and Dutch oven dealers. Time of the plague. Quicklime feverpits to eat them. Lethal chamber. Ashes to ashes. Or bury at sea. Where is that Parsee tower of silence? Eaten by birds. Earth, fire, water. Drowning they say is the pleasantest. See your whole life in a flash. But being brought back to life no. […]","https://www.gutenberg.org/files/4300/4300-h/4300-h.htm#link2HCH0006","https://en.wikipedia.org/wiki/China"
"7","Aeolus","Paris","Lugares citados","48.8567","2.3522","area","en","—Paris, past and present, he said. You look like communards.","https://www.gutenberg.org/files/4300/4300-h/4300-h.htm#link2HCH0007","https://en.wikipedia.org/wiki/Paris"
"7","Aeolus","Roma","Lugares citados","41.89333333","12.48277778","area","en","—Wait a moment, professor MacHugh said, raising two quiet claws. We mustn’t be led away by words, by sounds of words. We think of Rome, imperial, imperious, imperative.","https://www.gutenberg.org/files/4300/4300-h/4300-h.htm#link2HCH0007","https://en.wikipedia.org/wiki/Rome"
"7","Aeolus","Viena","Lugares citados","48.2083","16.3725","area","en","—Ay, a grass one, Myles Crawford said, his eye running down the typescript. Emperor’s horses. Habsburg. An Irishman saved his life on the ramparts of Vienna. Don’t you forget! Maximilian Karl O’Donnell, graf von Tirconnell in Ireland. Sent his heir over to make the king an Austrian fieldmarshal now. Going to be trouble there one day. Wild geese. O yes, every time. Don’t you forget that!","https://www.gutenberg.org/files/4300/4300-h/4300-h.htm#link2HCH0007","https://en.wikipedia.org/wiki/Vienna"
"7","Aeolus","Jerusalén","Lugares citados","31.77888889","35.22555556","area","en","[…] he does it. Must require some practice that. mangiD kcirtaP. Poor papa with his hagadah book, reading backwards with his finger to me. Pessach. Next year in Jerusalem. Dear, O dear! All that long business about that brought us out of the land of Egypt and into the house of bondage alleluia. Shema Israel Adonai Elohenu. No, that’s the other. Then the twelve brothers, Jacob’s sons. And then the lamb and the cat and the dog and the stick and the water and the butcher. And then the angel of death kills the butcher and he kills the ox and the dog kills the cat. Sounds a bit silly till you come to look into it well. […]","https://www.gutenberg.org/files/4300/4300-h/4300-h.htm#link2HCH0007","https://en.wikipedia.org/wiki/Jerusalem"
"7","Aeolus","Cork","Lugares citados","51.89722222","-8.47","area","en","—North Cork militia! the editor cried, striding to the mantelpiece. We won every time! North Cork and Spanish officers!","https://www.gutenberg.org/files/4300/4300-h/4300-h.htm#link2HCH0007","https://en.wikipedia.org/wiki/Cork_(city)"
"7","Aeolus","Palestina","Lugares citados","31","35","area","en","—No, Stephen said. I call it A Pisgah Sight of Palestine or The Parable of The Plums.","https://www.gutenberg.org/files/4300/4300-h/4300-h.htm#link2HCH0007","https://en.wikipedia.org/wiki/Palestine_(region)"
"7","Aeolus","Egipto","Lugares citados","27","29","area","en","[…] book, reading backwards with his finger to me. Pessach. Next year in Jerusalem. Dear, O dear! All that long business about that brought us out of the land of Egypt and into the house of bondage alleluia. Shema Israel Adonai Elohenu. No, that’s the other. Then the twelve brothers, Jacob’s sons. And then the lamb and the cat and the dog and the stick and the water and the butcher. And then the angel of death kills the butcher and he kills the ox and the dog kills the cat. Sounds a bit silly till you come to look into it well. Justice it means but it’s everybody eating everyone else. That’s what life is after all. […]","https://www.gutenberg.org/files/4300/4300-h/4300-h.htm#link2HCH0007","https://www.wikidata.org/wiki/Q79"
"7","Aeolus","Canada","Lugares citados","56","-109","area","en","—Good day, Myles, J. J. O’Molloy said, letting the pages he held slip limply back on the file. Is that Canada swindle case on today?","https://www.gutenberg.org/files/4300/4300-h/4300-h.htm#link2HCH0007","https://www.wikidata.org/wiki/Q16"
"7","Aeolus","Europa","Lugares citados","53.5","15.5","area","en","[…] language of the mind. Kyrie eleison! The closetmaker and the cloacamaker will never be lords of our spirit. We are liege subjects of the catholic chivalry of Europe that foundered at Trafalgar and of the empire of the spirit, not an imperium, that went under with the Athenian fleets at Aegospotami. Yes, yes. They went under. Pyrrhus, misled by an oracle, made a last attempt to retrieve the fortunes of Greece. Loyal to a lost cause.","https://www.gutenberg.org/files/4300/4300-h/4300-h.htm#link2HCH0007","https://www.wikidata.org/wiki/Q46"
"7","Aeolus","Greece","Lugares citados","39","22","area","en","[…] went under with the Athenian fleets at Aegospotami. Yes, yes. They went under. Pyrrhus, misled by an oracle, made a last attempt to retrieve the fortunes of Greece. Loyal to a lost cause.","https://www.gutenberg.org/files/4300/4300-h/4300-h.htm#link2HCH0007","https://en.wikipedia.org/wiki/Greece"
"7","Aeolus","Mar Mediterráneo","Lugares citados","35","18","area","en","[…] the professor said. That is fine, isn’t it? It has the prophetic vision. Fuit Ilium! The sack of windy Troy. Kingdoms of this world. The masters of the Mediterranean are fellaheen today.","https://www.gutenberg.org/files/4300/4300-h/4300-h.htm#link2HCH0007","https://en.wikipedia.org/wiki/Mediterranean_Sea"
"8","Lestrygonians","Roma","Lugares citados","41.89333333","12.48277778","area","en","Mr Bloom turned at Gray’s confectioner’s window of unbought tarts and passed the reverend Thomas Connellan’s bookstore. Why I left the church of Rome? Birds’ Nest. Women run him. They say they used to give pauper children soup to change to protestants in the time of the potato blight. Society over the way papa went to for the conversion of poor jews. Same bait. Why we left the church of Rome.","https://www.gutenberg.org/files/4300/4300-h/4300-h.htm#link2HCH0008","https://en.wikipedia.org/wiki/Rome"
"8","Lestrygonians","Inglaterra","Lugares citados","53.13","-1.38","area","en","As he set foot on O’Connell bridge a puffball of smoke plumed up from the parapet. Brewery barge with export stout. England. Sea air sours it, I heard. Be interesting some day get a pass through Hancock to see the brewery. Regular world in itself. Vats of porter wonderful. Rats get in too. Drink themselves bloated as big as a collie floating. Dead drunk on the porter. Drink till they puke again like christians. Imagine drinking that! Rats: vats. Well, of course, if we knew all the things.","https://www.gutenberg.org/files/4300/4300-h/4300-h.htm#link2HCH0008","https://en.wikipedia.org/wiki/England"
"8","Lestrygonians","España","Lugares citados","40.2","-3.5","area","en","[…] Night I went down to the pantry in the kitchen. Don’t like all the smells in it waiting to rush out. What was it she wanted? The Malaga raisins. Thinking of Spain. Before Rudy was born. The phosphorescence, that bluey greeny. Very good for the brain.","https://www.gutenberg.org/files/4300/4300-h/4300-h.htm#link2HCH0008","https://www.wikidata.org/wiki/Q29"
"8","Lestrygonians","China","Lugares citados","35","103","area","en","He passed, dallying, the windows of Brown Thomas, silk mercers. Cascades of ribbons. Flimsy China silks. A tilted urn poured from its mouth a flood of bloodhued poplin: lustrous blood. The huguenots brought that here. La causa è santa! Tara tara. Great chorus that. Taree tara. Must be washed in rainwater. Meyerbeer. Tara: bom bom bom.","https://www.gutenberg.org/files/4300/4300-h/4300-h.htm#link2HCH0008","https://en.wikipedia.org/wiki/China"
"8","Lestrygonians","Babylon","Lugares citados","32.5425","44.42111111111111","area","en","[…] have all the gold. Swindle in it somewhere. Piled up in cities, worn away age after age. Pyramids in sand. Built on bread and onions. Slaves Chinese wall. Babylon. Big stones left. Round towers. Rest rubble, sprawling suburbs, jerrybuilt. Kerwan’s mushroom houses built of breeze. Shelter, for the night.","https://www.gutenberg.org/files/4300/4300-h/4300-h.htm#link2HCH0008","https://www.wikidata.org/wiki/Q5684"
"8","Lestrygonians","Nueva York","Lugares citados","40.71277777777778","-74.00611111111111","area","en","[…] he have, not seeing? Life a dream for him. Where is the justice being born that way? All those women and children excursion beanfeast burned and drowned in New York. Holocaust. Karma they call that transmigration for sins you did in a past life the reincarnation met him pike hoses. Dear, dear, dear. Pity, of course: but somehow you can’t cotton on to them someway.","https://www.gutenberg.org/files/4300/4300-h/4300-h.htm#link2HCH0008","https://www.wikidata.org/wiki/Q60"
"9","Scylla and Charybdis","Londres","Lugares citados","51.50722222","-0.1275","area","en","[…] is a ghost? Stephen said with tingling energy. One who has faded into impalpability through death, through absence, through change of manners. Elizabethan London lay as far from Stratford as corrupt Paris lies from virgin Dublin. Who is the ghost from limbo patrum, returning to the world that has forgotten him? Who is King Hamlet?","https://www.gutenberg.org/files/4300/4300-h/4300-h.htm#link2HCH0009","https://en.wikipedia.org/wiki/London"
"9","Scylla and Charybdis","Paris","Lugares citados","48.8567","2.3522","area","en","—Mallarmé, don’t you know, he said, has written those wonderful prose poems Stephen MacKenna used to read to me in Paris. The one about Hamlet. He says: il se promène, lisant au livre de lui-même, don’t you know, reading the book of himself. He describes Hamlet given in a French town, don’t you know, a provincial town. They advertised it.","https://www.gutenberg.org/files/4300/4300-h/4300-h.htm#link2HCH0009","https://en.wikipedia.org/wiki/Paris"
"9","Scylla and Charybdis","Cork","Lugares citados","51.89722222","-8.47","area","en","—All the leading provincial... Northern Whig, Cork Examiner, Enniscorthy Guardian, 1903... Will you please?... Evans, conduct this gentleman... If you just follow the atten... Or, please allow me... This way... Please, sir...","https://www.gutenberg.org/files/4300/4300-h/4300-h.htm#link2HCH0009","https://en.wikipedia.org/wiki/Cork_(city)"
"9","Scylla and Charybdis","Berlín","Lugares citados","52.52","13.405","area","en","[…] payment for it since you don’t believe it yourself. Dowden believes there is some mystery in Hamlet but will say no more. Herr Bleibtreu, the man Piper met in Berlin, who is working up that Rutland theory, believes that the secret is hidden in the Stratford monument. He is going to visit the present duke, Piper says, and prove to him that his ancestor wrote the plays. It will come as a surprise to his grace. But he believes his theory.","https://www.gutenberg.org/files/4300/4300-h/4300-h.htm#link2HCH0009","https://en.wikipedia.org/wiki/Berlin"
"9","Scylla and Charybdis","Inglaterra","Lugares citados","53.13","-1.38","area","en","We feel in England. Penitent thief. Gone. I smoked his baccy. Green twinkling stone. An emerald set in the ring of the sea.","https://www.gutenberg.org/files/4300/4300-h/4300-h.htm#link2HCH0009","https://en.wikipedia.org/wiki/England"
"9","Scylla and Charybdis","Francia","Lugares citados","47","2","area","en","[…] the earth is not an exploitable ground but the living mother. The rarefied air of the academy and the arena produce the sixshilling novel, the musichall song. France produces the finest flower of corruption in Mallarmé but the desirable life is revealed only to the poor of heart, the life of Homer’s Phæacians.","https://www.gutenberg.org/files/4300/4300-h/4300-h.htm#link2HCH0009","https://www.wikidata.org/wiki/Q142"
"9","Scylla and Charybdis","Italy","Lugares citados","43","12","area","en","STEPHEN: (Stringendo) He has hidden his own name, a fair name, William, in the plays, a super here, a clown there, as a painter of old Italy set his face in a dark corner of his canvas. He has revealed it in the sonnets where there is Will in overplus. Like John o’Gaunt his name is dear to him, as dear as the coat and crest he toadied for, on a bend sable a spear or steeled argent, honorificabilitudinitatibus, dearer than his glory of greatest shakescene in the country. What’s in a name? That is what we ask ourselves in childhood when we write the name that we are told is ours. A star, a […]","https://www.gutenberg.org/files/4300/4300-h/4300-h.htm#link2HCH0009","https://en.wikipedia.org/wiki/Italy"
"9","Scylla and Charybdis","Alemania","Lugares citados","51","9","area","en","—He was made in Germany, Stephen replied, as the champion French polisher of Italian scandals.","https://www.gutenberg.org/files/4300/4300-h/4300-h.htm#link2HCH0009","https://en.wikipedia.org/wiki/Germany"
"9","Scylla and Charybdis","Egipto","Lugares citados","27","29","area","en","[…] John. Hamlet, the black prince, is Hamnet Shakespeare. Who the girls in The Tempest, in Pericles, in Winter’s Tale are we know. Who Cleopatra, fleshpot of Egypt, and Cressid and Venus are we may guess. But there is another member of his family who is recorded.","https://www.gutenberg.org/files/4300/4300-h/4300-h.htm#link2HCH0009","https://www.wikidata.org/wiki/Q79"
"9","Scylla and Charybdis","Europa","Lugares citados","53.5","15.5","area","en","[…] an apostolic succession, from only begetter to only begotten. On that mystery and not on the madonna which the cunning Italian intellect flung to the mob of Europe the church is founded and founded irremovably because founded, like the world, macro and microcosm, upon the void. Upon incertitude, upon unlikelihood. Amor matris, subjective and objective genitive, may be the only true thing in life. Paternity may be a legal fiction. Who is the father of any son that any son should love him or he any son?","https://www.gutenberg.org/files/4300/4300-h/4300-h.htm#link2HCH0009","https://www.wikidata.org/wiki/Q46"
"9","Scylla and Charybdis","Babylon","Lugares citados","32.5425","44.42111111111111","area","en","[…] hiding, a runaway in blighted treeforks, from hue and cry. Knowing no vixen, walking lonely in the chase. Women he won to him, tender people, a whore of Babylon, ladies of justices, bully tapsters’ wives. Fox and geese. And in New Place a slack dishonoured body that once was comely, once as sweet, as fresh as cinnamon, now her leaves falling, all, bare, frighted of the narrow grave and unforgiven.","https://www.gutenberg.org/files/4300/4300-h/4300-h.htm#link2HCH0009","https://www.wikidata.org/wiki/Q5684"
"10","Wandering Rocks","Londres","Lugares citados","51.50722222","-0.1275","area","en","[…] waters. And her boys, were they getting on well at Belvedere? Was that so? Father Conmee was very glad indeed to hear that. And Mr Sheehy himself? Still in London. The house was still sitting, to be sure it was. Beautiful weather it was, delightful indeed. Yes, it was very probable that Father Bernard Vaughan would come again to preach. O, yes: a very great success. A wonderful man really.","https://www.gutenberg.org/files/4300/4300-h/4300-h.htm#link2HCH0010","https://en.wikipedia.org/wiki/London"
"10","Wandering Rocks","Paris","Lugares citados","48.8567","2.3522","area","en","A Stuart face of nonesuch Charles, lank locks falling at its sides. It glowed as she crouched feeding the fire with broken boots. I told her of Paris. Late lieabed under a quilt of old overcoats, fingering a pinchbeck bracelet, Dan Kelly’s token. Nebrakada femininum.","https://www.gutenberg.org/files/4300/4300-h/4300-h.htm#link2HCH0010","https://en.wikipedia.org/wiki/Paris"
"10","Wandering Rocks","Viena","Lugares citados","48.2083","16.3725","area","en","[…] nodding curtly. I see. I tackled him this morning on belief. There was something on his mind, I saw. It’s rather interesting because professor Pokorny of Vienna makes an interesting point out of that.","https://www.gutenberg.org/files/4300/4300-h/4300-h.htm#link2HCH0010","https://en.wikipedia.org/wiki/Vienna"
"10","Wandering Rocks","Belfast","Lugares citados","54.5967","-5.93","area","en","—Hello. Yes, sir. No, sir. Yes, sir. I’ll ring them up after five. Only those two, sir, for Belfast and Liverpool. All right, sir. Then I can go after six if you’re not back. A quarter after. Yes, sir. Twentyseven and six. I’ll tell him. Yes: one, seven, six.","https://www.gutenberg.org/files/4300/4300-h/4300-h.htm#link2HCH0010","https://en.wikipedia.org/wiki/Belfast"
"10","Wandering Rocks","Cork","Lugares citados","51.89722222","-8.47","area","en","John Wyse Nolan, lagging behind, reading the list, came after them quickly down Cork hill.","https://www.gutenberg.org/files/4300/4300-h/4300-h.htm#link2HCH0010","https://en.wikipedia.org/wiki/Cork_(city)"
"10","Wandering Rocks","Américas","Lugares citados","19","-96","area","en","[…] baconflitches and ample cools of butter. He passed Grogan’s the Tobacconist against which newsboards leaned and told of a dreadful catastrophe in New York. In America those things were continually happening. Unfortunate people to die like that, unprepared. Still, an act of perfect contrition.","https://www.gutenberg.org/files/4300/4300-h/4300-h.htm#link2HCH0010","https://www.wikidata.org/wiki/Q828"
"10","Wandering Rocks","Nueva York","Lugares citados","40.71277777777778","-74.00611111111111","area","en","[…] came from baconflitches and ample cools of butter. He passed Grogan’s the Tobacconist against which newsboards leaned and told of a dreadful catastrophe in New York. In America those things were continually happening. Unfortunate people to die like that, unprepared. Still, an act of perfect contrition.","https://www.gutenberg.org/files/4300/4300-h/4300-h.htm#link2HCH0010","https://www.wikidata.org/wiki/Q60"
"11","Sirens","Gibraltar","Lugares citados","36.14","-5.35","area","en","—From the rock of Gibraltar... all the way.","https://www.gutenberg.org/files/4300/4300-h/4300-h.htm#link2HCH0011","https://en.wikipedia.org/wiki/Gibraltar"
"11","Sirens","Cork","Lugares citados","51.89722222","-8.47","area","en","Glorious tone he has still. Cork air softer also their brogue. Silly man! Could have made oceans of money. Singing wrong words. Wore out his wife: now sings. But hard to tell. Only the two themselves. If he doesn’t break down. Keep a trot for the avenue. His hands and feet sing too. Drink. Nerves overstrung. Must be abstemious to sing. Jenny Lind soup: stock, sage, raw eggs, half pint of cream. For creamy dreamy.","https://www.gutenberg.org/files/4300/4300-h/4300-h.htm#link2HCH0011","https://en.wikipedia.org/wiki/Cork_(city)"
"11","Sirens","Madrid","Lugares citados","40.4169","-3.7033","area","en","[…] Bosom I saw, both full, throat warbling. First I saw. She thanked me. Why did she me? Fate. Spanishy eyes. Under a peartree alone patio this hour in old Madrid one side in shadow Dolores shedolores. At me. Luring. Ah, alluring.","https://www.gutenberg.org/files/4300/4300-h/4300-h.htm#link2HCH0011","https://en.wikipedia.org/wiki/Madrid"
"11","Sirens","Egipto","Lugares citados","27","29","area","en","Miss Douce took Boylan’s coin, struck boldly the cashregister. It clanged. Clock clacked. Fair one of Egypt teased and sorted in the till and hummed and handed coins in change. Look to the west. A clack. For me.","https://www.gutenberg.org/files/4300/4300-h/4300-h.htm#link2HCH0011","https://www.wikidata.org/wiki/Q79"
"12","Cyclops","Londres","Lugares citados","51.50722222","-0.1275","area","en","[…] road, Stockwell, Playwood and Ridsdale at Saint Jude’s, Kensington by the very reverend Dr Forrest, dean of Worcester. Eh? Deaths. Bristow, at Whitehall lane, London: Carr, Stoke Newington, of gastritis and heart disease: Cockburn, at the Moat house, Chepstow...","https://www.gutenberg.org/files/4300/4300-h/4300-h.htm#link2HCH0012","https://en.wikipedia.org/wiki/London"
"12","Cyclops","Paris","Lugares citados","48.8567","2.3522","area","en","—They’re not European, says the citizen. I was in Europe with Kevin Egan of Paris. You wouldn’t see a trace of them or their language anywhere in Europe except in a cabinet d’aisance.","https://www.gutenberg.org/files/4300/4300-h/4300-h.htm#link2HCH0012","https://en.wikipedia.org/wiki/Paris"
"12","Cyclops","Roma","Lugares citados","41.89333333","12.48277778","area","en","[…] auspices of Sluagh na h-Eireann, on the revival of ancient Gaelic sports and the importance of physical culture, as understood in ancient Greece and ancient Rome and ancient Ireland, for the development of the race. The venerable president of the noble order was in the chair and the attendance was of large dimensions. After an instructive discourse by the chairman, a magnificent oration eloquently and forcibly expressed, a most interesting and instructive discussion of the usual high standard of excellence ensued as to the desirability of the revivability of the ancient games and sports of our ancient […]","https://www.gutenberg.org/files/4300/4300-h/4300-h.htm#link2HCH0012","https://en.wikipedia.org/wiki/Rome"
"12","Cyclops","Hungría","Lugares citados","47","20","area","en","—He’s a perverted jew, says Martin, from a place in Hungary and it was he drew up all the plans according to the Hungarian system. We know that in the castle.","https://www.gutenberg.org/files/4300/4300-h/4300-h.htm#link2HCH0012","https://en.wikipedia.org/wiki/Hungary"
"12","Cyclops","Gibraltar","Lugares citados","36.14","-5.35","area","en","[…] from the Carmelite convent in New Ross, nothing like it in the whole wide world. Where are the Greek merchants that came through the pillars of Hercules, the Gibraltar now grabbed by the foe of mankind, with gold and Tyrian purple to sell in Wexford at the fair of Carmen? Read Tacitus and Ptolemy, even Giraldus Cambrensis. Wine, peltries, Connemara marble, silver from Tipperary, second to none, our farfamed horses even today, the Irish hobbies, with king Philip of Spain offering to pay customs duties for the right to fish in our waters. What do the yellowjohns of Anglia owe us for our ruined trade and our […]","https://www.gutenberg.org/files/4300/4300-h/4300-h.htm#link2HCH0012","https://en.wikipedia.org/wiki/Gibraltar"
"12","Cyclops","Jerusalén","Lugares citados","31.77888889","35.22555556","area","en","—Are you talking about the new Jerusalem? says the citizen.","https://www.gutenberg.org/files/4300/4300-h/4300-h.htm#link2HCH0012","https://en.wikipedia.org/wiki/Jerusalem"
"12","Cyclops","Monte Carlo","Lugares citados","43.73972222","7.42722222","area","en","[…] Theobald Wolfe Tone, the Mother of the Maccabees, the Last of the Mohicans, the Rose of Castile, the Man for Galway, The Man that Broke the Bank at Monte Carlo, The Man in the Gap, The Woman Who Didn’t, Benjamin Franklin, Napoleon Bonaparte, John L. Sullivan, Cleopatra, Savourneen Deelish, Julius Caesar, Paracelsus, sir Thomas Lipton, William Tell, Michelangelo Hayes, Muhammad, the Bride of Lammermoor, Peter the Hermit, Peter the Packer, Dark Rosaleen, Patrick W. Shakespeare, Brian Confucius, Murtagh Gutenberg, Patricio Velasquez, Captain Nemo, Tristan and Isolde, the first Prince of Wales, Thomas […]","https://www.gutenberg.org/files/4300/4300-h/4300-h.htm#link2HCH0012","https://en.wikipedia.org/wiki/Monte_Carlo"
"12","Cyclops","Inglaterra","Lugares citados","53.13","-1.38","area","en","[…] text God is love pasted round the mouth of his cannon? The bible! Did you read that skit in the United Irishman today about that Zulu chief that’s visiting England?","https://www.gutenberg.org/files/4300/4300-h/4300-h.htm#link2HCH0012","https://en.wikipedia.org/wiki/England"
"12","Cyclops","Francia","Lugares citados","47","2","area","en","[…] for the royal Stuarts that reneged us against the Williamites and they betrayed us. Remember Limerick and the broken treatystone. We gave our best blood to France and Spain, the wild geese. Fontenoy, eh? And Sarsfield and O’Donnell, duke of Tetuan in Spain, and Ulysses Browne of Camus that was fieldmarshal to Maria Teresa. But what did we ever get for it?","https://www.gutenberg.org/files/4300/4300-h/4300-h.htm#link2HCH0012","https://www.wikidata.org/wiki/Q142"
"12","Cyclops","España","Lugares citados","40.2","-3.5","area","en","[…] Cambrensis. Wine, peltries, Connemara marble, silver from Tipperary, second to none, our farfamed horses even today, the Irish hobbies, with king Philip of Spain offering to pay customs duties for the right to fish in our waters. What do the yellowjohns of Anglia owe us for our ruined trade and our ruined hearths? And the beds of the Barrow and Shannon they won’t deepen with millions of acres of marsh and bog to make us all die of consumption?","https://www.gutenberg.org/files/4300/4300-h/4300-h.htm#link2HCH0012","https://www.wikidata.org/wiki/Q29"
"12","Cyclops","Portugal","Lugares citados","39","-8","area","en","—As treeless as Portugal we’ll be soon, says John Wyse, or Heligoland with its one tree if something is not done to reafforest the land. Larches, firs, all the trees of the conifer family are going fast. I was reading a report of lord Castletown’s...","https://www.gutenberg.org/files/4300/4300-h/4300-h.htm#link2HCH0012","https://en.wikipedia.org/wiki/Portugal"
"12","Cyclops","Bretaña","Lugares citados","48","-3","area","en","[…] and S. Senan and S. Fachtna and S. Columbanus and S. Gall and S. Fursey and S. Fintan and S. Fiacre and S. John Nepomuc and S. Thomas Aquinas and S. Ives of Brittany and S. Michan and S. Herman-Joseph and the three patrons of holy youth S. Aloysius Gonzaga and S. Stanislaus Kostka and S. John Berchmans and the saints Gervasius, Servasius and Bonifacius and S. Bride and S. Kieran and S. Canice of Kilkenny and S. Jarlath of Tuam and S. Finbarr and S. Pappin of Ballymun and Brother Aloysius Pacificus and Brother Louis Bellicosus and the saints Rose of Lima and of Viterbo and S. Martha of Bethany and S. Mary of […]","https://www.gutenberg.org/files/4300/4300-h/4300-h.htm#link2HCH0012","https://en.wikipedia.org/wiki/Brittany"
"12","Cyclops","India","Lugares citados","21","78","area","en","[…] by grace of God of the United Kingdom of Great Britain and Ireland and of the British dominions beyond the sea, queen, defender of the faith, Empress of India, even she, who bore rule, a victress over many peoples, the wellbeloved, for they knew and loved her from the rising of the sun to the going down thereof, the pale, the dark, the ruddy and the ethiop.","https://www.gutenberg.org/files/4300/4300-h/4300-h.htm#link2HCH0012","https://en.wikipedia.org/wiki/India"
"12","Cyclops","Egipto","Lugares citados","27","29","area","en","[…] of Ballymun and Brother Aloysius Pacificus and Brother Louis Bellicosus and the saints Rose of Lima and of Viterbo and S. Martha of Bethany and S. Mary of Egypt and S. Lucy and S. Brigid and S. Attracta and S. Dympna and S. Ita and S. Marion Calpensis and the Blessed Sister Teresa of the Child Jesus and S. Barbara and S. Scholastica and S. Ursula with eleven thousand virgins. And all came with nimbi and aureoles and gloriae, bearing palms and harps and swords and olive crowns, in robes whereon were woven the blessed symbols of their efficacies, inkhorns, arrows, loaves, cruses, fetters, axes, trees, bridges, […]","https://www.gutenberg.org/files/4300/4300-h/4300-h.htm#link2HCH0012","https://www.wikidata.org/wiki/Q79"
"12","Cyclops","Canada","Lugares citados","56","-109","area","en","—How did that Canada swindle case go off? says Joe.","https://www.gutenberg.org/files/4300/4300-h/4300-h.htm#link2HCH0012","https://www.wikidata.org/wiki/Q16"
"12","Cyclops","Américas","Lugares citados","19","-96","area","en","[…] were laid low by the batteringram and the Times rubbed its hands and told the whitelivered Saxons there would soon be as few Irish in Ireland as redskins in America. Even the Grand Turk sent us his piastres. But the Sassenach tried to starve the nation at home while the land was full of crops that the British hyenas bought and sold in Rio de Janeiro. Ay, they drove out the peasants in hordes. Twenty thousand of them died in the coffinships. But those that came to the land of the free remember the land of bondage. And they will come again and with a vengeance, no cravens, the sons of Granuaile, the champions of […]","https://www.gutenberg.org/files/4300/4300-h/4300-h.htm#link2HCH0012","https://www.wikidata.org/wiki/Q828"
"12","Cyclops","Europa","Lugares citados","53.5","15.5","area","en","—They’re not European, says the citizen. I was in Europe with Kevin Egan of Paris. You wouldn’t see a trace of them or their language anywhere in Europe except in a cabinet d’aisance.","https://www.gutenberg.org/files/4300/4300-h/4300-h.htm#link2HCH0012","https://www.wikidata.org/wiki/Q46"
"12","Cyclops","Greece","Lugares citados","39","22","area","en","[…] Bheag, under the auspices of Sluagh na h-Eireann, on the revival of ancient Gaelic sports and the importance of physical culture, as understood in ancient Greece and ancient Rome and ancient Ireland, for the development of the race. The venerable president of the noble order was in the chair and the attendance was of large dimensions. After an instructive discourse by the chairman, a magnificent oration eloquently and forcibly expressed, a most interesting and instructive discussion of the usual high standard of excellence ensued as to the desirability of the revivability of the ancient games and sports of […]","https://www.gutenberg.org/files/4300/4300-h/4300-h.htm#link2HCH0012","https://en.wikipedia.org/wiki/Greece"
"13","Nausícaa","Londres","Lugares citados","51.50722222","-0.1275","area","en","[…] him cooling in his attentions when it was simply a lovers’ quarrel. As per usual somebody’s nose was out of joint about the boy that had the bicycle off the London bridge road always riding up and down in front of her window. Only now his father kept him in in the evenings studying hard to get an exhibition in the intermediate that was on and he was going to go to Trinity college to study for a doctor when he left the high school like his brother W. E. Wylie who was racing in the bicycle races in Trinity college university. Little recked he perhaps for what she felt, that dull aching void in her heart […]","https://www.gutenberg.org/files/4300/4300-h/4300-h.htm#link2HCH0013","https://en.wikipedia.org/wiki/London"
"13","Nausícaa","Gibraltar","Lugares citados","36.14","-5.35","area","en","[…] at night, calling, wakening me. Frightened she was when her nature came on her first. Poor child! Strange moment for the mother too. Brings back her girlhood. Gibraltar. Looking from Buena Vista. O’Hara’s tower. The seabirds screaming. Old Barbary ape that gobbled all his family. Sundown, gunfire for the men to cross the lines. Looking out over the sea she told me. Evening like this, but clear, no clouds. I always thought I’d marry a lord or a rich gentleman coming with a private yacht. Buenas noches, señorita. El hombre ama la muchacha hermosa. Why me? Because you were so foreign from the others.","https://www.gutenberg.org/files/4300/4300-h/4300-h.htm#link2HCH0013","https://en.wikipedia.org/wiki/Gibraltar"
"13","Nausícaa","Jerusalén","Lugares citados","31.77888889","35.22555556","area","en","[…] today: those girl graduates. Happy chairs under them. But it’s the evening influence. They feel all that. Open like flowers, know their hours, sunflowers, Jerusalem artichokes, in ballrooms, chandeliers, avenues under the lamps. Nightstock in Mat Dillon’s garden where I kissed her shoulder. Wish I had a full length oilpainting of her then. June that was too I wooed. The year returns. History repeats itself. Ye crags and peaks I’m with you once again. Life, love, voyage round your own little world. And now? Sad about her lame of course but must be on your guard not to feel too much pity. They take advantage.","https://www.gutenberg.org/files/4300/4300-h/4300-h.htm#link2HCH0013","https://en.wikipedia.org/wiki/Jerusalem"
"13","Nausícaa","Belfast","Lugares citados","54.5967","-5.93","area","en","Short snooze now if I had. Must be near nine. Liverpool boat long gone. Not even the smoke. And she can do the other. Did too. And Belfast. I won’t go. Race there, race back to Ennis. Let him. Just close my eyes a moment. Won’t sleep, though. Half dream. It never comes the same. Bat again. No harm in him. Just a few.","https://www.gutenberg.org/files/4300/4300-h/4300-h.htm#link2HCH0013","https://en.wikipedia.org/wiki/Belfast"
"13","Nausícaa","Egipto","Lugares citados","27","29","area","en","[…] or a medal on him for luck. Well. And the tephilim no what’s this they call it poor papa’s father had on his door to touch. That brought us out of the land of Egypt and into the house of bondage. Something in all those superstitions because when you go out never know what dangers. Hanging on to a plank or astride of a beam for grim life, lifebelt round him, gulping salt water, and that’s the last of his nibs till the sharks catch hold of him. Do fish ever get seasick?","https://www.gutenberg.org/files/4300/4300-h/4300-h.htm#link2HCH0013","https://www.wikidata.org/wiki/Q79"
"14","Oxen of the Sun","Roma","Lugares citados","41.89333333","12.48277778","area","en","[…] pree. Cut and come again. Right. Boniface! Absinthe the lot. Nos omnes biberimus viridum toxicum diabolus capiat posterioria nostria. Closingtime, gents. Eh? Rome boose for the Bloom toff. I hear you say onions? Bloo? Cadges ads. Photo’s papli, by all that’s gorgeous. Play low, pardner. Slide. Bonsoir la compagnie. And snares of the poxfiend. Where’s the buck and Namby Amby? Skunked? Leg bail. Aweel, ye maun e’en gang yer gates. Checkmate. King to tower. Kind Kristyann wil yu help yung man hoose frend tuk bungellow kee tu find plais whear tu lay crown of his hed 2 night. Crickey, I’m about sprung. Tarnally dog […]","https://www.gutenberg.org/files/4300/4300-h/4300-h.htm#link2HCH0014","https://en.wikipedia.org/wiki/Rome"
"14","Oxen of the Sun","Portugal","Lugares citados","39","-8","area","en","[…] though misbelieving men nie that this be possible thing without they see it natheless they are so. And these fishes lie in an oily water brought there from Portugal land because of the fatness that therein is like to the juices of the olivepress. And also it was a marvel to see in that castle how by magic they make a compost out of fecund wheatkidneys out of Chaldee that by aid of certain angry spirits that they do in to it swells up wondrously like to a vast mountain. And they teach the serpents there to entwine themselves up on long sticks out of the ground and of the scales of these serpents they brew out […]","https://www.gutenberg.org/files/4300/4300-h/4300-h.htm#link2HCH0014","https://en.wikipedia.org/wiki/Portugal"
"14","Oxen of the Sun","Egipto","Lugares citados","27","29","area","en","[…] atrocities (as Tully saith of his darling Stoics) and Hamlet his father showeth the prince no blister of combustion. The adiaphane in the noon of life is an Egypt’s plague which in the nights of prenativity and postmortemity is their most proper ubi and quomodo. And as the ends and ultimates of all things accord in some mean and measure with their inceptions and originals, that same multiplicit concordance which leads forth growth from birth accomplishing by a retrogressive metamorphosis that minishing and ablation towards the final which is agreeable unto nature so is it with our subsolar being. The aged […]","https://www.gutenberg.org/files/4300/4300-h/4300-h.htm#link2HCH0014","https://www.wikidata.org/wiki/Q79"
"14","Oxen of the Sun","Américas","Lugares citados","19","-96","area","en","[…] ported her helm, ran up the jolly Roger, gave three times three, let the bullgine run, pushed off in their bumboat and put to sea to recover the main of America. Which was the occasion, says Mr Vincent, of the composing by a boatswain of that rollicking chanty:","https://www.gutenberg.org/files/4300/4300-h/4300-h.htm#link2HCH0014","https://www.wikidata.org/wiki/Q828"
"14","Oxen of the Sun","Europa","Lugares citados","53.5","15.5","area","en","[…] pipe after like labours in the paternal ingle (a meal of noodles, you may be sure, is aheating), reading through round horned spectacles some paper from the Europe of a month before. But hey, presto, the mirror is breathed on and the young knighterrant recedes, shrivels, dwindles to a tiny speck within the mist. Now he is himself paternal and these about him might be his sons. Who can say? The wise father knows his own child. He thinks of a drizzling night in Hatch street, hard by the bonded stores there, the first. Together (she is a poor waif, a child of shame, yours and mine and of all for a bare shilling […]","https://www.gutenberg.org/files/4300/4300-h/4300-h.htm#link2HCH0014","https://www.wikidata.org/wiki/Q46"
"14","Oxen of the Sun","Babylon","Lugares citados","32.5425","44.42111111111111","area","en","[…] Huuh! Hark! Huuh! Parallax stalks behind and goads them, the lancinating lightnings of whose brow are scorpions. Elk and yak, the bulls of Bashan and of Babylon, mammoth and mastodon, they come trooping to the sunken sea, Lacus Mortis. Ominous revengeful zodiacal host! They moan, passing upon the clouds, horned and capricorned, the trumpeted with the tusked, the lionmaned, the giantantlered, snouter and crawler, rodent, ruminant and pachyderm, all their moving moaning multitude, murderers of the sun.","https://www.gutenberg.org/files/4300/4300-h/4300-h.htm#link2HCH0014","https://www.wikidata.org/wiki/Q5684"
"14","Oxen of the Sun","Nile","Lugares citados","30.1725","31.14","area","en","[…] being. The aged sisters draw us into life: we wail, batten, sport, clip, clasp, sunder, dwindle, die: over us dead they bend. First, saved from waters of old Nile, among bulrushes, a bed of fasciated wattles: at last the cavity of a mountain, an occulted sepulchre amid the conclamation of the hillcat and the ossifrage. And as no man knows the ubicity of his tumulus nor to what processes we shall thereby be ushered nor whether to Tophet or to Edenville in the like way is all hidden when we would backward see from what region of remoteness the whatness of our whoness hath fetched his whenceness.","https://www.gutenberg.org/files/4300/4300-h/4300-h.htm#link2HCH0014","https://en.wikipedia.org/wiki/Nile"
"15","Circe","Londres","Lugares citados","51.50722222","-0.1275","area","en","[…] borealis or a steel foundry? Ah, the brigade, of course. South side anyhow. Big blaze. Might be his house. Beggar’s bush. We’re safe. (He hums cheerfully.) London’s burning, London’s burning! On fire, on fire! (He catches sight of the navvy lurching through the crowd at the farther side of Talbot street.) I’ll miss him. Run. Quick. Better cross here.","https://www.gutenberg.org/files/4300/4300-h/4300-h.htm#link2HCH0015","https://en.wikipedia.org/wiki/London"
"15","Circe","Paris","Lugares citados","48.8567","2.3522","area","en","[…] Centaur. This plebeian Don Juan observed me from behind a hackney car and sent me in double envelopes an obscene photograph, such as are sold after dark on Paris boulevards, insulting to any lady. I have it still. It represents a partially nude señorita, frail and lovely (his wife, as he solemnly assured me, taken by him from nature), practising illicit intercourse with a muscular torero, evidently a blackguard. He urged me to do likewise, to misbehave, to sin with officers of the garrison. He implored me to soil his letter in an unspeakable manner, to chastise him as he richly deserves, to bestride and ride […]","https://www.gutenberg.org/files/4300/4300-h/4300-h.htm#link2HCH0015","https://en.wikipedia.org/wiki/Paris"
"15","Circe","Roma","Lugares citados","41.89333333","12.48277778","area","en","VIRAG: (Arches his eyebrows.) Contact with a goldring, they say. Argumentum ad feminam, as we said in old Rome and ancient Greece in the consulship of Diplodocus and Ichthyosauros. For the rest Eve’s sovereign remedy. Not for sale. Hire only. Huguenot. (He twitches.) It is a funny sound. (He coughs encouragingly.) But possibly it is only a wart. I presume you shall have remembered what I will have taught you on that head? Wheatenmeal with honey and nutmeg.","https://www.gutenberg.org/files/4300/4300-h/4300-h.htm#link2HCH0015","https://en.wikipedia.org/wiki/Rome"
"15","Circe","Szombathely","Lugares citados","47.23512","16.62191","area","en","[…] begat Jones-Smith and Jones-Smith begat Savorgnanovich and Savorgnanovich begat Jasperstone and Jasperstone begat Vingtetunieme and Vingtetunieme begat Szombathely and Szombathely begat Virag and Virag begat Bloom et vocabitur nomen eius Emmanuel.","https://www.gutenberg.org/files/4300/4300-h/4300-h.htm#link2HCH0015","https://en.wikipedia.org/wiki/Szombathely"
"15","Circe","Gibraltar","Lugares citados","36.14","-5.35","area","en","BLOOM: What railway opera is like a tramline in Gibraltar? The Rows of Casteele.","https://www.gutenberg.org/files/4300/4300-h/4300-h.htm#link2HCH0015","https://en.wikipedia.org/wiki/Gibraltar"
"15","Circe","Cork","Lugares citados","51.89722222","-8.47","area","en","[…] of the ratepayers. That the house in which he was born be ornamented with a commemorative tablet and that the thoroughfare hitherto known as Cow Parlour off Cork street be henceforth designated Boulevard Bloom.","https://www.gutenberg.org/files/4300/4300-h/4300-h.htm#link2HCH0015","https://en.wikipedia.org/wiki/Cork_(city)"
"15","Circe","Berlín","Lugares citados","52.52","13.405","area","en","DLUGACZ: (Hoarsely.) Bleibtreustrasse, Berlin, W. 13.","https://www.gutenberg.org/files/4300/4300-h/4300-h.htm#link2HCH0015","https://en.wikipedia.org/wiki/Berlin"
"15","Circe","Inglaterra","Lugares citados","53.13","-1.38","area","en","[…] the trick. Let us sit down somewhere and discuss. Struggle for life is the law of existence but but human philirenists, notably the tsar and the king of England, have invented arbitration. (He taps his brow.) But in here it is I must kill the priest and the king.","https://www.gutenberg.org/files/4300/4300-h/4300-h.htm#link2HCH0015","https://en.wikipedia.org/wiki/England"
"15","Circe","Alemania","Lugares citados","51","9","area","en","[…] artillery company of Massachusetts. He sucks a red jujube. He is robed as a grand elect perfect and sublime mason with trowel and apron, marked made in Germany. In his left hand he holds a plasterer’s bucket on which is printed Défense d’uriner. A roar of welcome greets him.)","https://www.gutenberg.org/files/4300/4300-h/4300-h.htm#link2HCH0015","https://en.wikipedia.org/wiki/Germany"
"15","Circe","Austria","Lugares citados","47.33333333","13.33333333","area","en","[…] (He takes off his high grade hat, saluting.) Dr Bloom, Leopold, dental surgeon. You have heard of von Blum Pasha. Umpteen millions. Donnerwetter! Owns half Austria. Egypt. Cousin.","https://www.gutenberg.org/files/4300/4300-h/4300-h.htm#link2HCH0015","https://en.wikipedia.org/wiki/Austria"
"15","Circe","España","Lugares citados","40.2","-3.5","area","en","OLD GUMMY GRANNY: (Rocking to and fro.) Ireland’s sweetheart, the king of Spain’s daughter, alanna. Strangers in my house, bad manners to them! (She keens with banshee woe.) Ochone! Ochone! Silk of the kine! (She wails.) You met with poor old Ireland and how does she stand?","https://www.gutenberg.org/files/4300/4300-h/4300-h.htm#link2HCH0015","https://www.wikidata.org/wiki/Q29"
"15","Circe","Egipto","Lugares citados","27","29","area","en","[…] off his high grade hat, saluting.) Dr Bloom, Leopold, dental surgeon. You have heard of von Blum Pasha. Umpteen millions. Donnerwetter! Owns half Austria. Egypt. Cousin.","https://www.gutenberg.org/files/4300/4300-h/4300-h.htm#link2HCH0015","https://www.wikidata.org/wiki/Q79"
"15","Circe","África","Lugares citados","0","15","area","en","BLOOM: (To the redcoats.) We fought for you in South Africa, Irish missile troops. Isn’t that history? Royal Dublin Fusiliers. Honoured by our monarch.","https://www.gutenberg.org/files/4300/4300-h/4300-h.htm#link2HCH0015","https://www.wikidata.org/wiki/Q15"
"15","Circe","Asia","Lugares citados","35","108","area","en","[…] I regard him as the whitest man I know. He is down on his luck at present owing to the mortgaging of his extensive property at Agendath Netaim in faraway Asia Minor, slides of which will now be shown. (To Bloom.) I suggest that you will do the handsome thing.","https://www.gutenberg.org/files/4300/4300-h/4300-h.htm#link2HCH0015","https://www.wikidata.org/wiki/Q48"
"15","Circe","Europa","Lugares citados","53.5","15.5","area","en","MYLES CRAWFORD: (His cock’s wattles wagging.) Hello, seventyseven eightfour. Hello. Freeman’s Urinal and Weekly Arsewipe here. Paralyse Europe. You which? Bluebags? Who writes? Is it Bloom?","https://www.gutenberg.org/files/4300/4300-h/4300-h.htm#link2HCH0015","https://www.wikidata.org/wiki/Q46"
"15","Circe","Greece","Lugares citados","39","22","area","en","VIRAG: (Arches his eyebrows.) Contact with a goldring, they say. Argumentum ad feminam, as we said in old Rome and ancient Greece in the consulship of Diplodocus and Ichthyosauros. For the rest Eve’s sovereign remedy. Not for sale. Hire only. Huguenot. (He twitches.) It is a funny sound. (He coughs encouragingly.) But possibly it is only a wart. I presume you shall have remembered what I will have taught you on that head? Wheatenmeal with honey and nutmeg.","https://www.gutenberg.org/files/4300/4300-h/4300-h.htm#link2HCH0015","https://en.wikipedia.org/wiki/Greece"
"15","Circe","Amsterdam","Lugares citados","52.37277778","4.89361111","area","en","[…] to heel, no matter how fractious, even Leo ferox there, the Libyan maneater. A redhot crowbar and some liniment rubbing on the burning part produced Fritz of Amsterdam, the thinking hyena. (He glares.) I possess the Indian sign. The glint of my eye does it with these breastsparklers. (With a bewitching smile.) I now introduce Mademoiselle Ruby, the pride of the ring.","https://www.gutenberg.org/files/4300/4300-h/4300-h.htm#link2HCH0015","https://en.wikipedia.org/wiki/Amsterdam"
"15","Circe","Nueva York","Lugares citados","40.71277777777778","-74.00611111111111","area","en","LYDIA DOUCE: (Her mouth opening.) Yumyum. O, he’s carrying her round the room doing it! Ride a cockhorse. You could hear them in Paris and New York. Like mouthfuls of strawberries and cream.","https://www.gutenberg.org/files/4300/4300-h/4300-h.htm#link2HCH0015","https://www.wikidata.org/wiki/Q60"
"16","Eumaeus","Londres","Lugares citados","51.50722222","-0.1275","area","en","[…] our friend’s bona fides nevertheless it reminded him in a way of a longcherished plan he meant to one day realise some Wednesday or Saturday of travelling to London via long sea not to say that he had ever travelled extensively to any great extent but he was at heart a born adventurer though by a trick of fate he had consistently remained a landlubber except you call going to Holyhead which was his longest. Martin Cunningham frequently said he would work a pass through Egan but some deuced hitch or other eternally cropped up with the net result that the scheme fell through. But even suppose it did come to […]","https://www.gutenberg.org/files/4300/4300-h/4300-h.htm#link2HCH0016","https://en.wikipedia.org/wiki/London"
"16","Eumaeus","Paris","Lugares citados","48.8567","2.3522","area","en","[…] With a touch of fear for the young man beside him whom he furtively scrutinised with an air of some consternation remembering he had just come back from Paris, the eyes more especially reminding him forcibly of father and sister, failing to throw much light on the subject, however, he brought to mind instances of cultured fellows that promised so brilliantly nipped in the bud of premature decay and nobody to blame but themselves. For instance there was the case of O’Callaghan, for one, the halfcrazy faddist, respectably connected though of inadequate means, with his mad vagaries among whose other gay […]","https://www.gutenberg.org/files/4300/4300-h/4300-h.htm#link2HCH0016","https://en.wikipedia.org/wiki/Paris"
"16","Eumaeus","Trieste","Lugares citados","45.65027778","13.77027778","area","en","—And I seen a man killed in Trieste by an Italian chap. Knife in his back. Knife like that.","https://www.gutenberg.org/files/4300/4300-h/4300-h.htm#link2HCH0016","https://en.wikipedia.org/wiki/Trieste"
"16","Eumaeus","Gibraltar","Lugares citados","36.14","-5.35","area","en","—Have you seen the rock of Gibraltar? Mr Bloom inquired.","https://www.gutenberg.org/files/4300/4300-h/4300-h.htm#link2HCH0016","https://en.wikipedia.org/wiki/Gibraltar"
"16","Eumaeus","Belfast","Lugares citados","54.5967","-5.93","area","en","[…] his own truly miraculous escape of some little while back. They passed the main entrance of the Great Northern railway station, the starting point for Belfast, where of course all traffic was suspended at that late hour and passing the backdoor of the morgue (a not very enticing locality, not to say gruesome to a degree, more especially at night) ultimately gained the Dock Tavern and in due course turned into Store street, famous for its C division police station. Between this point and the high at present unlit warehouses of Beresford place Stephen thought to think of Ibsen, associated with Baird’s the […]","https://www.gutenberg.org/files/4300/4300-h/4300-h.htm#link2HCH0016","https://en.wikipedia.org/wiki/Belfast"
"16","Eumaeus","Cork","Lugares citados","51.89722222","-8.47","area","en","[…] I’m game for that job, shaving and brushup. I hate roaming about. There’s my son now, Danny, run off to sea and his mother got him took in a draper’s in Cork where he could be drawing easy money.","https://www.gutenberg.org/files/4300/4300-h/4300-h.htm#link2HCH0016","https://en.wikipedia.org/wiki/Cork_(city)"
"16","Eumaeus","Madrid","Lugares citados","40.4169","-3.7033","area","en","[…] with more than vision of breasts, her full lips parted and some perfect teeth, standing near, ostensibly with gravity, a piano on the rest of which was In Old Madrid, a ballad, pretty in its way, which was then all the vogue. Her (the lady’s) eyes, dark, large, looked at Stephen, about to smile about something to be admired, Lafayette of Westmoreland street, Dublin’s premier photographic artist, being responsible for the esthetic execution.","https://www.gutenberg.org/files/4300/4300-h/4300-h.htm#link2HCH0016","https://en.wikipedia.org/wiki/Madrid"
"16","Eumaeus","Inglaterra","Lugares citados","53.13","-1.38","area","en","[…] and Fort Carlisle. That’s where I hails from. I belongs there. That’s where I hails from. My little woman’s down there. She’s waiting for me, I know. For England, home and beauty. She’s my own true wife I haven’t seen for seven years now, sailing about.","https://www.gutenberg.org/files/4300/4300-h/4300-h.htm#link2HCH0016","https://en.wikipedia.org/wiki/England"
"16","Eumaeus","Italy","Lugares citados","43","12","area","en","[…] candidly he was none the less free to admit those icecreamers and friers in the fish way not to mention the chip potato variety and so forth over in little Italy there near the Coombe were sober thrifty hardworking fellows except perhaps a bit too given to pothunting the harmless necessary animal of the feline persuasion of others at night so as to have a good old succulent tuckin with garlic de rigueur off him or her next day on the quiet and, he added, on the cheap.","https://www.gutenberg.org/files/4300/4300-h/4300-h.htm#link2HCH0016","https://en.wikipedia.org/wiki/Italy"
"16","Eumaeus","Rusia","Lugares citados","66","94","area","en","[…] icebergs plenty, growlers. I was in Stockholm and the Black Sea, the Dardanelles under Captain Dalton, the best bloody man that ever scuttled a ship. I seen Russia. Gospodi pomilyou. That’s how the Russians prays.","https://www.gutenberg.org/files/4300/4300-h/4300-h.htm#link2HCH0016","https://en.wikipedia.org/wiki/Russia"
"16","Eumaeus","España","Lugares citados","40.2","-3.5","area","en","[…] My wife is, so to speak, Spanish, half that is. Point of fact she could actually claim Spanish nationality if she wanted, having been born in (technically) Spain, i.e. Gibraltar. She has the Spanish type. Quite dark, regular brunette, black. I for one certainly believe climate accounts for character. That’s why I asked you if you wrote your poetry in Italian.","https://www.gutenberg.org/files/4300/4300-h/4300-h.htm#link2HCH0016","https://www.wikidata.org/wiki/Q29"
"16","Eumaeus","China","Lugares citados","35","103","area","en","—Why, the sailor answered upon reflection upon it, I’ve circumnavigated a bit since I first joined on. I was in the Red Sea. I was in China and North America and South America. We was chased by pirates one voyage. I seen icebergs plenty, growlers. I was in Stockholm and the Black Sea, the Dardanelles under Captain Dalton, the best bloody man that ever scuttled a ship. I seen Russia. Gospodi pomilyou. That’s how the Russians prays.","https://www.gutenberg.org/files/4300/4300-h/4300-h.htm#link2HCH0016","https://en.wikipedia.org/wiki/China"
"16","Eumaeus","Américas","Lugares citados","19","-96","area","en","—Why, the sailor answered upon reflection upon it, I’ve circumnavigated a bit since I first joined on. I was in the Red Sea. I was in China and North America and South America. We was chased by pirates one voyage. I seen icebergs plenty, growlers. I was in Stockholm and the Black Sea, the Dardanelles under Captain Dalton, the best bloody man that ever scuttled a ship. I seen Russia. Gospodi pomilyou. That’s how the Russians prays.","https://www.gutenberg.org/files/4300/4300-h/4300-h.htm#link2HCH0016","https://www.wikidata.org/wiki/Q828"
"16","Eumaeus","África","Lugares citados","0","15","area","en","[…] the cabman affirmed, and read: Return of Parnell. He bet them what they liked. A Dublin fusilier was in that shelter one night and said he saw him in South Africa. Pride it was killed him. He ought to have done away with himself or lain low for a time after committee room no 15 until he was his old self again with no-one to point a finger at him. Then they would all to a man have gone down on their marrowbones to him to come back when he had recovered his senses. Dead he wasn’t. Simply absconded somewhere. The coffin they brought over was full of stones. He changed his name to De Wet, the Boer general. He […]","https://www.gutenberg.org/files/4300/4300-h/4300-h.htm#link2HCH0016","https://www.wikidata.org/wiki/Q15"
"16","Eumaeus","Babylon","Lugares citados","32.5425","44.42111111111111","area","en","[…] the route, Plymouth, Falmouth, Southampton and so on culminating in an instructive tour of the sights of the great metropolis, the spectacle of our modern Babylon where doubtless he would see the greatest improvement, tower, abbey, wealth of Park lane to renew acquaintance with. Another thing just struck him as a by no means bad notion was he might have a gaze around on the spot to see about trying to make arrangements about a concert tour of summer music embracing the most prominent pleasure resorts, Margate with mixed bathing and firstrate hydros and spas, Eastbourne, Scarborough, Margate and so on, […]","https://www.gutenberg.org/files/4300/4300-h/4300-h.htm#link2HCH0016","https://www.wikidata.org/wiki/Q5684"
"16","Eumaeus","Amsterdam","Lugares citados","52.37277778","4.89361111","area","en","Exquisite variations he was now describing on an air Youth here has End by Jans Pieter Sweelinck, a Dutchman of Amsterdam where the frows come from. Even more he liked an old German song of Johannes Jeep about the clear sea and the voices of sirens, sweet murderers of men, which boggled Bloom a bit:","https://www.gutenberg.org/files/4300/4300-h/4300-h.htm#link2HCH0016","https://en.wikipedia.org/wiki/Amsterdam"
"16","Eumaeus","River Thames","Lugares citados","51.5","0.61","area","en","[…] and generally terrorising peaceable pedestrians by placing a pistol at their head in some secluded spot outside the city proper, famished loiterers of the Thames embankment category they might be hanging about there or simply marauders ready to decamp with whatever boodle they could in one fell swoop at a moment’s notice, your money or your life, leaving you there to point a moral, gagged and garrotted.","https://www.gutenberg.org/files/4300/4300-h/4300-h.htm#link2HCH0016","https://www.wikidata.org/wiki/Q19686"
"16","Eumaeus","Red Sea","Lugares citados","22","38","area","en","—Why, the sailor answered upon reflection upon it, I’ve circumnavigated a bit since I first joined on. I was in the Red Sea. I was in China and North America and South America. We was chased by pirates one voyage. I seen icebergs plenty, growlers. I was in Stockholm and the Black Sea, the Dardanelles under Captain Dalton, the best bloody man that ever scuttled a ship. I seen Russia. Gospodi pomilyou. That’s how the Russians prays.","https://www.gutenberg.org/files/4300/4300-h/4300-h.htm#link2HCH0016","https://en.wikipedia.org/wiki/Red_Sea"
"16","Eumaeus","Mar Negro","Lugares citados","44","35","area","en","[…] Red Sea. I was in China and North America and South America. We was chased by pirates one voyage. I seen icebergs plenty, growlers. I was in Stockholm and the Black Sea, the Dardanelles under Captain Dalton, the best bloody man that ever scuttled a ship. I seen Russia. Gospodi pomilyou. That’s how the Russians prays.","https://www.gutenberg.org/files/4300/4300-h/4300-h.htm#link2HCH0016","https://en.wikipedia.org/wiki/Black_Sea"
"16","Eumaeus","Nueva York","Lugares citados","40.71277777777778","-74.00611111111111","area","en","[…] meeting, the Gold Cup. Victory of outsider Throwaway recalls Derby of ’92 when Capt. Marshall’s dark horse Sir Hugo captured the blue ribband at long odds. New York disaster. Thousand lives lost. Foot and Mouth. Funeral of the late Mr Patrick Dignam.","https://www.gutenberg.org/files/4300/4300-h/4300-h.htm#link2HCH0016","https://www.wikidata.org/wiki/Q60"
"16","Eumaeus","Peru","Lugares citados","-9.4","-76","area","en","—Khaan! Like that. And I seen maneaters in Peru that eats corpses and the livers of horses. Look here. Here they are. A friend of mine sent me.","https://www.gutenberg.org/files/4300/4300-h/4300-h.htm#link2HCH0016","https://www.wikidata.org/wiki/Q419"
"16","Eumaeus","Chile","Lugares citados","-34","-71","area","en","[…] turned over the card to peruse the partially obliterated address and postmark. It ran as follows: Tarjeta Postal, Señor A Boudin, Galeria Becche, Santiago, Chile. There was no message evidently, as he took particular notice. Though not an implicit believer in the lurid story narrated (or the eggsniping transaction for that matter despite William Tell and the Lazarillo-Don Cesar de Bazan incident depicted in Maritana on which occasion the former’s ball passed through the latter’s hat) having detected a discrepancy between his name (assuming he was the person he represented himself to be and not sailing under […]","https://www.gutenberg.org/files/4300/4300-h/4300-h.htm#link2HCH0016","https://en.wikipedia.org/wiki/Chile"
"17","Ithaca","Londres","Lugares citados","51.50722222","-0.1275","area","en","Bloom, only born male transubstantial heir of Rudolf Virag (subsequently Rudolph Bloom) of Szombathely, Vienna, Budapest, Milan, London and Dublin and of Ellen Higgins, second daughter of Julius Higgins (born Karoly) and Fanny Higgins (born Hegarty). Stephen, eldest surviving male consubstantial heir of Simon Dedalus of Cork and Dublin and of Mary, daughter of Richard and Christina Goulding (born Grier).","https://www.gutenberg.org/files/4300/4300-h/4300-h.htm#link2HCH0017","https://en.wikipedia.org/wiki/London"
"17","Ithaca","Paris","Lugares citados","48.8567","2.3522","area","en","Music, literature, Ireland, Dublin, Paris, friendship, woman, prostitution, diet, the influence of gaslight or the light of arc and glowlamps on the growth of adjoining paraheliotropic trees, exposed corporation emergency dustbuckets, the Roman catholic church, ecclesiastical celibacy, the Irish nation, jesuit education, careers, the study of medicine, the past day, the maleficent influence of the presabbath, Stephen’s collapse.","https://www.gutenberg.org/files/4300/4300-h/4300-h.htm#link2HCH0017","https://en.wikipedia.org/wiki/Paris"
"17","Ithaca","Viena","Lugares citados","48.2083","16.3725","area","en","Bloom, only born male transubstantial heir of Rudolf Virag (subsequently Rudolph Bloom) of Szombathely, Vienna, Budapest, Milan, London and Dublin and of Ellen Higgins, second daughter of Julius Higgins (born Karoly) and Fanny Higgins (born Hegarty). Stephen, eldest surviving male consubstantial heir of Simon Dedalus of Cork and Dublin and of Mary, daughter of Richard and Christina Goulding (born Grier).","https://www.gutenberg.org/files/4300/4300-h/4300-h.htm#link2HCH0017","https://en.wikipedia.org/wiki/Vienna"
"17","Ithaca","Milán","Lugares citados","45.46694444","9.19","area","en","Bloom, only born male transubstantial heir of Rudolf Virag (subsequently Rudolph Bloom) of Szombathely, Vienna, Budapest, Milan, London and Dublin and of Ellen Higgins, second daughter of Julius Higgins (born Karoly) and Fanny Higgins (born Hegarty). Stephen, eldest surviving male consubstantial heir of Simon Dedalus of Cork and Dublin and of Mary, daughter of Richard and Christina Goulding (born Grier).","https://www.gutenberg.org/files/4300/4300-h/4300-h.htm#link2HCH0017","https://en.wikipedia.org/wiki/Milan"
"17","Ithaca","Florencia","Lugares citados","43.77138889","11.25416667","area","en","Rudolph Bloom (deceased) narrated to his son Leopold Bloom (aged 6) a retrospective arrangement of migrations and settlements in and between Dublin, London, Florence, Milan, Vienna, Budapest, Szombathely with statements of satisfaction (his grandfather having seen Maria Theresia, empress of Austria, queen of Hungary), with commercial advice (having taken care of pence, the pounds having taken care of themselves). Leopold Bloom (aged 6) had accompanied these narrations by constant consultation of a geographical map of Europe (political) and by suggestions for the establishment of affiliated business premises in […]","https://www.gutenberg.org/files/4300/4300-h/4300-h.htm#link2HCH0017","https://en.wikipedia.org/wiki/Florence"
"17","Ithaca","Szombathely","Lugares citados","47.23512","16.62191","area","en","Bloom, only born male transubstantial heir of Rudolf Virag (subsequently Rudolph Bloom) of Szombathely, Vienna, Budapest, Milan, London and Dublin and of Ellen Higgins, second daughter of Julius Higgins (born Karoly) and Fanny Higgins (born Hegarty). Stephen, eldest surviving male consubstantial heir of Simon Dedalus of Cork and Dublin and of Mary, daughter of Richard and Christina Goulding (born Grier).","https://www.gutenberg.org/files/4300/4300-h/4300-h.htm#link2HCH0017","https://en.wikipedia.org/wiki/Szombathely"
"17","Ithaca","Budapest","Lugares citados","47.4925","19.05138889","area","en","Bloom, only born male transubstantial heir of Rudolf Virag (subsequently Rudolph Bloom) of Szombathely, Vienna, Budapest, Milan, London and Dublin and of Ellen Higgins, second daughter of Julius Higgins (born Karoly) and Fanny Higgins (born Hegarty). Stephen, eldest surviving male consubstantial heir of Simon Dedalus of Cork and Dublin and of Mary, daughter of Richard and Christina Goulding (born Grier).","https://www.gutenberg.org/files/4300/4300-h/4300-h.htm#link2HCH0017","https://en.wikipedia.org/wiki/Budapest"
"17","Ithaca","Hungría","Lugares citados","47","20","area","en","I, Rudolph Virag, now resident at no 52 Clanbrassil street, Dublin, formerly of Szombathely in the kingdom of Hungary, hereby give notice that I have assumed and intend henceforth upon all occasions and at all times to be known by the name of Rudolph Bloom.","https://www.gutenberg.org/files/4300/4300-h/4300-h.htm#link2HCH0017","https://en.wikipedia.org/wiki/Hungary"
"17","Ithaca","Gibraltar","Lugares citados","36.14","-5.35","area","en","[…] and Leonard’s corner and Synge street and Synge street and Bloomfield avenue. In 1885 with Percy Apjohn in the evenings, reclined against the wall between Gibraltar villa and Bloomfield house in Crumlin, barony of Uppercross. In 1886 occasionally with casual acquaintances and prospective purchasers on doorsteps, in front parlours, in third class railway carriages of suburban lines. In 1888 frequently with major Brian Tweedy and his daughter Miss Marion Tweedy, together and separately on the lounge in Matthew Dillon’s house in Roundtown. Once in 1892 and once in 1893 with Julius (Juda) Mastiansky, on both […]","https://www.gutenberg.org/files/4300/4300-h/4300-h.htm#link2HCH0017","https://en.wikipedia.org/wiki/Gibraltar"
"17","Ithaca","Jerusalén","Lugares citados","31.77888889","35.22555556","area","en","Ceylon (with spicegardens supplying tea to Thomas Kernan, agent for Pulbrook, Robertson and Co, 2 Mincing Lane, London, E. C., 5 Dame street, Dublin), Jerusalem, the holy city (with mosque of Omar and gate of Damascus, goal of aspiration), the straits of Gibraltar (the unique birthplace of Marion Tweedy), the Parthenon (containing statues of nude Grecian divinities), the Wall street money market (which controlled international finance), the Plaza de Toros at La Linea, Spain (where O’Hara of the Camerons had slain the bull), Niagara (over which no human being had passed with impunity), the land of the […]","https://www.gutenberg.org/files/4300/4300-h/4300-h.htm#link2HCH0017","https://en.wikipedia.org/wiki/Jerusalem"
"17","Ithaca","Belfast","Lugares citados","54.5967","-5.93","area","en","[…] and Fort Carlisle, the Golden Vale of Tipperary, the islands of Aran, the pastures of royal Meath, Brigid’s elm in Kildare, the Queen’s Island shipyard in Belfast, the Salmon Leap, the lakes of Killarney.","https://www.gutenberg.org/files/4300/4300-h/4300-h.htm#link2HCH0017","https://en.wikipedia.org/wiki/Belfast"
"17","Ithaca","Cork","Lugares citados","51.89722222","-8.47","area","en","[…] second daughter of Julius Higgins (born Karoly) and Fanny Higgins (born Hegarty). Stephen, eldest surviving male consubstantial heir of Simon Dedalus of Cork and Dublin and of Mary, daughter of Richard and Christina Goulding (born Grier).","https://www.gutenberg.org/files/4300/4300-h/4300-h.htm#link2HCH0017","https://en.wikipedia.org/wiki/Cork_(city)"
"17","Ithaca","Berlín","Lugares citados","52.52","13.405","area","en","The reclamation of dunams of waste arenary soil, proposed in the prospectus of Agendath Netaim, Bleibtreustrasse, Berlin, W. 15, by the cultivation of orange plantations and melonfields and reafforestation. The utilisation of waste paper, fells of sewer rodents, human excrement possessing chemical properties, in view of the vast production of the first, vast number of the second and immense quantity of the third, every normal human being of average vitality and appetite producing annually, cancelling byproducts of water, a sum total of 80 lbs. (mixed animal and […]","https://www.gutenberg.org/files/4300/4300-h/4300-h.htm#link2HCH0017","https://en.wikipedia.org/wiki/Berlin"
"17","Ithaca","Nápoles","Lugares citados","40.8358","14.2486","area","en","[…] human being had passed with impunity), the land of the Eskimos (eaters of soap), the forbidden country of Thibet (from which no traveller returns), the bay of Naples (to see which was to die), the Dead Sea.","https://www.gutenberg.org/files/4300/4300-h/4300-h.htm#link2HCH0017","https://en.wikipedia.org/wiki/Naples"
"17","Ithaca","Monte Carlo","Lugares citados","43.73972222","7.42722222","area","en","[…] progression of 2 (1/4d, 1/2d, 1d, 2d, 4d, 8d, 1s 4d, 2s 8d to 32 terms). A prepared scheme based on a study of the laws of probability to break the bank at Monte Carlo. A solution of the secular problem of the quadrature of the circle, government premium £ 1,000,000 sterling.","https://www.gutenberg.org/files/4300/4300-h/4300-h.htm#link2HCH0017","https://en.wikipedia.org/wiki/Monte_Carlo"
"17","Ithaca","Palestina","Lugares citados","31","35","area","en","Did he see only a second coincidence in the second scene narrated to him, described by the narrator as A Pisgah Sight of Palestine or The Parable of the Plums?","https://www.gutenberg.org/files/4300/4300-h/4300-h.htm#link2HCH0017","https://en.wikipedia.org/wiki/Palestine_(region)"
"17","Ithaca","Inglaterra","Lugares citados","53.13","-1.38","area","en","[…] K. P., L. L. D. (honoris causa), Bloomville, Dundrum) and mentioned in court and fashionable intelligence (Mr and Mrs Leopold Bloom have left Kingstown for England).","https://www.gutenberg.org/files/4300/4300-h/4300-h.htm#link2HCH0017","https://en.wikipedia.org/wiki/England"
"17","Ithaca","Francia","Lugares citados","47","2","area","en","[…] and Docks Board Landing Sheds and transit sheds of Palgrave, Murphy and Company, steamship owners, agents for steamers from Mediterranean, Spain, Portugal, France, Belgium and Holland and for Liverpool Underwriters’ Association, the cost of acquired rolling stock for animal transport and of additional mileage operated by the Dublin United Tramways Company, limited, to be covered by graziers’ fees.","https://www.gutenberg.org/files/4300/4300-h/4300-h.htm#link2HCH0017","https://www.wikidata.org/wiki/Q142"
"17","Ithaca","Austria","Lugares citados","47.33333333","13.33333333","area","en","[…] between Dublin, London, Florence, Milan, Vienna, Budapest, Szombathely with statements of satisfaction (his grandfather having seen Maria Theresia, empress of Austria, queen of Hungary), with commercial advice (having taken care of pence, the pounds having taken care of themselves). Leopold Bloom (aged 6) had accompanied these narrations by constant consultation of a geographical map of Europe (political) and by suggestions for the establishment of affiliated business premises in the various centres mentioned.","https://www.gutenberg.org/files/4300/4300-h/4300-h.htm#link2HCH0017","https://en.wikipedia.org/wiki/Austria"
"17","Ithaca","España","Lugares citados","40.2","-3.5","area","en","[…] Dublin Port and Docks Board Landing Sheds and transit sheds of Palgrave, Murphy and Company, steamship owners, agents for steamers from Mediterranean, Spain, Portugal, France, Belgium and Holland and for Liverpool Underwriters’ Association, the cost of acquired rolling stock for animal transport and of additional mileage operated by the Dublin United Tramways Company, limited, to be covered by graziers’ fees.","https://www.gutenberg.org/files/4300/4300-h/4300-h.htm#link2HCH0017","https://www.wikidata.org/wiki/Q29"
"17","Ithaca","Portugal","Lugares citados","39","-8","area","en","[…] Dublin Port and Docks Board Landing Sheds and transit sheds of Palgrave, Murphy and Company, steamship owners, agents for steamers from Mediterranean, Spain, Portugal, France, Belgium and Holland and for Liverpool Underwriters’ Association, the cost of acquired rolling stock for animal transport and of additional mileage operated by the Dublin United Tramways Company, limited, to be covered by graziers’ fees.","https://www.gutenberg.org/files/4300/4300-h/4300-h.htm#link2HCH0017","https://en.wikipedia.org/wiki/Portugal"
"17","Ithaca","Bélgica","Lugares citados","50.83333333","4","area","en","[…] Board Landing Sheds and transit sheds of Palgrave, Murphy and Company, steamship owners, agents for steamers from Mediterranean, Spain, Portugal, France, Belgium and Holland and for Liverpool Underwriters’ Association, the cost of acquired rolling stock for animal transport and of additional mileage operated by the Dublin United Tramways Company, limited, to be covered by graziers’ fees.","https://www.gutenberg.org/files/4300/4300-h/4300-h.htm#link2HCH0017","https://en.wikipedia.org/wiki/Belgium"
"17","Ithaca","Holland","Lugares citados","52.25","4.667","area","en","[…] Sheds and transit sheds of Palgrave, Murphy and Company, steamship owners, agents for steamers from Mediterranean, Spain, Portugal, France, Belgium and Holland and for Liverpool Underwriters’ Association, the cost of acquired rolling stock for animal transport and of additional mileage operated by the Dublin United Tramways Company, limited, to be covered by graziers’ fees.","https://www.gutenberg.org/files/4300/4300-h/4300-h.htm#link2HCH0017","https://en.wikipedia.org/wiki/Holland"
"17","Ithaca","China","Lugares citados","35","103","area","en","Voyages in China by “Viator” (recovered with brown paper, red ink title).","https://www.gutenberg.org/files/4300/4300-h/4300-h.htm#link2HCH0017","https://en.wikipedia.org/wiki/China"
"17","Ithaca","India","Lugares citados","21","78","area","en","[…] the 9th power of the 9th power of 9, that, the result having been obtained, 33 closely printed volumes of 1000 pages each of innumerable quires and reams of India paper would have to be requisitioned in order to contain the complete tale of its printed integers of units, tens, hundreds, thousands, tens of thousands, hundreds of thousands, millions, tens of millions, hundreds of millions, billions, the nucleus of the nebula of every digit of every series containing succinctly the potentiality of being raised to the utmost kinetic elaboration of any power of any of its powers.","https://www.gutenberg.org/files/4300/4300-h/4300-h.htm#link2HCH0017","https://en.wikipedia.org/wiki/India"
"17","Ithaca","Egipto","Lugares citados","27","29","area","en","Three seekers of the pure truth, Moses of Egypt, Moses Maimonides, author of More Nebukim (Guide of the Perplexed) and Moses Mendelssohn of such eminence that from Moses (of Egypt) to Moses (Mendelssohn) there arose none like Moses (Maimonides).","https://www.gutenberg.org/files/4300/4300-h/4300-h.htm#link2HCH0017","https://www.wikidata.org/wiki/Q79"
"17","Ithaca","Canada","Lugares citados","56","-109","area","en","[…] and Hebrew characters. She had interrogated constantly at varying intervals as to the correct method of writing the capital initial of the name of a city in Canada, Quebec. She understood little of political complications, internal, or balance of power, external. In calculating the addenda of bills she frequently had recourse to digital aid. After completion of laconic epistolary compositions she abandoned the implement of calligraphy in the encaustic pigment, exposed to the corrosive action of copperas, green vitriol and nutgall. Unusual polysyllables of foreign origin she interpreted phonetically or by false […]","https://www.gutenberg.org/files/4300/4300-h/4300-h.htm#link2HCH0017","https://www.wikidata.org/wiki/Q16"
"17","Ithaca","Europa","Lugares citados","53.5","15.5","area","en","[…] pence, the pounds having taken care of themselves). Leopold Bloom (aged 6) had accompanied these narrations by constant consultation of a geographical map of Europe (political) and by suggestions for the establishment of affiliated business premises in the various centres mentioned.","https://www.gutenberg.org/files/4300/4300-h/4300-h.htm#link2HCH0017","https://www.wikidata.org/wiki/Q46"
"17","Ithaca","Greece","Lugares citados","39","22","area","en","[…] terrestrial hemispheres, in all habitable lands and islands explored or unexplored (the land of the midnight sun, the islands of the blessed, the isles of Greece, the land of promise), of adipose anterior and posterior female hemispheres, redolent of milk and honey and of excretory sanguine and seminal warmth, reminiscent of secular families of curves of amplitude, insusceptible of moods of impression or of contrarieties of expression, expressive of mute immutable mature animality.","https://www.gutenberg.org/files/4300/4300-h/4300-h.htm#link2HCH0017","https://en.wikipedia.org/wiki/Greece"
"17","Ithaca","Mar Mediterráneo","Lugares citados","35","18","area","en","[…] Railway Company, Dublin Port and Docks Board Landing Sheds and transit sheds of Palgrave, Murphy and Company, steamship owners, agents for steamers from Mediterranean, Spain, Portugal, France, Belgium and Holland and for Liverpool Underwriters’ Association, the cost of acquired rolling stock for animal transport and of additional mileage operated by the Dublin United Tramways Company, limited, to be covered by graziers’ fees.","https://www.gutenberg.org/files/4300/4300-h/4300-h.htm#link2HCH0017","https://en.wikipedia.org/wiki/Mediterranean_Sea"
"17","Ithaca","Océano Pacífico","Lugares citados","0","-160","area","en","[…] and constancy to its nature in seeking its own level: its vastness in the ocean of Mercator’s projection: its unplumbed profundity in the Sundam trench of the Pacific exceeding 8000 fathoms: the restlessness of its waves and surface particles visiting in turn all points of its seaboard: the independence of its units: the variability of states of sea: its hydrostatic quiescence in calm: its hydrokinetic turgidity in neap and spring tides: its subsidence after devastation: its sterility in the circumpolar icecaps, arctic and antarctic: its climatic and commercial significance: its preponderance of 3 to 1 over the […]","https://www.gutenberg.org/files/4300/4300-h/4300-h.htm#link2HCH0017","https://en.wikipedia.org/wiki/Pacific_Ocean"
"18","Penélope","Londres","Lugares citados","51.50722222","-0.1275","area","en","[…] fish tomorrow or today is it Friday yes I will with some blancmange with black currant jam like long ago not those 2 lb pots of mixed plum and apple from the London and Newcastle Williams and Woods goes twice as far only for the bones I hate those eels cod yes Ill get a nice piece of cod Im always getting enough for 3 forgetting anyway Im sick of that everlasting butchers meat from Buckleys loin chops and leg beef and rib steak and scrag of mutton and calfs pluck the very name is enough or a picnic suppose we all gave 5/- each and or let him pay it and invite some other woman for him who Mrs Fleming and drove […]","https://www.gutenberg.org/files/4300/4300-h/4300-h.htm#link2HCH0018","https://en.wikipedia.org/wiki/London"
"18","Penélope","Venecia","Lugares citados","45.439722222222","12.331944444444","area","en","[…] in Ennis like all the things he told father he was going to do and me but I saw through him telling me all the lovely places we could go for the honeymoon Venice by moonlight with the gondolas and the lake of Como he had a picture cut out of some paper of and mandolines and lanterns O how nice I said whatever I liked he was going to do immediately if not sooner will you be my man will you carry my can he ought to get a leather medal with a putty rim for all the plans he invents then leaving us here all day youd never know what old beggar at the door for a crust with his long story might be a tramp and put […]","https://www.gutenberg.org/files/4300/4300-h/4300-h.htm#link2HCH0018","https://www.wikidata.org/wiki/Q641"
"18","Penélope","Gibraltar","Lugares citados","36.14","-5.35","area","en","[…] God be merciful to us I thought the heavens were coming down about us to punish us when I blessed myself and said a Hail Mary like those awful thunderbolts in Gibraltar as if the world was coming to an end and then they come and tell you theres no God what could you do if it was running and rushing about nothing only make an act of contrition the candle I lit that evening in Whitefriars street chapel for the month of May see it brought its luck though hed scoff if he heard because he never goes to church mass or meeting he says your soul you have no soul inside only grey matter because he doesnt know what it is […]","https://www.gutenberg.org/files/4300/4300-h/4300-h.htm#link2HCH0018","https://en.wikipedia.org/wiki/Gibraltar"
"18","Penélope","Belfast","Lugares citados","54.5967","-5.93","area","en","[…] when I was whistling there is a charming girl I love and I hadnt even put on my clean shift or powdered myself or a thing then this day week were to go to Belfast just as well he has to go to Ennis his fathers anniversary the 27th it wouldnt be pleasant if he did suppose our rooms at the hotel were beside each other and any fooling went on in the new bed I couldnt tell him to stop and not bother me with him in the next room or perhaps some protestant clergyman with a cough knocking on the wall then hed never believe the next day we didnt do something its all very well a husband but you cant fool a lover […]","https://www.gutenberg.org/files/4300/4300-h/4300-h.htm#link2HCH0018","https://en.wikipedia.org/wiki/Belfast"
"18","Penélope","Cork","Lugares citados","51.89722222","-8.47","area","en","[…] too hes so pigheaded sometimes when he gets a thing into his head a good job he was able to open the carriage door with his knife or theyd have taken us on to Cork I suppose that was done out of revenge on him O I love jaunting in a train or a car with lovely soft cushions I wonder will he take a 1st class for me he might want to do it in the train by tipping the guard well O I suppose therell be the usual idiots of men gaping at us with their eyes as stupid as ever they can possibly be that was an exceptional man that common workman that left us alone in the carriage that day going to Howth Id like to find out […]","https://www.gutenberg.org/files/4300/4300-h/4300-h.htm#link2HCH0018","https://en.wikipedia.org/wiki/Cork_(city)"
"18","Penélope","Madrid","Lugares citados","40.4169","-3.7033","area","en","[…] jolly warm bath and feel a very clean dog now enjoyed it wogger she called him wogger wd give anything to be back in Gib and hear you sing Waiting and in old Madrid Concone is the name of those exercises he bought me one of those new some word I couldnt make out shawls amusing things but tear for the least thing still there lovely I think dont you will always think of the lovely teas we had together scrumptious currant scones and raspberry wafers I adore well now dearest Doggerina be sure and write soon kind she left out regards to your father also Captain Grove with love yrs affly Hester x x x x x she didnt […]","https://www.gutenberg.org/files/4300/4300-h/4300-h.htm#link2HCH0018","https://en.wikipedia.org/wiki/Madrid"
"18","Penélope","Ronda","Lugares citados","36.73722222","-5.16472222","area","en","[…] old castle thousands of years old yes and those handsome Moors all in white and turbans like kings asking you to sit down in their little bit of a shop and Ronda with the old windows of the posadas 2 glancing eyes a lattice hid for her lover to kiss the iron and the wineshops half open at night and the castanets and the night we missed the boat at Algeciras the watchman going about serene with his lamp and O that awful deepdown torrent O and the sea the sea crimson sometimes like fire and the glorious sunsets and the figtrees in the Alameda gardens yes and all the queer little streets and the pink and blue […]","https://www.gutenberg.org/files/4300/4300-h/4300-h.htm#link2HCH0018","https://en.wikipedia.org/wiki/Ronda"
"18","Penélope","Algeciras","Lugares citados","36.1275","-5.45388889","area","en","[…] have been so bad I love to see a regiment pass in review the first time I saw the Spanish cavalry at La Roque it was lovely after looking across the bay from Algeciras all the lights of the rock like fireflies or those sham battles on the 15 acres the Black Watch with their kilts in time at the march past the 10th hussars the prince of Wales own or the lancers O the lancers theyre grand or the Dublins that won Tugela his father made his money over selling the horses for the cavalry well he could buy me a nice present up in Belfast after what I gave him theyve lovely linen up there or one of those nice kimono […]","https://www.gutenberg.org/files/4300/4300-h/4300-h.htm#link2HCH0018","https://en.wikipedia.org/wiki/Algeciras"
"18","Penélope","Inglaterra","Lugares citados","53.13","-1.38","area","en","[…] I never know the time even that watch he gave me never seems to go properly Id want to get it looked after when I threw the penny to that lame sailor for England home and beauty when I was whistling there is a charming girl I love and I hadnt even put on my clean shift or powdered myself or a thing then this day week were to go to Belfast just as well he has to go to Ennis his fathers anniversary the 27th it wouldnt be pleasant if he did suppose our rooms at the hotel were beside each other and any fooling went on in the new bed I couldnt tell him to stop and not bother me with him in the next room or […]","https://www.gutenberg.org/files/4300/4300-h/4300-h.htm#link2HCH0018","https://en.wikipedia.org/wiki/England"
"18","Penélope","España","Lugares citados","40.2","-3.5","area","en","[…] I taught him Cappoquin he came from he said on the black water but it was too short then the day before he left May yes it was May when the infant king of Spain was born Im always like that in the spring Id like a new fellow every year up on the tiptop under the rockgun near OHaras tower I told him it was struck by lightning and all about the old Barbary apes they sent to Clapham without a tail careering all over the show on each others back Mrs Rubio said she was a regular old rock scorpion robbing the chickens out of Inces farm and throw stones at you if you went anear he was looking at me I had that white […]","https://www.gutenberg.org/files/4300/4300-h/4300-h.htm#link2HCH0018","https://www.wikidata.org/wiki/Q29"
"18","Penélope","China","Lugares citados","35","103","area","en","[…] eying up at the ceiling where is she gone now make him want me thats the only way a quarter after what an unearthly hour I suppose theyre just getting up in China now combing out their pigtails for the day well soon have the nuns ringing the angelus theyve nobody coming in to spoil their sleep except an odd priest or two for his night office or the alarmclock next door at cockshout clattering the brains out of itself let me see if I can doze off 1 2 3 4 5 what kind of flowers are those they invented like the stars the wallpaper in Lombard street was much nicer the apron he gave me was like that something only […]","https://www.gutenberg.org/files/4300/4300-h/4300-h.htm#link2HCH0018","https://en.wikipedia.org/wiki/China"
"18","Penélope","India","Lugares citados","21","78","area","en","[…] the stairs I loved looking down at them I was jumping up at the pepper trees and the white poplars pulling the leaves off and throwing them at him he went to India he was to write the voyages those men have to make to the ends of the world and back its the least they might get a squeeze or two at a woman while they can going out to be drowned or blown up somewhere I went up Windmill hill to the flats that Sunday morning with captain Rubios that was dead spyglass like the sentry had he said hed have one or two from on board I wore that frock from the B Marche paris and the coral necklace the straits shining I […]","https://www.gutenberg.org/files/4300/4300-h/4300-h.htm#link2HCH0018","https://en.wikipedia.org/wiki/India"
"18","Penélope","Canada","Lugares citados","56","-109","area","en","[…] letter and the card from Milly this morning see she wrote a letter to him who did I get the last letter from O Mrs Dwenn now what possessed her to write from Canada after so many years to know the recipe I had for pisto madrileno Floey Dillon since she wrote to say she was married to a very rich architect if Im to believe all I hear with a villa and eight rooms her father was an awfully nice man he was near seventy always goodhumoured well now Miss Tweedy or Miss Gillespie theres the piannyer that was a solid silver coffee service he had too on the mahogany sideboard then dying so far away I hate people that […]","https://www.gutenberg.org/files/4300/4300-h/4300-h.htm#link2HCH0018","https://www.wikidata.org/wiki/Q16"
"18","Penélope","África","Lugares citados","0","15","area","en","[…] with the icicles or whatever they call them hanging down and ladders all the mud plotching my boots Im sure thats the way down the monkeys go under the sea to Africa when they die the ships out far like chips that was the Malta boat passing yes the sea and the sky you could do what you liked lie there for ever he caressed them outside they love doing that its the roundness there I was leaning over him with my white ricestraw hat to take the newness out of it the left side of my face the best my blouse open for his last day transparent kind of shirt he had I could see his chest pink he wanted to touch mine with […]","https://www.gutenberg.org/files/4300/4300-h/4300-h.htm#link2HCH0018","https://www.wikidata.org/wiki/Q15"
"18","Penélope","Asia","Lugares citados","35","108","area","en","[…] lying on his side on his hand with his ten toes sticking out that he said was a bigger religion than the jews and Our Lords both put together all over Asia imitating him as hes always imitating everybody I suppose he used to sleep at the foot of the bed too with his big square feet up in his wifes mouth damn this stinking thing anyway wheres this those napkins are ah yes I know I hope the old press doesnt creak ah I knew it would hes sleeping hard had a good time somewhere still she must have given him great value for his money of course he has to pay for it from her O this nuisance of a thing I hope […]","https://www.gutenberg.org/files/4300/4300-h/4300-h.htm#link2HCH0018","https://www.wikidata.org/wiki/Q48"
"18","Penélope","Europa","Lugares citados","53.5","15.5","area","en","[…] in their shawls and their tall combs and the auctions in the morning the Greeks and the jews and the Arabs and the devil knows who else from all the ends of Europe and Duke street and the fowl market all clucking outside Larby Sharons and the poor donkeys slipping half asleep and the vague fellows in the cloaks asleep in the shade on the steps and the big wheels of the carts of the bulls and the old castle thousands of years old yes and those handsome Moors all in white and turbans like kings asking you to sit down in their little bit of a shop and Ronda with the old windows of the posadas 2 glancing eyes a […]","https://www.gutenberg.org/files/4300/4300-h/4300-h.htm#link2HCH0018","https://www.wikidata.org/wiki/Q46"
"18","Penélope","Océano Atlántico","Lugares citados","0","-25","area","en","[…] vain about her appearance ugly as she was near 80 or a 100 her face a mass of wrinkles with all her religion domineering because she never could get over the Atlantic fleet coming in half the ships of the world and the Union Jack flying with all her carabineros because 4 drunken English sailors took all the rock from them and because I didnt run into mass often enough in Santa Maria to please her with her shawl up on her except when there was a marriage on with all her miracles of the saints and her black blessed virgin with the silver dress and the sun dancing 3 times on Easter Sunday morning and when the […]","https://www.gutenberg.org/files/4300/4300-h/4300-h.htm#link2HCH0018","https://en.wikipedia.org/wiki/Atlantic_Ocean"
