"Section","Title","Place","Category","Latitude","Longitude","Precision","Original language","Original passage","Text source","Coordinate source"
"1","Book I","London","Mentioned locations","51.50722222","-0.1275","area","ru","[…] договорить приговора Питту, воображая себя в эту минуту самим Наполеоном и вместе с своим героем уже совершив опасный переезд через Па-де-Кале и завоевав Лондон, — как увидал входившего к нему молодого, стройного и красивого офицера. Он остановился. Пьер оставил Бориса четырнадцатилетним мальчиком и решительно не помнил его; но, несмотря на то, с свойственною ему быстрою и радушною манерой взял его за руку и дружелюбно улыбнулся.","https://ru.wikisource.org/wiki/%D0%92%D0%BE%D0%B9%D0%BD%D0%B0_%D0%B8_%D0%BC%D0%B8%D1%80_(%D0%A2%D0%BE%D0%BB%D1%81%D1%82%D0%BE%D0%B9)%2F%D0%A2%D0%BE%D0%BC_1#%D0%A7%D0%90%D0%A1%D0%A2%D0%AC_%D0%9F%D0%95%D0%A0%D0%92%D0%90%D0%AF.","https://en.wikipedia.org/wiki/London"
"1","Book I","Paris","Mentioned locations","48.8567","2.3522","area","ru","Vicomte рассказал очень мило о том ходившем тогда анекдоте, что герцог Энгиенский тайно ездил в Париж для свидания с m-lle George, и что там он встретился с Бонапарте, пользовавшимся тоже милостями знаменитой актрисы, и что там, встретившись с герцогом, Наполеон случайно упал в тот обморок, которому он был подвержен, и находился во власти герцога, которою герцог не воспользовался, но что Бонапарте впоследствии за это-то великодушие и отмстил смертью герцогу.","https://ru.wikisource.org/wiki/%D0%92%D0%BE%D0%B9%D0%BD%D0%B0_%D0%B8_%D0%BC%D0%B8%D1%80_(%D0%A2%D0%BE%D0%BB%D1%81%D1%82%D0%BE%D0%B9)%2F%D0%A2%D0%BE%D0%BC_1#%D0%A7%D0%90%D0%A1%D0%A2%D0%AC_%D0%9F%D0%95%D0%A0%D0%92%D0%90%D0%AF.","https://en.wikipedia.org/wiki/Paris"
"1","Book I","Vienna","Mentioned locations","48.2083","16.3725","area","ru","[…] тогда как то, о чем он спрашивал, было главною целью его посещения, — правда, что l’impératrice-mère желает назначения барона Функе первым секретарем в Вену? C’est un pauvre sire, ce baron, à ce qu’il paraît. — Князь Василий желал определить сына на это место, которое через императрицу Марию Феодоровну старались доставить барону.","https://ru.wikisource.org/wiki/%D0%92%D0%BE%D0%B9%D0%BD%D0%B0_%D0%B8_%D0%BC%D0%B8%D1%80_(%D0%A2%D0%BE%D0%BB%D1%81%D1%82%D0%BE%D0%B9)%2F%D0%A2%D0%BE%D0%BC_1#%D0%A7%D0%90%D0%A1%D0%A2%D0%AC_%D0%9F%D0%95%D0%A0%D0%92%D0%90%D0%AF.","https://en.wikipedia.org/wiki/Vienna"
"1","Book I","Naples","Mentioned locations","40.8358","14.2486","area","ru","[…] в соединении со ста тысячами русских, должны были действовать в Италии и на Рейне, и как пятьдесят тысяч русских и пятьдесят тысяч англичан высадятся в Неаполе, и как в итоге пятисоттысячная армия должна была с разных сторон сделать нападение на французов. Старый князь не выказал ни малейшего интереса при рассказе, как будто не слушал, и, продолжая на ходу одеваться, три раза неожиданно перервал его. Один раз он остановил его и закричал:","https://ru.wikisource.org/wiki/%D0%92%D0%BE%D0%B9%D0%BD%D0%B0_%D0%B8_%D0%BC%D0%B8%D1%80_(%D0%A2%D0%BE%D0%BB%D1%81%D1%82%D0%BE%D0%B9)%2F%D0%A2%D0%BE%D0%BC_1#%D0%A7%D0%90%D0%A1%D0%A2%D0%AC_%D0%9F%D0%95%D0%A0%D0%92%D0%90%D0%AF.","https://en.wikipedia.org/wiki/Naples"
"1","Book I","England","Mentioned locations","53.13","-1.38","area","ru","[…] гидру революции, которая теперь еще ужаснее в лице этого убийцы и злодея. Мы одни должны искупить кровь праведника. На кого нам надеяться, я вас спрашиваю?.. Англия с своим коммерческим духом не поймет и не может понять всю высоту души императора Александра. Она отказалась очистить Мальту. Она хочет видеть, ищет заднюю мысль наших действий. Что́ они сказали Новосильцову?.. Ничего. Они не поняли, они не могут понять самоотвержения нашего императора, который ничего не хочет для себя и всё хочет для блага мира. И что́ они обещали? Ничего. И что́ обещали, и того не будет! Пруссия уже объявила, что Бонапарте […]","https://ru.wikisource.org/wiki/%D0%92%D0%BE%D0%B9%D0%BD%D0%B0_%D0%B8_%D0%BC%D0%B8%D1%80_(%D0%A2%D0%BE%D0%BB%D1%81%D1%82%D0%BE%D0%B9)%2F%D0%A2%D0%BE%D0%BC_1#%D0%A7%D0%90%D0%A1%D0%A2%D0%AC_%D0%9F%D0%95%D0%A0%D0%92%D0%90%D0%AF.","https://en.wikipedia.org/wiki/England"
"1","Book I","France","Mentioned locations","47","2","area","ru","[…] опять успокоиваясь, — нынче у меня два очень интересные человека, le vicomte de Mortemart, il est allié aux Montmorency par les Rohans, одна из лучших фамилий Франции. Это один из хороших эмигрантов, из настоящих. И потом l’abbé Morio: вы знаете этот глубокий ум? Он был принят государем. Вы знаете?","https://ru.wikisource.org/wiki/%D0%92%D0%BE%D0%B9%D0%BD%D0%B0_%D0%B8_%D0%BC%D0%B8%D1%80_(%D0%A2%D0%BE%D0%BB%D1%81%D1%82%D0%BE%D0%B9)%2F%D0%A2%D0%BE%D0%BC_1#%D0%A7%D0%90%D0%A1%D0%A2%D0%AC_%D0%9F%D0%95%D0%A0%D0%92%D0%90%D0%AF.","https://www.wikidata.org/wiki/Q142"
"1","Book I","Italy","Mentioned locations","43","12","area","ru","[…] была в Штральзунде соединиться с шведскими войсками, как двести двадцать тысяч австрийцев, в соединении со ста тысячами русских, должны были действовать в Италии и на Рейне, и как пятьдесят тысяч русских и пятьдесят тысяч англичан высадятся в Неаполе, и как в итоге пятисоттысячная армия должна была с разных сторон сделать нападение на французов. Старый князь не выказал ни малейшего интереса при рассказе, как будто не слушал, и, продолжая на ходу одеваться, три раза неожиданно перервал его. Один раз он остановил его и закричал:","https://ru.wikisource.org/wiki/%D0%92%D0%BE%D0%B9%D0%BD%D0%B0_%D0%B8_%D0%BC%D0%B8%D1%80_(%D0%A2%D0%BE%D0%BB%D1%81%D1%82%D0%BE%D0%B9)%2F%D0%A2%D0%BE%D0%BC_1#%D0%A7%D0%90%D0%A1%D0%A2%D0%AC_%D0%9F%D0%95%D0%A0%D0%92%D0%90%D0%AF.","https://en.wikipedia.org/wiki/Italy"
"1","Book I","Germany","Mentioned locations","51","9","area","ru","[…] ежели бы кто вздумал обидеть детей. Гувернер-немец старался запомнить все роды кушаний, десертов и вин с тем, чтобы описать всё подробно в письме к домашним в Германию, и весьма обижался тем, что дворецкий, с завернутою в салфетку бутылкою обносил его. Немец хмурился, старался показать вид, что он и не желал получить этого вина, но обижался потому, что никто не хотел понять, что вино нужно было ему не для того, чтоб утолить жажду, не из жадности, а из добросовестной любознательности.","https://ru.wikisource.org/wiki/%D0%92%D0%BE%D0%B9%D0%BD%D0%B0_%D0%B8_%D0%BC%D0%B8%D1%80_(%D0%A2%D0%BE%D0%BB%D1%81%D1%82%D0%BE%D0%B9)%2F%D0%A2%D0%BE%D0%BC_1#%D0%A7%D0%90%D0%A1%D0%A2%D0%AC_%D0%9F%D0%95%D0%A0%D0%92%D0%90%D0%AF.","https://en.wikipedia.org/wiki/Germany"
"1","Book I","Austria","Mentioned locations","47.33333333","13.33333333","area","ru","— Ах, не говорите мне про Австрию! Я ничего не понимаю, может быть, но Австрия никогда не хотела и не хочет войны. Она предает нас. Россия одна должна быть спасительницей Европы. Наш благодетель знает свое высокое призвание и будет верен ему. Вот одно, во что́ я верю. Нашему доброму и чудному государю предстоит величайшая роль в мире, и он так добродетелен и хорош, что Бог не оставит его, и он исполнит свое призвание задавить гидру революции, которая теперь еще ужаснее в лице этого […]","https://ru.wikisource.org/wiki/%D0%92%D0%BE%D0%B9%D0%BD%D0%B0_%D0%B8_%D0%BC%D0%B8%D1%80_(%D0%A2%D0%BE%D0%BB%D1%81%D1%82%D0%BE%D0%B9)%2F%D0%A2%D0%BE%D0%BC_1#%D0%A7%D0%90%D0%A1%D0%A2%D0%AC_%D0%9F%D0%95%D0%A0%D0%92%D0%90%D0%AF.","https://en.wikipedia.org/wiki/Austria"
"1","Book I","Russia","Mentioned locations","66","94","area","ru","— Ах, не говорите мне про Австрию! Я ничего не понимаю, может быть, но Австрия никогда не хотела и не хочет войны. Она предает нас. Россия одна должна быть спасительницей Европы. Наш благодетель знает свое высокое призвание и будет верен ему. Вот одно, во что́ я верю. Нашему доброму и чудному государю предстоит величайшая роль в мире, и он так добродетелен и хорош, что Бог не оставит его, и он исполнит свое призвание задавить гидру революции, которая теперь еще ужаснее в лице этого убийцы и злодея. Мы одни должны искупить кровь праведника. На кого нам надеяться, я вас спрашиваю?.. […]","https://ru.wikisource.org/wiki/%D0%92%D0%BE%D0%B9%D0%BD%D0%B0_%D0%B8_%D0%BC%D0%B8%D1%80_(%D0%A2%D0%BE%D0%BB%D1%81%D1%82%D0%BE%D0%B9)%2F%D0%A2%D0%BE%D0%BC_1#%D0%A7%D0%90%D0%A1%D0%A2%D0%AC_%D0%9F%D0%95%D0%A0%D0%92%D0%90%D0%AF.","https://en.wikipedia.org/wiki/Russia"
"1","Book I","Americas","Mentioned locations","19","-96","area","ru","[…] — вам с своими генералами против Бонапарте не обойтись; надо французов взять, чтобы своя своих не познаша и своя своих побиваша. Немца Палена в Новый-Йорк, в Америку, за французом Моро послали, — сказал он, намекая на приглашение, которое в этом году было сделано Моро вступить в русскую службу. — Чудеса!!.. Что́ Потемкины, Суворовы, Орловы разве немцы были? Нет, брат, либо там вы все с ума сошли, либо я из ума выжил. Дай вам Бог, а мы посмотрим. Бонапарте у них стал полководец великий! Гм!...","https://ru.wikisource.org/wiki/%D0%92%D0%BE%D0%B9%D0%BD%D0%B0_%D0%B8_%D0%BC%D0%B8%D1%80_(%D0%A2%D0%BE%D0%BB%D1%81%D1%82%D0%BE%D0%B9)%2F%D0%A2%D0%BE%D0%BC_1#%D0%A7%D0%90%D0%A1%D0%A2%D0%AC_%D0%9F%D0%95%D0%A0%D0%92%D0%90%D0%AF.","https://www.wikidata.org/wiki/Q828"
"1","Book I","Africa","Mentioned locations","0","15","area","ru","— A пленные в Африке, которых он убил? — сказала маленькая княгиня, — это ужасно! — И она пожала плечами.","https://ru.wikisource.org/wiki/%D0%92%D0%BE%D0%B9%D0%BD%D0%B0_%D0%B8_%D0%BC%D0%B8%D1%80_(%D0%A2%D0%BE%D0%BB%D1%81%D1%82%D0%BE%D0%B9)%2F%D0%A2%D0%BE%D0%BC_1#%D0%A7%D0%90%D0%A1%D0%A2%D0%AC_%D0%9F%D0%95%D0%A0%D0%92%D0%90%D0%AF.","https://www.wikidata.org/wiki/Q15"
"1","Book I","Europe","Mentioned locations","53.5","15.5","area","ru","[…] мне про Австрию! Я ничего не понимаю, может быть, но Австрия никогда не хотела и не хочет войны. Она предает нас. Россия одна должна быть спасительницей Европы. Наш благодетель знает свое высокое призвание и будет верен ему. Вот одно, во что́ я верю. Нашему доброму и чудному государю предстоит величайшая роль в мире, и он так добродетелен и хорош, что Бог не оставит его, и он исполнит свое призвание задавить гидру революции, которая теперь еще ужаснее в лице этого убийцы и злодея. Мы одни должны искупить кровь праведника. На кого нам надеяться, я вас спрашиваю?.. Англия с своим коммерческим духом не поймет […]","https://ru.wikisource.org/wiki/%D0%92%D0%BE%D0%B9%D0%BD%D0%B0_%D0%B8_%D0%BC%D0%B8%D1%80_(%D0%A2%D0%BE%D0%BB%D1%81%D1%82%D0%BE%D0%B9)%2F%D0%A2%D0%BE%D0%BC_1#%D0%A7%D0%90%D0%A1%D0%A2%D0%AC_%D0%9F%D0%95%D0%A0%D0%92%D0%90%D0%AF.","https://www.wikidata.org/wiki/Q46"
"2","Book II","London","Mentioned locations","51.50722222","-0.1275","area","ru","— Но особенно хорошо, — говорил один, рассказывая неудачу товарища-дипломата, — особенно хорошо то, что канцлер прямо сказал ему, что назначение его в Лондон есть повышение, и чтоб он так и смотрел на это. Видите вы его фигуру при этом?...","https://ru.wikisource.org/wiki/%D0%92%D0%BE%D0%B9%D0%BD%D0%B0_%D0%B8_%D0%BC%D0%B8%D1%80_(%D0%A2%D0%BE%D0%BB%D1%81%D1%82%D0%BE%D0%B9)%2F%D0%A2%D0%BE%D0%BC_1#%D0%A7%D0%90%D0%A1%D0%A2%D0%AC_%D0%92%D0%A2%D0%9E%D0%A0%D0%90%D0%AF.","https://en.wikipedia.org/wiki/London"
"2","Book II","Paris","Mentioned locations","48.8567","2.3522","area","ru","[…] так, и еще более, обещал Билибин на дипломатическом. Он был еще молодой человек, но уже немолодой дипломат, так как он начал служить с шестнадцати лет, был в Париже, в Копенгагене и теперь в Вене занимал довольно значительное место. И канцлер и наш посланник в Вене знали его и дорожили им. Он был не из того большого количества дипломатов, которые обязаны иметь только отрицательные достоинства, не делать известных вещей и говорить по-французски для того, чтобы быть очень хорошими дипломатами; он был один из тех дипломатов, которые любят и умеют работать, и, несмотря на свою лень, он иногда проводил ночи за […]","https://ru.wikisource.org/wiki/%D0%92%D0%BE%D0%B9%D0%BD%D0%B0_%D0%B8_%D0%BC%D0%B8%D1%80_(%D0%A2%D0%BE%D0%BB%D1%81%D1%82%D0%BE%D0%B9)%2F%D0%A2%D0%BE%D0%BC_1#%D0%A7%D0%90%D0%A1%D0%A2%D0%AC_%D0%92%D0%A2%D0%9E%D0%A0%D0%90%D0%AF.","https://en.wikipedia.org/wiki/Paris"
"2","Book II","Ulm","Mentioned locations","48.39861111","9.99111111","area","ru","Слух, уже распространенный прежде, о разбитии австрийцев и о сдаче всей армии под Ульмом, оказывался справедливым. Через полчаса уже по разным направлениям были разосланы адъютанты с приказаниями, доказывавшими, что скоро и русские войска, до сих пор бывшие в бездействии, должны будут встретиться с неприятелем.","https://ru.wikisource.org/wiki/%D0%92%D0%BE%D0%B9%D0%BD%D0%B0_%D0%B8_%D0%BC%D0%B8%D1%80_(%D0%A2%D0%BE%D0%BB%D1%81%D1%82%D0%BE%D0%B9)%2F%D0%A2%D0%BE%D0%BC_1#%D0%A7%D0%90%D0%A1%D0%A2%D0%AC_%D0%92%D0%A2%D0%9E%D0%A0%D0%90%D0%AF.","https://en.wikipedia.org/wiki/Ulm"
"2","Book II","France","Mentioned locations","47","2","area","ru","[…] взята, и всё это pour les beaux yeux du сардинское величество. И потому — entre nous, mon cher — я чутьем слышу, что нас обманывают, я чутьем слышу сношения с Францией и проекты мира, тайного мира, отдельно заключенного.","https://ru.wikisource.org/wiki/%D0%92%D0%BE%D0%B9%D0%BD%D0%B0_%D0%B8_%D0%BC%D0%B8%D1%80_(%D0%A2%D0%BE%D0%BB%D1%81%D1%82%D0%BE%D0%B9)%2F%D0%A2%D0%BE%D0%BC_1#%D0%A7%D0%90%D0%A1%D0%A2%D0%AC_%D0%92%D0%A2%D0%9E%D0%A0%D0%90%D0%AF.","https://www.wikidata.org/wiki/Q142"
"2","Book II","Italy","Mentioned locations","43","12","area","ru","[…] перегнулся и выправил зацепившуюся за бурку шпагу. Шпага была старинная, не такая, какие носились теперь. Князь Андрей вспомнил рассказ о том, как Суворов в Италии подарил свою шпагу Багратиону, и ему в эту минуту особенно приятно было это воспоминание. Они подъехали к той самой батарее, у которой стоял Болконский, когда рассматривал поле сражения.","https://ru.wikisource.org/wiki/%D0%92%D0%BE%D0%B9%D0%BD%D0%B0_%D0%B8_%D0%BC%D0%B8%D1%80_(%D0%A2%D0%BE%D0%BB%D1%81%D1%82%D0%BE%D0%B9)%2F%D0%A2%D0%BE%D0%BC_1#%D0%A7%D0%90%D0%A1%D0%A2%D0%AC_%D0%92%D0%A2%D0%9E%D0%A0%D0%90%D0%AF.","https://en.wikipedia.org/wiki/Italy"
"2","Book II","Austria","Mentioned locations","47.33333333","13.33333333","area","ru","[…] ли, солнышко занималося...» и кончавшуюся словами: «То-то, братцы, будет слава нам с Каменскиим отцом...» Песня эта была сложена в Турции и пелась теперь в Австрии, только с тем изменением, что на место «Каменскиим отцом» вставляли слова: «Кутузовым отцом».","https://ru.wikisource.org/wiki/%D0%92%D0%BE%D0%B9%D0%BD%D0%B0_%D0%B8_%D0%BC%D0%B8%D1%80_(%D0%A2%D0%BE%D0%BB%D1%81%D1%82%D0%BE%D0%B9)%2F%D0%A2%D0%BE%D0%BC_1#%D0%A7%D0%90%D0%A1%D0%A2%D0%AC_%D0%92%D0%A2%D0%9E%D0%A0%D0%90%D0%AF.","https://en.wikipedia.org/wiki/Austria"
"2","Book II","Russia","Mentioned locations","66","94","area","ru","В октябре 1805 года русские войска занимали села и города эрцгерцогства Австрийского, и еще новые полки приходили из России и, отягощая постоем жителей, располагались у крепости Браунау. В Браунау была главная квартира главнокомандующего Кутузова.","https://ru.wikisource.org/wiki/%D0%92%D0%BE%D0%B9%D0%BD%D0%B0_%D0%B8_%D0%BC%D0%B8%D1%80_(%D0%A2%D0%BE%D0%BB%D1%81%D1%82%D0%BE%D0%B9)%2F%D0%A2%D0%BE%D0%BC_1#%D0%A7%D0%90%D0%A1%D0%A2%D0%AC_%D0%92%D0%A2%D0%9E%D0%A0%D0%90%D0%AF.","https://en.wikipedia.org/wiki/Russia"
"2","Book II","Poland","Mentioned locations","52","19","area","ru","— Находит, ваше превосходительство, днями, — говорил капитан, — то и умен, и учен, и добр. А то зверь. В Польше убил было жида, изволите знать...","https://ru.wikisource.org/wiki/%D0%92%D0%BE%D0%B9%D0%BD%D0%B0_%D0%B8_%D0%BC%D0%B8%D1%80_(%D0%A2%D0%BE%D0%BB%D1%81%D1%82%D0%BE%D0%B9)%2F%D0%A2%D0%BE%D0%BC_1#%D0%A7%D0%90%D0%A1%D0%A2%D0%AC_%D0%92%D0%A2%D0%9E%D0%A0%D0%90%D0%AF.","https://www.wikidata.org/wiki/Q36"
"2","Book II","Copenhagen","Mentioned locations","55.67611111","12.56833333","area","ru","[…] более, обещал Билибин на дипломатическом. Он был еще молодой человек, но уже немолодой дипломат, так как он начал служить с шестнадцати лет, был в Париже, в Копенгагене и теперь в Вене занимал довольно значительное место. И канцлер и наш посланник в Вене знали его и дорожили им. Он был не из того большого количества дипломатов, которые обязаны иметь только отрицательные достоинства, не делать известных вещей и говорить по-французски для того, чтобы быть очень хорошими дипломатами; он был один из тех дипломатов, которые любят и умеют работать, и, несмотря на свою лень, он иногда проводил ночи за письменным […]","https://ru.wikisource.org/wiki/%D0%92%D0%BE%D0%B9%D0%BD%D0%B0_%D0%B8_%D0%BC%D0%B8%D1%80_(%D0%A2%D0%BE%D0%BB%D1%81%D1%82%D0%BE%D0%B9)%2F%D0%A2%D0%BE%D0%BC_1#%D0%A7%D0%90%D0%A1%D0%A2%D0%AC_%D0%92%D0%A2%D0%9E%D0%A0%D0%90%D0%AF.","https://en.wikipedia.org/wiki/Copenhagen"
"3","Book III","Paris","Mentioned locations","48.8567","2.3522","area","ru","[…] княгиня у Анатоля. — А! я знаю, знаю, — сказала она, подмигнув, — ваш брат Ипполит мне рассказывал про ваши дела. — О! — Она погрозила ему пальчиком. — Еще в Париже ваши проказы знаю!","https://ru.wikisource.org/wiki/%D0%92%D0%BE%D0%B9%D0%BD%D0%B0_%D0%B8_%D0%BC%D0%B8%D1%80_(%D0%A2%D0%BE%D0%BB%D1%81%D1%82%D0%BE%D0%B9)%2F%D0%A2%D0%BE%D0%BC_1#%D0%A7%D0%90%D0%A1%D0%A2%D0%AC_%D0%A2%D0%A0%D0%95%D0%A2%D0%AC%D0%AF.","https://en.wikipedia.org/wiki/Paris"
"3","Book III","Berlin","Mentioned locations","52.52","13.405","area","ru","[…] Анны Павловны был такой же, как и первый, только новинкой, которою угащивала Анна Павловна своих гостей, был теперь не Мортемар, а дипломат, приехавший из Берлина и привезший самые свежие подробности о пребывании государя Александра в Потсдаме и о том, как два высочайшие друга поклялись там в неразрывном союзе отстаивать правое дело против врага человеческого рода. Пьер был принят Анной Павловной с оттенком грусти, относившейся, очевидно, к свежей потере, постигшей молодого человека, к смерти графа Безухова (все постоянно считали долгом уверять Пьера, что он очень огорчен кончиною отца, которого он почти не […]","https://ru.wikisource.org/wiki/%D0%92%D0%BE%D0%B9%D0%BD%D0%B0_%D0%B8_%D0%BC%D0%B8%D1%80_(%D0%A2%D0%BE%D0%BB%D1%81%D1%82%D0%BE%D0%B9)%2F%D0%A2%D0%BE%D0%BC_1#%D0%A7%D0%90%D0%A1%D0%A2%D0%AC_%D0%A2%D0%A0%D0%95%D0%A2%D0%AC%D0%AF.","https://en.wikipedia.org/wiki/Berlin"
"3","Book III","Potsdam","Mentioned locations","52.40055556","13.05916667","area","ru","[…] Анна Павловна своих гостей, был теперь не Мортемар, а дипломат, приехавший из Берлина и привезший самые свежие подробности о пребывании государя Александра в Потсдаме и о том, как два высочайшие друга поклялись там в неразрывном союзе отстаивать правое дело против врага человеческого рода. Пьер был принят Анной Павловной с оттенком грусти, относившейся, очевидно, к свежей потере, постигшей молодого человека, к смерти графа Безухова (все постоянно считали долгом уверять Пьера, что он очень огорчен кончиною отца, которого он почти не знал), — и грусти точно такой же, как и та высочайшая грусть, которая выражалась […]","https://ru.wikisource.org/wiki/%D0%92%D0%BE%D0%B9%D0%BD%D0%B0_%D0%B8_%D0%BC%D0%B8%D1%80_(%D0%A2%D0%BE%D0%BB%D1%81%D1%82%D0%BE%D0%B9)%2F%D0%A2%D0%BE%D0%BC_1#%D0%A7%D0%90%D0%A1%D0%A2%D0%AC_%D0%A2%D0%A0%D0%95%D0%A2%D0%AC%D0%AF.","https://en.wikipedia.org/wiki/Potsdam"
"3","Book III","England","Mentioned locations","53.13","-1.38","area","ru","Под предлогом увода раненых не расстроивать ряда! Каждый да будет вполне проникнут мыслию, что надо победить этих наемников Англии, воодушевленных такою ненавистью против нашей нации. Эта победа окончит наш поход, и мы можем возвратиться на зимние квартиры, где застанут нас новые французские войска, которые формируются во Франции; и тогда мир, который я заключу, будет достоин моего народа, вас и меня.","https://ru.wikisource.org/wiki/%D0%92%D0%BE%D0%B9%D0%BD%D0%B0_%D0%B8_%D0%BC%D0%B8%D1%80_(%D0%A2%D0%BE%D0%BB%D1%81%D1%82%D0%BE%D0%B9)%2F%D0%A2%D0%BE%D0%BC_1#%D0%A7%D0%90%D0%A1%D0%A2%D0%AC_%D0%A2%D0%A0%D0%95%D0%A2%D0%AC%D0%AF.","https://en.wikipedia.org/wiki/England"
"3","Book III","France","Mentioned locations","47","2","area","ru","[…] нашей нации. Эта победа окончит наш поход, и мы можем возвратиться на зимние квартиры, где застанут нас новые французские войска, которые формируются во Франции; и тогда мир, который я заключу, будет достоин моего народа, вас и меня.","https://ru.wikisource.org/wiki/%D0%92%D0%BE%D0%B9%D0%BD%D0%B0_%D0%B8_%D0%BC%D0%B8%D1%80_(%D0%A2%D0%BE%D0%BB%D1%81%D1%82%D0%BE%D0%B9)%2F%D0%A2%D0%BE%D0%BC_1#%D0%A7%D0%90%D0%A1%D0%A2%D0%AC_%D0%A2%D0%A0%D0%95%D0%A2%D0%AC%D0%AF.","https://www.wikidata.org/wiki/Q142"
"3","Book III","Russia","Mentioned locations","66","94","area","ru","[…] армия, стоявшая лагерем около Ольмюца, готовилась к следующему дню на смотр двух императоров — русского и австрийского. Гвардия, только что подошедшая из России, ночевала в 15-ти верстах от Ольмюца и на другой день прямо на смотр, к 10-ти часам утра, вступила на ольмюцкое поле.","https://ru.wikisource.org/wiki/%D0%92%D0%BE%D0%B9%D0%BD%D0%B0_%D0%B8_%D0%BC%D0%B8%D1%80_(%D0%A2%D0%BE%D0%BB%D1%81%D1%82%D0%BE%D0%B9)%2F%D0%A2%D0%BE%D0%BC_1#%D0%A7%D0%90%D0%A1%D0%A2%D0%AC_%D0%A2%D0%A0%D0%95%D0%A2%D0%AC%D0%AF.","https://en.wikipedia.org/wiki/Russia"
"3","Book III","Poland","Mentioned locations","52","19","area","ru","[…] сказал Борис, — а мы тоже славный поход сделали. Ведь ты знаешь, цесаревич постоянно ехал при нашем полку, так что у нас были все удобства и все выгоды. В Польше что́ за приемы были, что́ за обеды, балы — я не могу тебе рассказать. И цесаревич очень милостив был ко всем нашим офицерам.","https://ru.wikisource.org/wiki/%D0%92%D0%BE%D0%B9%D0%BD%D0%B0_%D0%B8_%D0%BC%D0%B8%D1%80_(%D0%A2%D0%BE%D0%BB%D1%81%D1%82%D0%BE%D0%B9)%2F%D0%A2%D0%BE%D0%BC_1#%D0%A7%D0%90%D0%A1%D0%A2%D0%AC_%D0%A2%D0%A0%D0%95%D0%A2%D0%AC%D0%AF.","https://www.wikidata.org/wiki/Q36"
"3","Book III","Siberia","Mentioned locations","60","105","area","ru","[…] и самодовольства.) Уж он меня пушил, как это говорится, пушил, пушил; пушил не на живот, а на смерть, как говорится; и «Арнауты», и «черти», и «в Сибирь», — говорил Берг, проницательно улыбаясь. — Я знаю, что я прав, и потому молчу, не так ли, граф? «Что, ты немой, что ли?» он закричал. Я всё молчу. Что́ ж вы думаете, граф? На другой день и в приказе не было: вот что́ значит не потеряться. Так-то, граф, — говорил Берг, закуривая трубку и пуская колечки.","https://ru.wikisource.org/wiki/%D0%92%D0%BE%D0%B9%D0%BD%D0%B0_%D0%B8_%D0%BC%D0%B8%D1%80_(%D0%A2%D0%BE%D0%BB%D1%81%D1%82%D0%BE%D0%B9)%2F%D0%A2%D0%BE%D0%BC_1#%D0%A7%D0%90%D0%A1%D0%A2%D0%AC_%D0%A2%D0%A0%D0%95%D0%A2%D0%AC%D0%AF.","https://www.wikidata.org/wiki/Q5428"
"4","Book IV","Austria","Mentioned locations","47.33333333","13.33333333","area","ru","[…] каждый по-своему, носили и скрывали свое горе. Старый князь не хотел надеяться: он решил, что князь Андрей убит, и не смотря на то, что он послал чиновника в Австрию розыскивать след сына, он заказал ему в Москве памятник, который намерен был поставить в своем саду, и всем говорил, что сын его убит. Он старался не изменяя вести прежний образ жизни, но силы изменяли ему: он меньше ходил, меньше ел, меньше спал, и с каждым днем делался слабее. Княжна Марья надеялась. Она молилась за брата, как за живого и каждую минуту ждала известия о его возвращении.","https://ru.wikisource.org/wiki/%D0%92%D0%BE%D0%B9%D0%BD%D0%B0_%D0%B8_%D0%BC%D0%B8%D1%80_(%D0%A2%D0%BE%D0%BB%D1%81%D1%82%D0%BE%D0%B9)%2F%D0%A2%D0%BE%D0%BC_2#%D0%A7%D0%90%D0%A1%D0%A2%D0%AC_%D0%9F%D0%95%D0%A0%D0%92%D0%90%D0%AF.","https://en.wikipedia.org/wiki/Austria"
"4","Book IV","Poland","Mentioned locations","52","19","area","ru","Зная, что Денисов и в Польше даже славился своим мастерством плясать польскую мазурку, Николай подбежал к Наташе:","https://ru.wikisource.org/wiki/%D0%92%D0%BE%D0%B9%D0%BD%D0%B0_%D0%B8_%D0%BC%D0%B8%D1%80_(%D0%A2%D0%BE%D0%BB%D1%81%D1%82%D0%BE%D0%B9)%2F%D0%A2%D0%BE%D0%BC_2#%D0%A7%D0%90%D0%A1%D0%A2%D0%AC_%D0%9F%D0%95%D0%A0%D0%92%D0%90%D0%AF.","https://www.wikidata.org/wiki/Q36"
"5","Book V","Paris","Mentioned locations","48.8567","2.3522","area","ru","Борис жил с другим адъютантом, польским графом Жилинским. Жилинский, воспитанный в Париже поляк, был богат, страстно любил французов, и почти каждый день во время пребывания в Тильзите к Жилинскому и Борису собирались на обеды и завтраки французские офицеры из гвардии и главного французского штаба.","https://ru.wikisource.org/wiki/%D0%92%D0%BE%D0%B9%D0%BD%D0%B0_%D0%B8_%D0%BC%D0%B8%D1%80_(%D0%A2%D0%BE%D0%BB%D1%81%D1%82%D0%BE%D0%B9)%2F%D0%A2%D0%BE%D0%BC_2#%D0%A7%D0%90%D0%A1%D0%A2%D0%AC_%D0%92%D0%A2%D0%9E%D0%A0%D0%90%D0%AF.","https://en.wikipedia.org/wiki/Paris"
"5","Book V","Vienna","Mentioned locations","48.2083","16.3725","area","ru","[…] bonne société состояла из обворожительной и несчастной, покинутой мужем, Элен, из Mortemart’a, обворожительного князя Ипполита, только что приехавшего из Вены, двух дипломатов, тетушки, одного молодого человека, пользовавшегося в гостиной наименованием просто d’un homme de beaucoup de mérite, одной вновь пожалованной фрейлины с матерью и некоторых других менее заметных особ.","https://ru.wikisource.org/wiki/%D0%92%D0%BE%D0%B9%D0%BD%D0%B0_%D0%B8_%D0%BC%D0%B8%D1%80_(%D0%A2%D0%BE%D0%BB%D1%81%D1%82%D0%BE%D0%B9)%2F%D0%A2%D0%BE%D0%BC_2#%D0%A7%D0%90%D0%A1%D0%A2%D0%AC_%D0%92%D0%A2%D0%9E%D0%A0%D0%90%D0%AF.","https://en.wikipedia.org/wiki/Vienna"
"5","Book V","Jena","Mentioned locations","50.92722222","11.58611111","area","ru","В конце 1806 года, когда получены были уже все печальные подробности об уничтожении Наполеоном прусской армии под Иеной и Ауерштетом и о сдаче большей части прусских крепостей, когда войска наши уж вступили в Пруссию, и началась наша вторая война с Наполеоном, Анна Павловна собрала у себя вечер. La crême de la véritable bonne société состояла из обворожительной и несчастной, покинутой мужем, Элен, из Mortemart’a, обворожительного князя Ипполита, только что приехавшего из Вены, двух дипломатов, тетушки, одного молодого человека, пользовавшегося в гостиной наименованием […]","https://ru.wikisource.org/wiki/%D0%92%D0%BE%D0%B9%D0%BD%D0%B0_%D0%B8_%D0%BC%D0%B8%D1%80_(%D0%A2%D0%BE%D0%BB%D1%81%D1%82%D0%BE%D0%B9)%2F%D0%A2%D0%BE%D0%BC_2#%D0%A7%D0%90%D0%A1%D0%A2%D0%AC_%D0%92%D0%A2%D0%9E%D0%A0%D0%90%D0%AF.","https://en.wikipedia.org/wiki/Jena"
"5","Book V","Potsdam","Mentioned locations","52.40055556","13.05916667","area","ru","[…] Павловна подождала его немного, но так как Ипполит решительно, казалось, не хотел больше говорить, она начала речь о том, как безбожный Бонапарт похитил в Потсдаме шпагу Фридриха Великого.","https://ru.wikisource.org/wiki/%D0%92%D0%BE%D0%B9%D0%BD%D0%B0_%D0%B8_%D0%BC%D0%B8%D1%80_(%D0%A2%D0%BE%D0%BB%D1%81%D1%82%D0%BE%D0%B9)%2F%D0%A2%D0%BE%D0%BC_2#%D0%A7%D0%90%D0%A1%D0%A2%D0%AC_%D0%92%D0%A2%D0%9E%D0%A0%D0%90%D0%AF.","https://en.wikipedia.org/wiki/Potsdam"
"5","Book V","Italy","Mentioned locations","43","12","area","ru","У алтаря лысогорской церкви была часовня над могилой маленькой княгини, и в часовне был поставлен привезенный из Италии мраморный памятник, изображавший ангела, расправившего крылья и готовящегося подняться на небо. У ангела была немного приподнята верхняя губа, как будто он сбирался улыбнуться, и однажды князь Андрей и княжна Марья, выходя из часовни, признались друг другу, что странно, лицо этого ангела напоминало им лицо покойницы. Но что было еще страннее и чего князь Андрей не сказал сестре, было то, что в выражении, которое дал случайно художник лицу ангела, […]","https://ru.wikisource.org/wiki/%D0%92%D0%BE%D0%B9%D0%BD%D0%B0_%D0%B8_%D0%BC%D0%B8%D1%80_(%D0%A2%D0%BE%D0%BB%D1%81%D1%82%D0%BE%D0%B9)%2F%D0%A2%D0%BE%D0%BC_2#%D0%A7%D0%90%D0%A1%D0%A2%D0%AC_%D0%92%D0%A2%D0%9E%D0%A0%D0%90%D0%AF.","https://en.wikipedia.org/wiki/Italy"
"5","Book V","Austria","Mentioned locations","47.33333333","13.33333333","area","ru","[…] быть поднесен гостям, вошел в гостиную, уже почти всё общество было в сборе, и разговор, руководимый Анной Павловной, шел о наших дипломатических сношениях с Австрией и о надежде на союз с нею.","https://ru.wikisource.org/wiki/%D0%92%D0%BE%D0%B9%D0%BD%D0%B0_%D0%B8_%D0%BC%D0%B8%D1%80_(%D0%A2%D0%BE%D0%BB%D1%81%D1%82%D0%BE%D0%B9)%2F%D0%A2%D0%BE%D0%BC_2#%D0%A7%D0%90%D0%A1%D0%A2%D0%AC_%D0%92%D0%A2%D0%9E%D0%A0%D0%90%D0%AF.","https://en.wikipedia.org/wiki/Austria"
"5","Book V","Russia","Mentioned locations","66","94","area","ru","В 1806 году старый князь был определен одним из восьми главнокомандующих по ополчению, назначенных тогда по всей России. Старый князь, несмотря на свою старческую слабость, особенно сделавшуюся заметною в тот период времени, когда он считал своего сына убитым, не счел себя вправе отказаться от должности, в которую был определен самим государем, и эта вновь открывшаяся ему деятельность возбудила и укрепила его. Он постоянно бывал в разъездах по трем вверенным ему губерниям; был до педантизма исполнителен в своих обязанностях, строг до жестокости с своими подчиненными, […]","https://ru.wikisource.org/wiki/%D0%92%D0%BE%D0%B9%D0%BD%D0%B0_%D0%B8_%D0%BC%D0%B8%D1%80_(%D0%A2%D0%BE%D0%BB%D1%81%D1%82%D0%BE%D0%B9)%2F%D0%A2%D0%BE%D0%BC_2#%D0%A7%D0%90%D0%A1%D0%A2%D0%AC_%D0%92%D0%A2%D0%9E%D0%A0%D0%90%D0%AF.","https://en.wikipedia.org/wiki/Russia"
"5","Book V","Siberia","Mentioned locations","60","105","area","ru","— Ну, вот ты хочешь освободить крестьян, — продолжал он. — Это очень хорошо; но не для тебя (ты, я думаю, никого не засекал и не посылал в Сибирь), и еще меньше для крестьян. Ежели их бьют, секут, посылают в Сибирь, то я думаю, что им от этого нисколько не хуже. В Сибири ведет он ту же свою скотскую жизнь, а рубцы на теле заживут, и он так же счастлив, как и был прежде. А нужно это для тех людей, которые гибнут нравственно, наживают себе раскаяние, подавливают это раскаяние и грубеют от того, что у них есть возможность казнить право и неправо. Вот кого мне жалко, и для кого бы я желал […]","https://ru.wikisource.org/wiki/%D0%92%D0%BE%D0%B9%D0%BD%D0%B0_%D0%B8_%D0%BC%D0%B8%D1%80_(%D0%A2%D0%BE%D0%BB%D1%81%D1%82%D0%BE%D0%B9)%2F%D0%A2%D0%BE%D0%BC_2#%D0%A7%D0%90%D0%A1%D0%A2%D0%AC_%D0%92%D0%A2%D0%9E%D0%A0%D0%90%D0%AF.","https://www.wikidata.org/wiki/Q5428"
"6","Book VI","Jerusalem","Mentioned locations","31.77888889","35.22555556","area","ru","[…] он кушает самую простую пищу, он работает над наукой. Он принял меня милостиво и посадил на кровати, на которой он лежал; я сделал ему знак рыцарей Востока и Иерусалима, он ответил мне тем же, и с кроткою улыбкой спросил меня о том, что́ я узнал и приобрел в прусских и шотландских ложах. Я рассказал ему всё, как умел, передав те основания, которые я предлагал в нашей Петербургской ложе и сообщил о дурном приеме, сделанном мне, и о разрыве, происшедшем между мною и братьями. Иосиф Алексеевич, изрядно помолчав и подумав, на всё это изложил мне свой взгляд, который мгновенно осветил мне всё прошедшее и весь […]","https://ru.wikisource.org/wiki/%D0%92%D0%BE%D0%B9%D0%BD%D0%B0_%D0%B8_%D0%BC%D0%B8%D1%80_(%D0%A2%D0%BE%D0%BB%D1%81%D1%82%D0%BE%D0%B9)%2F%D0%A2%D0%BE%D0%BC_2#%D0%A7%D0%90%D0%A1%D0%A2%D0%AC_%D0%A2%D0%A0%D0%95%D0%A2%D0%AC%D0%AF.","https://en.wikipedia.org/wiki/Jerusalem"
"6","Book VI","Erfurt","Mentioned locations","50.97805556","11.02888889","area","ru","В 1808-м году император Александр ездил в Эрфурт для нового свидания с императором Наполеоном, и в высшем петербургском обществе много говорили о величии этого торжественного свидания.","https://ru.wikisource.org/wiki/%D0%92%D0%BE%D0%B9%D0%BD%D0%B0_%D0%B8_%D0%BC%D0%B8%D1%80_(%D0%A2%D0%BE%D0%BB%D1%81%D1%82%D0%BE%D0%B9)%2F%D0%A2%D0%BE%D0%BC_2#%D0%A7%D0%90%D0%A1%D0%A2%D0%AC_%D0%A2%D0%A0%D0%95%D0%A2%D0%AC%D0%AF.","https://en.wikipedia.org/wiki/Erfurt"
"6","Book VI","England","Mentioned locations","53.13","-1.38","area","ru","[…] Он решил сам собой, что ему надо заняться воспитанием своего сына, найдя ему воспитателя и поручив ему; потом надо выйти в отставку и ехать за границу, видеть Англию, Швейцарию, Италию. «Мне надо пользоваться своею свободой, пока так много в себе чувствую силы и молодости — говорил он сам себе. — Пьер был прав, говоря, что надо верить в возможность счастия, чтобы быть счастливым, и я теперь верю в него. Оставим мертвым хоронить мертвых, а пока жив, надо жить и быть счастливым», думал он.","https://ru.wikisource.org/wiki/%D0%92%D0%BE%D0%B9%D0%BD%D0%B0_%D0%B8_%D0%BC%D0%B8%D1%80_(%D0%A2%D0%BE%D0%BB%D1%81%D1%82%D0%BE%D0%B9)%2F%D0%A2%D0%BE%D0%BC_2#%D0%A7%D0%90%D0%A1%D0%A2%D0%AC_%D0%A2%D0%A0%D0%95%D0%A2%D0%AC%D0%AF.","https://en.wikipedia.org/wiki/England"
"6","Book VI","Italy","Mentioned locations","43","12","area","ru","[…] что ему надо заняться воспитанием своего сына, найдя ему воспитателя и поручив ему; потом надо выйти в отставку и ехать за границу, видеть Англию, Швейцарию, Италию. «Мне надо пользоваться своею свободой, пока так много в себе чувствую силы и молодости — говорил он сам себе. — Пьер был прав, говоря, что надо верить в возможность счастия, чтобы быть счастливым, и я теперь верю в него. Оставим мертвым хоронить мертвых, а пока жив, надо жить и быть счастливым», думал он.","https://ru.wikisource.org/wiki/%D0%92%D0%BE%D0%B9%D0%BD%D0%B0_%D0%B8_%D0%BC%D0%B8%D1%80_(%D0%A2%D0%BE%D0%BB%D1%81%D1%82%D0%BE%D0%B9)%2F%D0%A2%D0%BE%D0%BC_2#%D0%A7%D0%90%D0%A1%D0%A2%D0%AC_%D0%A2%D0%A0%D0%95%D0%A2%D0%AC%D0%AF.","https://en.wikipedia.org/wiki/Italy"
"6","Book VI","Switzerland","Mentioned locations","46.83333333","8.33333333","area","ru","[…] сам собой, что ему надо заняться воспитанием своего сына, найдя ему воспитателя и поручив ему; потом надо выйти в отставку и ехать за границу, видеть Англию, Швейцарию, Италию. «Мне надо пользоваться своею свободой, пока так много в себе чувствую силы и молодости — говорил он сам себе. — Пьер был прав, говоря, что надо верить в возможность счастия, чтобы быть счастливым, и я теперь верю в него. Оставим мертвым хоронить мертвых, а пока жив, надо жить и быть счастливым», думал он.","https://ru.wikisource.org/wiki/%D0%92%D0%BE%D0%B9%D0%BD%D0%B0_%D0%B8_%D0%BC%D0%B8%D1%80_(%D0%A2%D0%BE%D0%BB%D1%81%D1%82%D0%BE%D0%B9)%2F%D0%A2%D0%BE%D0%BC_2#%D0%A7%D0%90%D0%A1%D0%A2%D0%AC_%D0%A2%D0%A0%D0%95%D0%A2%D0%AC%D0%AF.","https://en.wikipedia.org/wiki/Switzerland"
"6","Book VI","Austria","Mentioned locations","47.33333333","13.33333333","area","ru","В 1809-м году близость двух властелинов мира, как называли Наполеона и Александра, дошла до того, что, когда Наполеон объявил в этом году войну Австрии, то русский корпус выступил за-границу для содействия своему прежнему врагу Бонапарте против прежнего союзника, австрийского императора; до того, что в высшем свете говорили о возможности брака между Наполеоном и одною из сестер императора Александра. Но, кроме внешних политических соображений, в это время внимание русского общества с особенною живостью обращено было на внутренние преобразования, которые были производимы в это время во всех частях […]","https://ru.wikisource.org/wiki/%D0%92%D0%BE%D0%B9%D0%BD%D0%B0_%D0%B8_%D0%BC%D0%B8%D1%80_(%D0%A2%D0%BE%D0%BB%D1%81%D1%82%D0%BE%D0%B9)%2F%D0%A2%D0%BE%D0%BC_2#%D0%A7%D0%90%D0%A1%D0%A2%D0%AC_%D0%A2%D0%A0%D0%95%D0%A2%D0%AC%D0%AF.","https://en.wikipedia.org/wiki/Austria"
"6","Book VI","Russia","Mentioned locations","66","94","area","ru","Одно имение его в триста душ крестьян было перечислено в вольные хлебопашцы (это был один из первых примеров в России), в других барщина заменена оброком. В Богучарово была выписана на его счет ученая бабка для помощи родильницам, и священник за жалованье обучал детей крестьянских и дворовых грамоте.","https://ru.wikisource.org/wiki/%D0%92%D0%BE%D0%B9%D0%BD%D0%B0_%D0%B8_%D0%BC%D0%B8%D1%80_(%D0%A2%D0%BE%D0%BB%D1%81%D1%82%D0%BE%D0%B9)%2F%D0%A2%D0%BE%D0%BC_2#%D0%A7%D0%90%D0%A1%D0%A2%D0%AC_%D0%A2%D0%A0%D0%95%D0%A2%D0%AC%D0%AF.","https://en.wikipedia.org/wiki/Russia"
"6","Book VI","Europe","Mentioned locations","53.5","15.5","area","ru","Элен была в Эрфурте во время знаменитого свидания императоров, и оттуда привезла эти связи со всеми Наполеоновскими достопримечательностями Европы. В Эрфурте она имела блестящий успех. Сам Наполеон, заметив ее в театре, спросил кто она и оценил ее красоту. Успех ее в качестве красивой и элегантной женщины не удивлял Пьера, потому что с годами она сделалась еще красивее, чем прежде. Но удивляло его то, что за эти два года жена его успела приобрести себе репутацию «d’une femme charmante, aussi spirituelle, que belle». Известный prince de Ligne писал ей письма на восьми страницах. Билибин […]","https://ru.wikisource.org/wiki/%D0%92%D0%BE%D0%B9%D0%BD%D0%B0_%D0%B8_%D0%BC%D0%B8%D1%80_(%D0%A2%D0%BE%D0%BB%D1%81%D1%82%D0%BE%D0%B9)%2F%D0%A2%D0%BE%D0%BC_2#%D0%A7%D0%90%D0%A1%D0%A2%D0%AC_%D0%A2%D0%A0%D0%95%D0%A2%D0%AC%D0%AF.","https://www.wikidata.org/wiki/Q46"
"7","Book VII","Rome","Mentioned locations","41.89333333","12.48277778","area","ru","Николай доживал у родных свой срок отпуска. От жениха князя Андрея получено было четвертое письмо, из Рима, в котором он писал, что он уже давно бы был на пути в Россию, ежели бы неожиданно в теплом климате не открылась его рана, что́ заставляет его отложить свой отъезд до начала будущего года. Наташа была так же влюблена в своего жениха, так же успокоена этою любовью и так же восприимчива ко всем радостям жизни; но в конце четвертого месяца разлуки с ним, на нее начинали находить минуты грусти, против которой она не могла бороться. Ей жалко было самое […]","https://ru.wikisource.org/wiki/%D0%92%D0%BE%D0%B9%D0%BD%D0%B0_%D0%B8_%D0%BC%D0%B8%D1%80_(%D0%A2%D0%BE%D0%BB%D1%81%D1%82%D0%BE%D0%B9)%2F%D0%A2%D0%BE%D0%BC_2#%D0%A7%D0%90%D0%A1%D0%A2%D0%AC_%D0%A7%D0%95%D0%A2%D0%92%D0%95%D0%A0%D0%A2%D0%90%D0%AF.","https://en.wikipedia.org/wiki/Rome"
"7","Book VII","Russia","Mentioned locations","66","94","area","ru","[…] доживал у родных свой срок отпуска. От жениха князя Андрея получено было четвертое письмо, из Рима, в котором он писал, что он уже давно бы был на пути в Россию, ежели бы неожиданно в теплом климате не открылась его рана, что́ заставляет его отложить свой отъезд до начала будущего года. Наташа была так же влюблена в своего жениха, так же успокоена этою любовью и так же восприимчива ко всем радостям жизни; но в конце четвертого месяца разлуки с ним, на нее начинали находить минуты грусти, против которой она не могла бороться. Ей жалко было самое себя, жалко было, что она так даром, ни для кого, пропадала всё […]","https://ru.wikisource.org/wiki/%D0%92%D0%BE%D0%B9%D0%BD%D0%B0_%D0%B8_%D0%BC%D0%B8%D1%80_(%D0%A2%D0%BE%D0%BB%D1%81%D1%82%D0%BE%D0%B9)%2F%D0%A2%D0%BE%D0%BC_2#%D0%A7%D0%90%D0%A1%D0%A2%D0%AC_%D0%A7%D0%95%D0%A2%D0%92%D0%95%D0%A0%D0%A2%D0%90%D0%AF.","https://en.wikipedia.org/wiki/Russia"
"8","Book VIII","Paris","Mentioned locations","48.8567","2.3522","area","ru","[…] мы против наших учителей и богов можем ополчиться? Посмотрите на нашу молодежь, посмотрите на наших барынь. Наши боги — французы, наше царство небесное — Париж.","https://ru.wikisource.org/wiki/%D0%92%D0%BE%D0%B9%D0%BD%D0%B0_%D0%B8_%D0%BC%D0%B8%D1%80_(%D0%A2%D0%BE%D0%BB%D1%81%D1%82%D0%BE%D0%B9)%2F%D0%A2%D0%BE%D0%BC_2#%D0%A7%D0%90%D0%A1%D0%A2%D0%AC_%D0%9F%D0%AF%D0%A2%D0%90%D0%AF","https://en.wikipedia.org/wiki/Paris"
"8","Book VIII","France","Mentioned locations","47","2","area","ru","[…] дивизию и церемониальный марш, — продолжал генерал, — и будто посланник никакого внимания не обратил и будто позволил себе сказать, что мы у себя во Франции на такие пустяки не обращаем внимания. Государь ничего не изволил сказать. На следующем смотру, говорят, государь ни разу не изволил обратиться к нему.","https://ru.wikisource.org/wiki/%D0%92%D0%BE%D0%B9%D0%BD%D0%B0_%D0%B8_%D0%BC%D0%B8%D1%80_(%D0%A2%D0%BE%D0%BB%D1%81%D1%82%D0%BE%D0%B9)%2F%D0%A2%D0%BE%D0%BC_2#%D0%A7%D0%90%D0%A1%D0%A2%D0%AC_%D0%9F%D0%AF%D0%A2%D0%90%D0%AF","https://www.wikidata.org/wiki/Q142"
"8","Book VIII","Switzerland","Mentioned locations","46.83333333","8.33333333","area","ru","[…] усмешка его говорила: «здоров, но здоровье мое никому не нужно». Сказав несколько слов с Пьером об ужасной дороге от границ Польши, о том, как он встретил в Швейцарии людей, знавших Пьера, и о господине Десале, которого он воспитателем для сына привез из-за границы, князь Андрей опять с горячностью вмешался в разговор о Сперанском, продолжавшийся между двумя стариками.","https://ru.wikisource.org/wiki/%D0%92%D0%BE%D0%B9%D0%BD%D0%B0_%D0%B8_%D0%BC%D0%B8%D1%80_(%D0%A2%D0%BE%D0%BB%D1%81%D1%82%D0%BE%D0%B9)%2F%D0%A2%D0%BE%D0%BC_2#%D0%A7%D0%90%D0%A1%D0%A2%D0%AC_%D0%9F%D0%AF%D0%A2%D0%90%D0%AF","https://en.wikipedia.org/wiki/Switzerland"
"8","Book VIII","Austria","Mentioned locations","47.33333333","13.33333333","area","ru","[…] до тех пор будут несчастливы, пока мы будем искать союзов с немцами и будем соваться в Европейские дела, в которые нас втянул Тильзитский мир. Нам ни за Австрию, ни против Австрии не надо было воевать. Наша политика вся на Востоке, а в отношении Бонапарта одно — вооружение на границе и твердость в политике, и никогда он не посмеет переступить русскую границу, как в седьмом году.","https://ru.wikisource.org/wiki/%D0%92%D0%BE%D0%B9%D0%BD%D0%B0_%D0%B8_%D0%BC%D0%B8%D1%80_(%D0%A2%D0%BE%D0%BB%D1%81%D1%82%D0%BE%D0%B9)%2F%D0%A2%D0%BE%D0%BC_2#%D0%A7%D0%90%D0%A1%D0%A2%D0%AC_%D0%9F%D0%AF%D0%A2%D0%90%D0%AF","https://en.wikipedia.org/wiki/Austria"
"8","Book VIII","Russia","Mentioned locations","66","94","area","ru","[…] и что, как он ни вертись, он будет тем, чем были все в его положении. Он не мог бы поверить этому! Разве не он всею душой желал, то произвести республику в России, то самому быть Наполеоном, то философом, то тактиком, победителем Наполеона? Разве не он видел возможность и страстно желал переродить порочный род человеческий и самого себя довести до высшей степени совершенства? Разве не он учреждал и школы и больницы и отпускал крестьян на волю?","https://ru.wikisource.org/wiki/%D0%92%D0%BE%D0%B9%D0%BD%D0%B0_%D0%B8_%D0%BC%D0%B8%D1%80_(%D0%A2%D0%BE%D0%BB%D1%81%D1%82%D0%BE%D0%B9)%2F%D0%A2%D0%BE%D0%BC_2#%D0%A7%D0%90%D0%A1%D0%A2%D0%AC_%D0%9F%D0%AF%D0%A2%D0%90%D0%AF","https://en.wikipedia.org/wiki/Russia"
"8","Book VIII","Poland","Mentioned locations","52","19","area","ru","[…] тем более, что Анатоль, чего никто не знал, кроме самых близких друзей его, был два года тому назад женат. Два года тому назад, во время стоянки его полка в Польше, один польский небогатый помещик заставил Анатоля жениться на своей дочери.","https://ru.wikisource.org/wiki/%D0%92%D0%BE%D0%B9%D0%BD%D0%B0_%D0%B8_%D0%BC%D0%B8%D1%80_(%D0%A2%D0%BE%D0%BB%D1%81%D1%82%D0%BE%D0%B9)%2F%D0%A2%D0%BE%D0%BC_2#%D0%A7%D0%90%D0%A1%D0%A2%D0%AC_%D0%9F%D0%AF%D0%A2%D0%90%D0%AF","https://www.wikidata.org/wiki/Q36"
"8","Book VIII","Siberia","Mentioned locations","60","105","area","ru","[…] не раз напаивали они его шампанским и мадерой, которую он любил, и не одну штуку он знал за каждым из них, которая обыкновенному человеку давно бы заслужила Сибирь. В кутежах своих они часто зазывали Балагу, заставляли его пить и плясать у цыган, и не одна тысяча их денег перешла через его руки. Служа им, он двадцать раз в году рисковал и своею жизнью и своею шкурой, и на их работе переморил больше лошадей, чем они ему переплатили денег. Но он любил их, любил эту безумную езду, по восемнадцати верст в час, любил перекувырнуть извозчика и раздавить пешехода по Москве, и во весь скок пролететь по московским […]","https://ru.wikisource.org/wiki/%D0%92%D0%BE%D0%B9%D0%BD%D0%B0_%D0%B8_%D0%BC%D0%B8%D1%80_(%D0%A2%D0%BE%D0%BB%D1%81%D1%82%D0%BE%D0%B9)%2F%D0%A2%D0%BE%D0%BC_2#%D0%A7%D0%90%D0%A1%D0%A2%D0%AC_%D0%9F%D0%AF%D0%A2%D0%90%D0%AF","https://www.wikidata.org/wiki/Q5428"
"8","Book VIII","Europe","Mentioned locations","53.5","15.5","area","ru","— Бонапарт поступает с Европой как пират на завоеванном корабле, — сказал граф Растопчин, повторяя уже несколько раз говоренную им фразу. — Удивляешься только долготерпению или ослеплению государей. Теперь дело доходит до папы, и Бонапарт уже не стесняясь хочет низвергнуть главу католической религии, и все молчат! Один наш государь протестовал против захвата владений герцога Ольденбургского. И то... — Граф Растопчин замолчал, чувствуя, что он стоял на том рубеже, где уже нельзя […]","https://ru.wikisource.org/wiki/%D0%92%D0%BE%D0%B9%D0%BD%D0%B0_%D0%B8_%D0%BC%D0%B8%D1%80_(%D0%A2%D0%BE%D0%BB%D1%81%D1%82%D0%BE%D0%B9)%2F%D0%A2%D0%BE%D0%BC_2#%D0%A7%D0%90%D0%A1%D0%A2%D0%AC_%D0%9F%D0%AF%D0%A2%D0%90%D0%AF","https://www.wikidata.org/wiki/Q46"
"9","Book IX","Paris","Mentioned locations","48.8567","2.3522","area","ru","[…] Марию-Луизу, как говорит его историк, оставил ее огорченною разлукой, которую она — эта Мария-Луиза, считавшаяся его супругой, несмотря на то, что в Париже оставалась другая супруга — казалось не в силах была перенести. Несмотря на то, что дипломаты еще твердо верили в возможность мира и усердно работали с этою целью, несмотря на то. что император Наполеон сам писал письмо императору Александру, называя его Monsieur mon frère и искренно уверяя, что он не желает войны, и что всегда будет любить и уважать его — он ехал к армии и отдавал на каждой станции новые приказания, имевшие целью торопить движение […]","https://ru.wikisource.org/wiki/%D0%92%D0%BE%D0%B9%D0%BD%D0%B0_%D0%B8_%D0%BC%D0%B8%D1%80_(%D0%A2%D0%BE%D0%BB%D1%81%D1%82%D0%BE%D0%B9)%2F%D0%A2%D0%BE%D0%BC_3#%D0%A7%D0%90%D0%A1%D0%A2%D0%AC_%D0%9F%D0%95%D0%A0%D0%92%D0%90%D0%AF.","https://en.wikipedia.org/wiki/Paris"
"9","Book IX","Rome","Mentioned locations","41.89333333","12.48277778","area","ru","[…] ему, когда он глядел на небо на Аустерлицком поле, которые он любил развивать с Пьером и которые наполняли его уединение в Богучарове, а потом в Швейцарии и Риме; но он даже боялся вспомнить об этих мыслях, раскрывавших бесконечные и светлые горизонты. Его интересовали теперь только самые ближайшие, не связанные с прежними, практические интересы, за которые он ухватывался с тем бòльшею жадностью, чем закрытее были от него прежние. Как будто тот бесконечный удаляющийся свод неба, стоявший прежде над ним, вдруг превратился в низкий, определенный, давивший его свод, в котором всё было ясно, но ничего не было […]","https://ru.wikisource.org/wiki/%D0%92%D0%BE%D0%B9%D0%BD%D0%B0_%D0%B8_%D0%BC%D0%B8%D1%80_(%D0%A2%D0%BE%D0%BB%D1%81%D1%82%D0%BE%D0%B9)%2F%D0%A2%D0%BE%D0%BC_3#%D0%A7%D0%90%D0%A1%D0%A2%D0%AC_%D0%9F%D0%95%D0%A0%D0%92%D0%90%D0%AF.","https://en.wikipedia.org/wiki/Rome"
"9","Book IX","Jerusalem","Mentioned locations","31.77888889","35.22555556","area","ru","[…] Се враг смущаяй землю Твою и хотяй положити вселенную всю пусту, восста на ны: се люди беззаконнии собрашася, еже погубити достояние Твое, разорити честный Иерусалим Твой, возлюбленную Твою Россию: осквернити храмы Твои, раскопати алтари и поругатися Святыне нашей. Доколе. Господи, доколе грешницы восхвалятся? Доколе употребити имать законопреступный власть?","https://ru.wikisource.org/wiki/%D0%92%D0%BE%D0%B9%D0%BD%D0%B0_%D0%B8_%D0%BC%D0%B8%D1%80_(%D0%A2%D0%BE%D0%BB%D1%81%D1%82%D0%BE%D0%B9)%2F%D0%A2%D0%BE%D0%BC_3#%D0%A7%D0%90%D0%A1%D0%A2%D0%AC_%D0%9F%D0%95%D0%A0%D0%92%D0%90%D0%AF.","https://en.wikipedia.org/wiki/Jerusalem"
"9","Book IX","Naples","Mentioned locations","40.8358","14.2486","area","ru","[…] потому имел более торжественный и важный вид, чем прежде. Он так был уверен в том, что он действительно Неаполитанский король, что когда, накануне отъезда из Неаполя, во время его прогулки с женою по улицам, несколько итальянцев прокричали ему: «Viva il re!»он с грустною улыбкой повернулся к супруге и сказал: «Les malheureux, ils ne savent pas que je les quitte demain!»","https://ru.wikisource.org/wiki/%D0%92%D0%BE%D0%B9%D0%BD%D0%B0_%D0%B8_%D0%BC%D0%B8%D1%80_(%D0%A2%D0%BE%D0%BB%D1%81%D1%82%D0%BE%D0%B9)%2F%D0%A2%D0%BE%D0%BC_3#%D0%A7%D0%90%D0%A1%D0%A2%D0%AC_%D0%9F%D0%95%D0%A0%D0%92%D0%90%D0%AF.","https://en.wikipedia.org/wiki/Naples"
"9","Book IX","Dresden","Mentioned locations","51.05","13.74","area","ru","[…] грандиозностию приготовлений, и расходы по приготовлению, и потребность приобретения таких выгод, которые бы окупили эти расходы, и одурманившие почести в Дрездене, и дипломатические переговоры, которые, по взгляду современников, были ведены с искренним желанием достижения мира и которые только уязвляли самолюбие той и другой стороны, и миллионы миллионов других причин, подделавшихся под имеющее совершиться событие, совпавших с ним.","https://ru.wikisource.org/wiki/%D0%92%D0%BE%D0%B9%D0%BD%D0%B0_%D0%B8_%D0%BC%D0%B8%D1%80_(%D0%A2%D0%BE%D0%BB%D1%81%D1%82%D0%BE%D0%B9)%2F%D0%A2%D0%BE%D0%BC_3#%D0%A7%D0%90%D0%A1%D0%A2%D0%AC_%D0%9F%D0%95%D0%A0%D0%92%D0%90%D0%AF.","https://en.wikipedia.org/wiki/Dresden"
"9","Book IX","Jena","Mentioned locations","50.92722222","11.58611111","area","ru","В 1806 году Пфуль был один из составителей плана войны, кончившейся Иеной и Ауерштетом; но в исходе этой войны он не видел ни малейшего доказательства неправильности своей теории. Напротив, сделанные отступления от его теории были, по его понятиям, единственною причиной всей неудачи, и он с свойственною ему радостною иронией говорил: Ich sagte ja dass die ganze Geschichte zum Teufel gehen werde. Пфуль был один из тех теоретиков, которые так любят свою теорию, что забывают цель теории — приложение ее к практике; он из любви […]","https://ru.wikisource.org/wiki/%D0%92%D0%BE%D0%B9%D0%BD%D0%B0_%D0%B8_%D0%BC%D0%B8%D1%80_(%D0%A2%D0%BE%D0%BB%D1%81%D1%82%D0%BE%D0%B9)%2F%D0%A2%D0%BE%D0%BC_3#%D0%A7%D0%90%D0%A1%D0%A2%D0%AC_%D0%9F%D0%95%D0%A0%D0%92%D0%90%D0%AF.","https://en.wikipedia.org/wiki/Jena"
"9","Book IX","England","Mentioned locations","53.13","-1.38","area","ru","Понятно, что таким представлялось дело современникам. Понятно, что Наполеону казалось, что причиной войны были интриги Англии (как он и говорил это на острове св. Елены); понятно, что членам английской палаты казалось, что причиной войны было властолюбие Наполеона; что принцу Ольденбургскому казалось, что причиной войны было совершенное против него насилие; что купцам казалось, что причиной войны была континентальная система, разорявшая Европу, что старым солдатам и генералам казалось, что главной причиной была необходимость употребить их в дело; легитимистам того времени […]","https://ru.wikisource.org/wiki/%D0%92%D0%BE%D0%B9%D0%BD%D0%B0_%D0%B8_%D0%BC%D0%B8%D1%80_(%D0%A2%D0%BE%D0%BB%D1%81%D1%82%D0%BE%D0%B9)%2F%D0%A2%D0%BE%D0%BC_3#%D0%A7%D0%90%D0%A1%D0%A2%D0%AC_%D0%9F%D0%95%D0%A0%D0%92%D0%90%D0%AF.","https://en.wikipedia.org/wiki/England"
"9","Book IX","France","Mentioned locations","47","2","area","ru","[…] Наполеон оскорблен требованиями вывода войск из Пруссии, в особенности тогда, когда это требование сделалось всем известно и когда этим оскорблено достоинство Франции. Балашев сказал, что в требовании этом нет ничего оскорбительного, потому что... Мюрат перебил его:","https://ru.wikisource.org/wiki/%D0%92%D0%BE%D0%B9%D0%BD%D0%B0_%D0%B8_%D0%BC%D0%B8%D1%80_(%D0%A2%D0%BE%D0%BB%D1%81%D1%82%D0%BE%D0%B9)%2F%D0%A2%D0%BE%D0%BC_3#%D0%A7%D0%90%D0%A1%D0%A2%D0%AC_%D0%9F%D0%95%D0%A0%D0%92%D0%90%D0%AF.","https://www.wikidata.org/wiki/Q142"
"9","Book IX","Germany","Mentioned locations","51","9","area","ru","— И пусть он знает, что я это сделаю, — сказал Наполеон, вставая и отталкивая рукой свою чашку. — Я выгоню из Германии всех его родных, Виртембергских, Баденских, Веймарских...","https://ru.wikisource.org/wiki/%D0%92%D0%BE%D0%B9%D0%BD%D0%B0_%D0%B8_%D0%BC%D0%B8%D1%80_(%D0%A2%D0%BE%D0%BB%D1%81%D1%82%D0%BE%D0%B9)%2F%D0%A2%D0%BE%D0%BC_3#%D0%A7%D0%90%D0%A1%D0%A2%D0%AC_%D0%9F%D0%95%D0%A0%D0%92%D0%90%D0%AF.","https://en.wikipedia.org/wiki/Germany"
"9","Book IX","Switzerland","Mentioned locations","46.83333333","8.33333333","area","ru","[…] раз пришли ему, когда он глядел на небо на Аустерлицком поле, которые он любил развивать с Пьером и которые наполняли его уединение в Богучарове, а потом в Швейцарии и Риме; но он даже боялся вспомнить об этих мыслях, раскрывавших бесконечные и светлые горизонты. Его интересовали теперь только самые ближайшие, не связанные с прежними, практические интересы, за которые он ухватывался с тем бòльшею жадностью, чем закрытее были от него прежние. Как будто тот бесконечный удаляющийся свод неба, стоявший прежде над ним, вдруг превратился в низкий, определенный, давивший его свод, в котором всё было ясно, но ничего […]","https://ru.wikisource.org/wiki/%D0%92%D0%BE%D0%B9%D0%BD%D0%B0_%D0%B8_%D0%BC%D0%B8%D1%80_(%D0%A2%D0%BE%D0%BB%D1%81%D1%82%D0%BE%D0%B9)%2F%D0%A2%D0%BE%D0%BC_3#%D0%A7%D0%90%D0%A1%D0%A2%D0%AC_%D0%9F%D0%95%D0%A0%D0%92%D0%90%D0%AF.","https://en.wikipedia.org/wiki/Switzerland"
"9","Book IX","Austria","Mentioned locations","47.33333333","13.33333333","area","ru","[…] легитимистам того времени то, что необходимо было восстановить les bons principes, а дипломатам того времени то, что всё произошло от того, что союз России с Австрией в 1809 году не был достаточно искусно скрыт от Наполеона, и что неловко был написан memorandum за № 178. Понятно, что эти и еще бесчисленное, бесконечное количество причин, количество которых зависит от бесчисленного различия точек зрения, представлялось современникам; но для нас — потомков, созерцающих во всем его объеме громадность совершившегося события и вникающих в его простой и страшный смысл, причины эти представляются недостаточными. Для […]","https://ru.wikisource.org/wiki/%D0%92%D0%BE%D0%B9%D0%BD%D0%B0_%D0%B8_%D0%BC%D0%B8%D1%80_(%D0%A2%D0%BE%D0%BB%D1%81%D1%82%D0%BE%D0%B9)%2F%D0%A2%D0%BE%D0%BC_3#%D0%A7%D0%90%D0%A1%D0%A2%D0%AC_%D0%9F%D0%95%D0%A0%D0%92%D0%90%D0%AF.","https://en.wikipedia.org/wiki/Austria"
"9","Book IX","Russia","Mentioned locations","66","94","area","ru","[…] сил западной Европы, и в 1812 году силы эти — миллионы людей (считая тех, которые перевозили и кормили армию), двинулись с Запада на Восток, к границам России, к которым точно так же с 1811-го года стягивались силы России. Двенадцатого июня силы западной Европы перешли границы России, и началась война, т. е. совершилось противное человеческому разуму и всей человеческой природе событие. Миллионы людей совершали друг против друга такое бесчисленное количество злодеяний, обманов, измен, воровства, подделок и выпуска фальшивых ассигнаций, грабежей, поджогов и убийств, которого в целые века не соберет […]","https://ru.wikisource.org/wiki/%D0%92%D0%BE%D0%B9%D0%BD%D0%B0_%D0%B8_%D0%BC%D0%B8%D1%80_(%D0%A2%D0%BE%D0%BB%D1%81%D1%82%D0%BE%D0%B9)%2F%D0%A2%D0%BE%D0%BC_3#%D0%A7%D0%90%D0%A1%D0%A2%D0%AC_%D0%9F%D0%95%D0%A0%D0%92%D0%90%D0%AF.","https://en.wikipedia.org/wiki/Russia"
"9","Book IX","Spain","Mentioned locations","40.2","-3.5","area","ru","— Прошу извинения у вашего величества,— сказал Балашев: — кроме России есть еще Испания, где так же много церквей и монастырей.","https://ru.wikisource.org/wiki/%D0%92%D0%BE%D0%B9%D0%BD%D0%B0_%D0%B8_%D0%BC%D0%B8%D1%80_(%D0%A2%D0%BE%D0%BB%D1%81%D1%82%D0%BE%D0%B9)%2F%D0%A2%D0%BE%D0%BC_3#%D0%A7%D0%90%D0%A1%D0%A2%D0%AC_%D0%9F%D0%95%D0%A0%D0%92%D0%90%D0%AF.","https://www.wikidata.org/wiki/Q29"
"9","Book IX","Poland","Mentioned locations","52","19","area","ru","[…] конь, почуяв себя в упряжке, заиграл в оглоблях и разрядившись как можно пестрее и дороже, веселый и довольный, скакал, сам не зная куда и зачем, по дорогам Польши.","https://ru.wikisource.org/wiki/%D0%92%D0%BE%D0%B9%D0%BD%D0%B0_%D0%B8_%D0%BC%D0%B8%D1%80_(%D0%A2%D0%BE%D0%BB%D1%81%D1%82%D0%BE%D0%B9)%2F%D0%A2%D0%BE%D0%BC_3#%D0%A7%D0%90%D0%A1%D0%A2%D0%AC_%D0%9F%D0%95%D0%A0%D0%92%D0%90%D0%AF.","https://www.wikidata.org/wiki/Q36"
"9","Book IX","Africa","Mentioned locations","0","15","area","ru","Для него было не ново убеждение в том, что присутствие его на всех концах мира, от Африки до степей Московии, одинаково поражает и повергает людей в безумие самозабвения. Он велел подать себе лошадь и поехал в свою стоянку.","https://ru.wikisource.org/wiki/%D0%92%D0%BE%D0%B9%D0%BD%D0%B0_%D0%B8_%D0%BC%D0%B8%D1%80_(%D0%A2%D0%BE%D0%BB%D1%81%D1%82%D0%BE%D0%B9)%2F%D0%A2%D0%BE%D0%BC_3#%D0%A7%D0%90%D0%A1%D0%A2%D0%AC_%D0%9F%D0%95%D0%A0%D0%92%D0%90%D0%AF.","https://www.wikidata.org/wiki/Q15"
"9","Book IX","Europe","Mentioned locations","53.5","15.5","area","ru","С конца 1811-го года началось усиленное вооружение и сосредоточение сил западной Европы, и в 1812 году силы эти — миллионы людей (считая тех, которые перевозили и кормили армию), двинулись с Запада на Восток, к границам России, к которым точно так же с 1811-го года стягивались силы России. Двенадцатого июня силы западной Европы перешли границы России, и началась война, т. е. совершилось противное человеческому разуму и всей человеческой природе событие. Миллионы людей совершали друг против друга такое бесчисленное количество злодеяний, […]","https://ru.wikisource.org/wiki/%D0%92%D0%BE%D0%B9%D0%BD%D0%B0_%D0%B8_%D0%BC%D0%B8%D1%80_(%D0%A2%D0%BE%D0%BB%D1%81%D1%82%D0%BE%D0%B9)%2F%D0%A2%D0%BE%D0%BC_3#%D0%A7%D0%90%D0%A1%D0%A2%D0%AC_%D0%9F%D0%95%D0%A0%D0%92%D0%90%D0%AF.","https://www.wikidata.org/wiki/Q46"
"10","Book X","Paris","Mentioned locations","48.8567","2.3522","area","ru","25-го августа, накануне Бородинского сражения, префект дворца императора французов, m-r de Beausset и полковник Fabvier приехали первый из Парижа, второй из Мадрида, к императору Наполеону в его стоянку у Валуева.","https://ru.wikisource.org/wiki/%D0%92%D0%BE%D0%B9%D0%BD%D0%B0_%D0%B8_%D0%BC%D0%B8%D1%80_(%D0%A2%D0%BE%D0%BB%D1%81%D1%82%D0%BE%D0%B9)%2F%D0%A2%D0%BE%D0%BC_3#%D0%A7%D0%90%D0%A1%D0%A2%D0%AC_%D0%92%D0%A2%D0%9E%D0%A0%D0%90%D0%AF.","https://en.wikipedia.org/wiki/Paris"
"10","Book X","Rome","Mentioned locations","41.89333333","12.48277778","area","ru","Это был яркими красками написанный Жераром портрет мальчика, рожденного от Наполеона и дочери австрийского императора, которого почему-то все называли королем Рима.","https://ru.wikisource.org/wiki/%D0%92%D0%BE%D0%B9%D0%BD%D0%B0_%D0%B8_%D0%BC%D0%B8%D1%80_(%D0%A2%D0%BE%D0%BB%D1%81%D1%82%D0%BE%D0%B9)%2F%D0%A2%D0%BE%D0%BC_3#%D0%A7%D0%90%D0%A1%D0%A2%D0%AC_%D0%92%D0%A2%D0%9E%D0%A0%D0%90%D0%AF.","https://en.wikipedia.org/wiki/Rome"
"10","Book X","Vienna","Mentioned locations","48.2083","16.3725","area","ru","[…] полководец, как его называют, дал сражение, теряя четверть армии и еще более растягивая свою линию. Ежели скажут, что, заняв Москву, он думал, как занятием Вены, кончить кампанию, то против этого есть много доказательств. Сами историки Наполеона рассказывают, что еще от Смоленска он хотел остановиться, знал опасность своего растянутого положения и знал, что занятие Москвы не будет концом кампании, потому что от Смоленска он видел, в каком положении оставлялись ему русские города, и не получал ни одного ответа на свои неоднократные заявления о желания вести переговоры.","https://ru.wikisource.org/wiki/%D0%92%D0%BE%D0%B9%D0%BD%D0%B0_%D0%B8_%D0%BC%D0%B8%D1%80_(%D0%A2%D0%BE%D0%BB%D1%81%D1%82%D0%BE%D0%B9)%2F%D0%A2%D0%BE%D0%BC_3#%D0%A7%D0%90%D0%A1%D0%A2%D0%AC_%D0%92%D0%A2%D0%9E%D0%A0%D0%90%D0%AF.","https://en.wikipedia.org/wiki/Vienna"
"10","Book X","Madrid","Mentioned locations","40.4169","-3.7033","area","ru","25-го августа, накануне Бородинского сражения, префект дворца императора французов, m-r de Beausset и полковник Fabvier приехали первый из Парижа, второй из Мадрида, к императору Наполеону в его стоянку у Валуева.","https://ru.wikisource.org/wiki/%D0%92%D0%BE%D0%B9%D0%BD%D0%B0_%D0%B8_%D0%BC%D0%B8%D1%80_(%D0%A2%D0%BE%D0%BB%D1%81%D1%82%D0%BE%D0%B9)%2F%D0%A2%D0%BE%D0%BC_3#%D0%A7%D0%90%D0%A1%D0%A2%D0%AC_%D0%92%D0%A2%D0%9E%D0%A0%D0%90%D0%AF.","https://en.wikipedia.org/wiki/Madrid"
"10","Book X","Dresden","Mentioned locations","51.05","13.74","area","ru","Наполеон начал войну с Россией потому, что он не мог не приехать в Дрезден, не мог не отуманиться почестями, не мог не надеть польского мундира, не поддаться предприимчивому впечатлению июньского утра, не мог воздержаться от вспышки гнева в присутствии Куракина и потом Балашева.","https://ru.wikisource.org/wiki/%D0%92%D0%BE%D0%B9%D0%BD%D0%B0_%D0%B8_%D0%BC%D0%B8%D1%80_(%D0%A2%D0%BE%D0%BB%D1%81%D1%82%D0%BE%D0%B9)%2F%D0%A2%D0%BE%D0%BC_3#%D0%A7%D0%90%D0%A1%D0%A2%D0%AC_%D0%92%D0%A2%D0%9E%D0%A0%D0%90%D0%AF.","https://en.wikipedia.org/wiki/Dresden"
"10","Book X","Jena","Mentioned locations","50.92722222","11.58611111","area","ru","[…] de drapeaux et d’aigles ennemis, и пушки, и обозы и Мюрат просил только позволения пускать кавалерию для забрания обозов. Так было под Лоди, Маренго, Арколем, Иеной, Аустерлицем, Ваграмом, и так далее, и так далее. Теперь же, что-то странное происходило с его войсками.","https://ru.wikisource.org/wiki/%D0%92%D0%BE%D0%B9%D0%BD%D0%B0_%D0%B8_%D0%BC%D0%B8%D1%80_(%D0%A2%D0%BE%D0%BB%D1%81%D1%82%D0%BE%D0%B9)%2F%D0%A2%D0%BE%D0%BC_3#%D0%A7%D0%90%D0%A1%D0%A2%D0%AC_%D0%92%D0%A2%D0%9E%D0%A0%D0%90%D0%AF.","https://en.wikipedia.org/wiki/Jena"
"10","Book X","France","Mentioned locations","47","2","area","ru","[…] женщиной, точно так же как в 1808 так и в 1812 году, с восторгом говорили о великой нации и великом человеке, и с сожалением смотрели на разрыв с Францией, который, по мнению людей, собиравшихся в салоне Элен, должен был кончиться миром.","https://ru.wikisource.org/wiki/%D0%92%D0%BE%D0%B9%D0%BD%D0%B0_%D0%B8_%D0%BC%D0%B8%D1%80_(%D0%A2%D0%BE%D0%BB%D1%81%D1%82%D0%BE%D0%B9)%2F%D0%A2%D0%BE%D0%BC_3#%D0%A7%D0%90%D0%A1%D0%A2%D0%AC_%D0%92%D0%A2%D0%9E%D0%A0%D0%90%D0%AF.","https://www.wikidata.org/wiki/Q142"
"10","Book X","Austria","Mentioned locations","47.33333333","13.33333333","area","ru","[…] войск была бы не та, как теперь. Тогда бы все эти вестфальцы и гессенцы, которых ведет Наполеон, не пошли бы за ним в Россию, и мы бы не ходили драться в Австрию и в Пруссию, сами не зная зачем. Война не любезность, а самое гадкое дело в жизни, и надо понимать это, и не играть в войну. Надо принимать строго и серьезно эту страшную необходимость. Всё в этом: откинуть ложь, и война так война, а не игрушка. А то война — это любимая забава праздных и легкомысленных людей... Военное сословие самое почетное. А что́ такое война, что́ нужно для успеха в военном деле, какие нравы военного общества? Цель войны — […]","https://ru.wikisource.org/wiki/%D0%92%D0%BE%D0%B9%D0%BD%D0%B0_%D0%B8_%D0%BC%D0%B8%D1%80_(%D0%A2%D0%BE%D0%BB%D1%81%D1%82%D0%BE%D0%B9)%2F%D0%A2%D0%BE%D0%BC_3#%D0%A7%D0%90%D0%A1%D0%A2%D0%AC_%D0%92%D0%A2%D0%9E%D0%A0%D0%90%D0%AF.","https://en.wikipedia.org/wiki/Austria"
"10","Book X","Russia","Mentioned locations","66","94","area","ru","Наполеон начал войну с Россией потому, что он не мог не приехать в Дрезден, не мог не отуманиться почестями, не мог не надеть польского мундира, не поддаться предприимчивому впечатлению июньского утра, не мог воздержаться от вспышки гнева в присутствии Куракина и потом Балашева.","https://ru.wikisource.org/wiki/%D0%92%D0%BE%D0%B9%D0%BD%D0%B0_%D0%B8_%D0%BC%D0%B8%D1%80_(%D0%A2%D0%BE%D0%BB%D1%81%D1%82%D0%BE%D0%B9)%2F%D0%A2%D0%BE%D0%BC_3#%D0%A7%D0%90%D0%A1%D0%A2%D0%AC_%D0%92%D0%A2%D0%9E%D0%A0%D0%90%D0%AF.","https://en.wikipedia.org/wiki/Russia"
"10","Book X","Poland","Mentioned locations","52","19","area","ru","— Ха-ха-ха! Театр войны! — сказал князь. — Я говорил и говорю, что театр войны есть Польша, и дальше Немана никогда не проникнет неприятель.","https://ru.wikisource.org/wiki/%D0%92%D0%BE%D0%B9%D0%BD%D0%B0_%D0%B8_%D0%BC%D0%B8%D1%80_(%D0%A2%D0%BE%D0%BB%D1%81%D1%82%D0%BE%D0%B9)%2F%D0%A2%D0%BE%D0%BC_3#%D0%A7%D0%90%D0%A1%D0%A2%D0%AC_%D0%92%D0%A2%D0%9E%D0%A0%D0%90%D0%AF.","https://www.wikidata.org/wiki/Q36"
"10","Book X","Siberia","Mentioned locations","60","105","area","ru","[…] где никто из них не был. Они поднимались караванами, поодиночке выкупались, бежали и ехали, и шли туда, на теплые реки. Многие были наказаны, сосланы в Сибирь, многие с холода и голода умерли на дороге, многие вернулись сами, и движение затихло само собой так же, как оно и началось без очевидной причины. Но подводные струи не переставали течь в этом народе и собирались для какой-то новой силы, имеющей проявиться так же странно, неожиданно и вместе с тем просто, естественно и сильно. Теперь, в 1812-м году, для человека, близко жившего с народом, заметно было, что эти подводные струи производили сильную […]","https://ru.wikisource.org/wiki/%D0%92%D0%BE%D0%B9%D0%BD%D0%B0_%D0%B8_%D0%BC%D0%B8%D1%80_(%D0%A2%D0%BE%D0%BB%D1%81%D1%82%D0%BE%D0%B9)%2F%D0%A2%D0%BE%D0%BC_3#%D0%A7%D0%90%D0%A1%D0%A2%D0%AC_%D0%92%D0%A2%D0%9E%D0%A0%D0%90%D0%AF.","https://www.wikidata.org/wiki/Q5428"
"10","Book X","Europe","Mentioned locations","53.5","15.5","area","ru","[…] его немецкой голове только рассуждения, не стоящие выеденного яйца, а в сердце нет того, что́ одно только и нужно на завтра, то, что́ есть в Тимохине. Они всю Европу отдали ему и приехали нас учить — славные учители! — опять взвизгнул его голос.","https://ru.wikisource.org/wiki/%D0%92%D0%BE%D0%B9%D0%BD%D0%B0_%D0%B8_%D0%BC%D0%B8%D1%80_(%D0%A2%D0%BE%D0%BB%D1%81%D1%82%D0%BE%D0%B9)%2F%D0%A2%D0%BE%D0%BC_3#%D0%A7%D0%90%D0%A1%D0%A2%D0%AC_%D0%92%D0%A2%D0%9E%D0%A0%D0%90%D0%AF.","https://www.wikidata.org/wiki/Q46"
"11","Book XI","Paris","Mentioned locations","48.8567","2.3522","area","ru","Историки, отвечая на этот вопрос, излагают нам деяния и речи нескольких десятков людей, в одном из зданий города Парижа, называя эти деяния и речи словом революция; потом дают подробную биографию Наполеона и некоторых сочувственных и враждебных ему лиц, рассказывают о влиянии одних из этих лиц на другие и говорят: вот отчего произошло это движение, и вот законы его.","https://ru.wikisource.org/wiki/%D0%92%D0%BE%D0%B9%D0%BD%D0%B0_%D0%B8_%D0%BC%D0%B8%D1%80_(%D0%A2%D0%BE%D0%BB%D1%81%D1%82%D0%BE%D0%B9)%2F%D0%A2%D0%BE%D0%BC_3#%D0%A7%D0%90%D0%A1%D0%A2%D0%AC_%D0%A2%D0%A0%D0%95%D0%A2%D0%AC%D0%AF.","https://en.wikipedia.org/wiki/Paris"
"11","Book XI","Vienna","Mentioned locations","48.2083","16.3725","area","ru","[…] Растопчин напугал их ужасами, которые производил Наполеон в покоренных землях. Уезжали, и первые уехали богатые, образованные люди, знавшие очень хорошо, что Вена и Берлин остались целы, и что там, во время занятия их Наполеоном, жители весело проводили время с обворожительными французами, которых так любили тогда русские мужчины и в особенности дамы.","https://ru.wikisource.org/wiki/%D0%92%D0%BE%D0%B9%D0%BD%D0%B0_%D0%B8_%D0%BC%D0%B8%D1%80_(%D0%A2%D0%BE%D0%BB%D1%81%D1%82%D0%BE%D0%B9)%2F%D0%A2%D0%BE%D0%BC_3#%D0%A7%D0%90%D0%A1%D0%A2%D0%AC_%D0%A2%D0%A0%D0%95%D0%A2%D0%AC%D0%AF.","https://en.wikipedia.org/wiki/Vienna"
"11","Book XI","Berlin","Mentioned locations","52.52","13.405","area","ru","[…] напугал их ужасами, которые производил Наполеон в покоренных землях. Уезжали, и первые уехали богатые, образованные люди, знавшие очень хорошо, что Вена и Берлин остались целы, и что там, во время занятия их Наполеоном, жители весело проводили время с обворожительными французами, которых так любили тогда русские мужчины и в особенности дамы.","https://ru.wikisource.org/wiki/%D0%92%D0%BE%D0%B9%D0%BD%D0%B0_%D0%B8_%D0%BC%D0%B8%D1%80_(%D0%A2%D0%BE%D0%BB%D1%81%D1%82%D0%BE%D0%B9)%2F%D0%A2%D0%BE%D0%BC_3#%D0%A7%D0%90%D0%A1%D0%A2%D0%AC_%D0%A2%D0%A0%D0%95%D0%A2%D0%AC%D0%AF.","https://en.wikipedia.org/wiki/Berlin"
"11","Book XI","Russia","Mentioned locations","66","94","area","ru","Силы двунадесяти языков Европы ворвались в Россию. Русское войско и население отступают, избегая столкновения до Смоленска и от Смоленска до Бородина. Французское войско с постоянно-увеличивающеюся силой стремительности несется к Москве, к цели своего движения. Сила стремительности его, с приближением к цели, увеличивается подобно увеличению быстроты падающего тела, по мере приближения его к земле. Назади тысячи верст голодной, враждебной страны; впереди десятки верст, отделяющие от цели. Это […]","https://ru.wikisource.org/wiki/%D0%92%D0%BE%D0%B9%D0%BD%D0%B0_%D0%B8_%D0%BC%D0%B8%D1%80_(%D0%A2%D0%BE%D0%BB%D1%81%D1%82%D0%BE%D0%B9)%2F%D0%A2%D0%BE%D0%BC_3#%D0%A7%D0%90%D0%A1%D0%A2%D0%AC_%D0%A2%D0%A0%D0%95%D0%A2%D0%AC%D0%AF.","https://en.wikipedia.org/wiki/Russia"
"11","Book XI","Poland","Mentioned locations","52","19","area","ru","Наконец последний эпизод в Польше, еще свежий в памяти капитана, который он рассказывал с быстрыми жестами и разгоревшимся лицом, состоял в том, что он спас жизнь одному поляку (вообще в рассказах капитана эпизод спасения жизни встречался беспрестанно) и поляк этот вверил ему свою обворожительную жену (Parisienne de coeur) в то время, как сам поступил во французскую службу. Капитан был счастлив, обворожительная полька хотела бежать с ним; но, движимый великодушием, капитан возвратил […]","https://ru.wikisource.org/wiki/%D0%92%D0%BE%D0%B9%D0%BD%D0%B0_%D0%B8_%D0%BC%D0%B8%D1%80_(%D0%A2%D0%BE%D0%BB%D1%81%D1%82%D0%BE%D0%B9)%2F%D0%A2%D0%BE%D0%BC_3#%D0%A7%D0%90%D0%A1%D0%A2%D0%AC_%D0%A2%D0%A0%D0%95%D0%A2%D0%AC%D0%AF.","https://www.wikidata.org/wiki/Q36"
"11","Book XI","Africa","Mentioned locations","0","15","area","ru","[…] Узнав о том, что в Москве много богоугодных заведений, он в воображении своем решал, что все эти заведения будут осыпаны его милостями. Он думал, что как в Африке надо было сидеть в бурнусе в мечети, так в Москве надо было быть милостивым, как цари. И, чтоб окончательно тронуть сердца русских, он как и каждый француз, не могущий себе вообразить ничего чувствительного без воспоминания о mа chère, mа tendre, mа pauvre mère, он решил, что на всех этих заведениях он велит написать большими буквами: Etablissement dédié à ma chère Mère. Нет, просто: Maison de ma Mère, решил он сам с собою. «Но неужели я в Москве? […]","https://ru.wikisource.org/wiki/%D0%92%D0%BE%D0%B9%D0%BD%D0%B0_%D0%B8_%D0%BC%D0%B8%D1%80_(%D0%A2%D0%BE%D0%BB%D1%81%D1%82%D0%BE%D0%B9)%2F%D0%A2%D0%BE%D0%BC_3#%D0%A7%D0%90%D0%A1%D0%A2%D0%AC_%D0%A2%D0%A0%D0%95%D0%A2%D0%AC%D0%AF.","https://www.wikidata.org/wiki/Q15"
"11","Book XI","Europe","Mentioned locations","53.5","15.5","area","ru","Первые 15 лет XIX столетия в Европе представляют необыкновенное движение миллионов людей. Люди оставляют свои обычные занятия, стремятся с одной стороны Европы в другую, грабят, убивают один другого, торжествуют и отчаиваются, и весь ход жизни на несколько лет изменяется и представляет усиленное движение, которое сначала идет возрастая, потом ослабевая. — Какая причина этого движения, или по каким законам происходило оно? спрашивает ум человеческий.","https://ru.wikisource.org/wiki/%D0%92%D0%BE%D0%B9%D0%BD%D0%B0_%D0%B8_%D0%BC%D0%B8%D1%80_(%D0%A2%D0%BE%D0%BB%D1%81%D1%82%D0%BE%D0%B9)%2F%D0%A2%D0%BE%D0%BC_3#%D0%A7%D0%90%D0%A1%D0%A2%D0%AC_%D0%A2%D0%A0%D0%95%D0%A2%D0%AC%D0%AF.","https://www.wikidata.org/wiki/Q46"
"12","Book XII","Vienna","Mentioned locations","48.2083","16.3725","area","ru","— Je trouve que c’est charmant! — говорил он про дипломатическую бумагу, при которой отосланы были в Вену Австрийские знамена, взятые Витгенштейном, le héros de Pétropol (как его называли в Петербурге).","https://ru.wikisource.org/wiki/%D0%92%D0%BE%D0%B9%D0%BD%D0%B0_%D0%B8_%D0%BC%D0%B8%D1%80_(%D0%A2%D0%BE%D0%BB%D1%81%D1%82%D0%BE%D0%B9)%2F%D0%A2%D0%BE%D0%BC_4#%D0%A7%D0%90%D0%A1%D0%A2%D0%AC_%D0%9F%D0%95%D0%A0%D0%92%D0%90%D0%AF.","https://en.wikipedia.org/wiki/Vienna"
"12","Book XII","Jerusalem","Mentioned locations","31.77888889","35.22555556","area","ru","[…] и оглянул публику, как будто спрашивая, не имеет ли кто сказать что-нибудь против этого. Но никто ничего не сказал. — «Первопрестольный град Москва, Новый Иерусалим, приемлет Христа своего», — вдруг ударил он на слове своего, — «яко мать во объятия усердных сынов своих, и сквозь возникающую мглу, провидя блистательную славу твоея державы, поет в восторге: Осанна, благословен грядый!» — Князь Василий плачущим голосом произнес эти последние слова.","https://ru.wikisource.org/wiki/%D0%92%D0%BE%D0%B9%D0%BD%D0%B0_%D0%B8_%D0%BC%D0%B8%D1%80_(%D0%A2%D0%BE%D0%BB%D1%81%D1%82%D0%BE%D0%B9)%2F%D0%A2%D0%BE%D0%BC_4#%D0%A7%D0%90%D0%A1%D0%A2%D0%AC_%D0%9F%D0%95%D0%A0%D0%92%D0%90%D0%AF.","https://en.wikipedia.org/wiki/Jerusalem"
"12","Book XII","France","Mentioned locations","47","2","area","ru","«Пусть дерзкий и наглый Голиаф от пределов Франции обносит на краях России смертоносные ужасы; кроткая вера, сия праща Российского Давида, сразит внезапно главу кровожаждущей его гордыни. Сей образ преподобного Сергия, древнего ревнителя о благе нашего отечества, приносится вашему императорскому величеству. Болезную, что слабеющие мои силы препятствуют мне насладиться любезнейшим вашим лицезрением. Теплые воссылаю к небесам молитвы, да Всесильный возвеличит род правых и исполнит во благих желания […]","https://ru.wikisource.org/wiki/%D0%92%D0%BE%D0%B9%D0%BD%D0%B0_%D0%B8_%D0%BC%D0%B8%D1%80_(%D0%A2%D0%BE%D0%BB%D1%81%D1%82%D0%BE%D0%B9)%2F%D0%A2%D0%BE%D0%BC_4#%D0%A7%D0%90%D0%A1%D0%A2%D0%AC_%D0%9F%D0%95%D0%A0%D0%92%D0%90%D0%AF.","https://www.wikidata.org/wiki/Q142"
"12","Book XII","Russia","Mentioned locations","66","94","area","ru","«Пусть дерзкий и наглый Голиаф от пределов Франции обносит на краях России смертоносные ужасы; кроткая вера, сия праща Российского Давида, сразит внезапно главу кровожаждущей его гордыни. Сей образ преподобного Сергия, древнего ревнителя о благе нашего отечества, приносится вашему императорскому величеству. Болезную, что слабеющие мои силы препятствуют мне насладиться любезнейшим вашим лицезрением. Теплые воссылаю к небесам молитвы, да Всесильный возвеличит род правых и исполнит во благих желания вашего величества».","https://ru.wikisource.org/wiki/%D0%92%D0%BE%D0%B9%D0%BD%D0%B0_%D0%B8_%D0%BC%D0%B8%D1%80_(%D0%A2%D0%BE%D0%BB%D1%81%D1%82%D0%BE%D0%B9)%2F%D0%A2%D0%BE%D0%BC_4#%D0%A7%D0%90%D0%A1%D0%A2%D0%AC_%D0%9F%D0%95%D0%A0%D0%92%D0%90%D0%AF.","https://en.wikipedia.org/wiki/Russia"
"13","Book XIII","Paris","Mentioned locations","48.8567","2.3522","area","ru","[…] и самый пожар Москвы, не смущают его. Он не упускает из виду ни блага своей армии, ни действий неприятеля, ни блага народов России, ни управления делами Парижа, ни дипломатических соображений о предстоящих условиях мира.","https://ru.wikisource.org/wiki/%D0%92%D0%BE%D0%B9%D0%BD%D0%B0_%D0%B8_%D0%BC%D0%B8%D1%80_(%D0%A2%D0%BE%D0%BB%D1%81%D1%82%D0%BE%D0%B9)%2F%D0%A2%D0%BE%D0%BC_4#%D0%A7%D0%90%D0%A1%D0%A2%D0%AC_%D0%92%D0%A2%D0%9E%D0%A0%D0%90%D0%AF.","https://en.wikipedia.org/wiki/Paris"
"13","Book XIII","Italy","Mentioned locations","43","12","area","ru","[…] всё свое уменье и силы на то, чтобы сделать наилучшее для себя и своей армии. Деятельность Наполеона за это время не менее изумительна, чем в Египте, в Италии, в Австрии и в Пруссии. Мы не знаем верно о том, в какой степени была действительна гениальность Наполеона в Египте, где 40 веков смотрели на его величие, потому что эти все великие подвиги описаны нам только французами. Мы не можем верно судить о его гениальности в Австрии и Пруссии, так как сведения о его деятельности там должны черпать из французских и немецких источников; а непостижимая сдача в плен корпусов без сражений и крепостей без осады […]","https://ru.wikisource.org/wiki/%D0%92%D0%BE%D0%B9%D0%BD%D0%B0_%D0%B8_%D0%BC%D0%B8%D1%80_(%D0%A2%D0%BE%D0%BB%D1%81%D1%82%D0%BE%D0%B9)%2F%D0%A2%D0%BE%D0%BC_4#%D0%A7%D0%90%D0%A1%D0%A2%D0%AC_%D0%92%D0%A2%D0%9E%D0%A0%D0%90%D0%AF.","https://en.wikipedia.org/wiki/Italy"
"13","Book XIII","Germany","Mentioned locations","51","9","area","ru","[…] в плен корпусов без сражений и крепостей без осады должна склонять немцев к признанию гениальности как к единственному объяснению той войны, которая велась в Германии. Но нам признавать его гениальность, чтобы скрыть свой стыд, слава Богу, нет причины. Мы заплатили за то, чтоб иметь право просто и прямо смотреть на дело, и мы не уступим этого права.","https://ru.wikisource.org/wiki/%D0%92%D0%BE%D0%B9%D0%BD%D0%B0_%D0%B8_%D0%BC%D0%B8%D1%80_(%D0%A2%D0%BE%D0%BB%D1%81%D1%82%D0%BE%D0%B9)%2F%D0%A2%D0%BE%D0%BC_4#%D0%A7%D0%90%D0%A1%D0%A2%D0%AC_%D0%92%D0%A2%D0%9E%D0%A0%D0%90%D0%AF.","https://en.wikipedia.org/wiki/Germany"
"13","Book XIII","Austria","Mentioned locations","47.33333333","13.33333333","area","ru","[…] свое уменье и силы на то, чтобы сделать наилучшее для себя и своей армии. Деятельность Наполеона за это время не менее изумительна, чем в Египте, в Италии, в Австрии и в Пруссии. Мы не знаем верно о том, в какой степени была действительна гениальность Наполеона в Египте, где 40 веков смотрели на его величие, потому что эти все великие подвиги описаны нам только французами. Мы не можем верно судить о его гениальности в Австрии и Пруссии, так как сведения о его деятельности там должны черпать из французских и немецких источников; а непостижимая сдача в плен корпусов без сражений и крепостей без осады должна […]","https://ru.wikisource.org/wiki/%D0%92%D0%BE%D0%B9%D0%BD%D0%B0_%D0%B8_%D0%BC%D0%B8%D1%80_(%D0%A2%D0%BE%D0%BB%D1%81%D1%82%D0%BE%D0%B9)%2F%D0%A2%D0%BE%D0%BC_4#%D0%A7%D0%90%D0%A1%D0%A2%D0%AC_%D0%92%D0%A2%D0%9E%D0%A0%D0%90%D0%AF.","https://en.wikipedia.org/wiki/Austria"
"13","Book XIII","Russia","Mentioned locations","66","94","area","ru","[…] Но почему военные писатели, а за ними и все, полагают, что этот фланговый марш есть весьма глубокомысленное изобретение какого-нибудь одного лица, спасшее Россию и погубившее Наполеона, — весьма трудно понять. Во-первых, трудно понять, в чем состоит глубокомыслие и гениальность этого движения; ибо для того, чтобы догадаться, что самое лучшее положение армии (когда ее не атакуют) находиться там, где больше продовольствия, не нужно большого умственного напряжения. И каждый, даже глупый тринадцатилетний мальчик, без труда мог догадаться, что в 1812 году самое выгодное положение армии, после отступления от […]","https://ru.wikisource.org/wiki/%D0%92%D0%BE%D0%B9%D0%BD%D0%B0_%D0%B8_%D0%BC%D0%B8%D1%80_(%D0%A2%D0%BE%D0%BB%D1%81%D1%82%D0%BE%D0%B9)%2F%D0%A2%D0%BE%D0%BC_4#%D0%A7%D0%90%D0%A1%D0%A2%D0%AC_%D0%92%D0%A2%D0%9E%D0%A0%D0%90%D0%AF.","https://en.wikipedia.org/wiki/Russia"
"14","Book XIV","Jena","Mentioned locations","50.92722222","11.58611111","area","ru","[…] подтверждением этого правила. По степени поражения австрийских войск, Австрия лишается своих прав, и увеличиваются права и силы Франции. Победа французов под Иеной и Ауерштетом уничтожает самостоятельное существование Пруссии.","https://ru.wikisource.org/wiki/%D0%92%D0%BE%D0%B9%D0%BD%D0%B0_%D0%B8_%D0%BC%D0%B8%D1%80_(%D0%A2%D0%BE%D0%BB%D1%81%D1%82%D0%BE%D0%B9)%2F%D0%A2%D0%BE%D0%BC_4#%D0%A7%D0%90%D0%A1%D0%A2%D0%AC_%D0%A2%D0%A0%D0%95%D0%A2%D0%AC%D0%AF.","https://en.wikipedia.org/wiki/Jena"
"14","Book XIV","France","Mentioned locations","47","2","area","ru","[…] Все войны Наполеона служат подтверждением этого правила. По степени поражения австрийских войск, Австрия лишается своих прав, и увеличиваются права и силы Франции. Победа французов под Иеной и Ауерштетом уничтожает самостоятельное существование Пруссии.","https://ru.wikisource.org/wiki/%D0%92%D0%BE%D0%B9%D0%BD%D0%B0_%D0%B8_%D0%BC%D0%B8%D1%80_(%D0%A2%D0%BE%D0%BB%D1%81%D1%82%D0%BE%D0%B9)%2F%D0%A2%D0%BE%D0%BC_4#%D0%A7%D0%90%D0%A1%D0%A2%D0%AC_%D0%A2%D0%A0%D0%95%D0%A2%D0%AC%D0%AF.","https://www.wikidata.org/wiki/Q142"
"14","Book XIV","Switzerland","Mentioned locations","46.83333333","8.33333333","area","ru","И вдруг Пьеру представился, как живой, давно забытый, кроткий старичок учитель, который в Швейцарии преподавал Пьеру географию. — «Постой», сказал старичок. И он показал Пьеру глобус. Глобус этот был живой, колеблющийся шар, не имеющий размеров. Вся поверхность шара состояла из капель, плотно сжатых между собой. И капли эти все двигались, перемещались и то сливались из нескольких в одну, то из одной разделялись на многие. Каждая капля стремилась разлиться, захватить наибольшее пространство, но другие, стремясь к тому же, сжимали ее, иногда […]","https://ru.wikisource.org/wiki/%D0%92%D0%BE%D0%B9%D0%BD%D0%B0_%D0%B8_%D0%BC%D0%B8%D1%80_(%D0%A2%D0%BE%D0%BB%D1%81%D1%82%D0%BE%D0%B9)%2F%D0%A2%D0%BE%D0%BC_4#%D0%A7%D0%90%D0%A1%D0%A2%D0%AC_%D0%A2%D0%A0%D0%95%D0%A2%D0%AC%D0%AF.","https://en.wikipedia.org/wiki/Switzerland"
"14","Book XIV","Austria","Mentioned locations","47.33333333","13.33333333","area","ru","[…] (по истории) с древнейших времен и до настоящего времени. Все войны Наполеона служат подтверждением этого правила. По степени поражения австрийских войск, Австрия лишается своих прав, и увеличиваются права и силы Франции. Победа французов под Иеной и Ауерштетом уничтожает самостоятельное существование Пруссии.","https://ru.wikisource.org/wiki/%D0%92%D0%BE%D0%B9%D0%BD%D0%B0_%D0%B8_%D0%BC%D0%B8%D1%80_(%D0%A2%D0%BE%D0%BB%D1%81%D1%82%D0%BE%D0%B9)%2F%D0%A2%D0%BE%D0%BC_4#%D0%A7%D0%90%D0%A1%D0%A2%D0%AC_%D0%A2%D0%A0%D0%95%D0%A2%D0%AC%D0%AF.","https://en.wikipedia.org/wiki/Austria"
"14","Book XIV","Russia","Mentioned locations","66","94","area","ru","Но вдруг в 1812-м году французами одержана победа под Москвой, Москва взята, и вслед за тем без новых сражений не Россия перестала существовать, а перестала существовать 600-тысячная армия, потом наполеоновская Франция. Натянуть факты на правила истории, сказать, что поле сражения в Бородине осталось за русскими, что после Москвы были сражения, уничтожившие армию Наполеона, — невозможно.","https://ru.wikisource.org/wiki/%D0%92%D0%BE%D0%B9%D0%BD%D0%B0_%D0%B8_%D0%BC%D0%B8%D1%80_(%D0%A2%D0%BE%D0%BB%D1%81%D1%82%D0%BE%D0%B9)%2F%D0%A2%D0%BE%D0%BC_4#%D0%A7%D0%90%D0%A1%D0%A2%D0%AC_%D0%A2%D0%A0%D0%95%D0%A2%D0%AC%D0%AF.","https://en.wikipedia.org/wiki/Russia"
"14","Book XIV","Spain","Mentioned locations","40.2","-3.5","area","ru","[…] нападают по одиночке и тотчас же бегут, когда на них нападают большими силами, а потом опять нападают, когда представляется случай. Это делали гверильясы в Испании; это делали горцы на Кавказе; это делали русские в 1812-м году.","https://ru.wikisource.org/wiki/%D0%92%D0%BE%D0%B9%D0%BD%D0%B0_%D0%B8_%D0%BC%D0%B8%D1%80_(%D0%A2%D0%BE%D0%BB%D1%81%D1%82%D0%BE%D0%B9)%2F%D0%A2%D0%BE%D0%BC_4#%D0%A7%D0%90%D0%A1%D0%A2%D0%AC_%D0%A2%D0%A0%D0%95%D0%A2%D0%AC%D0%AF.","https://www.wikidata.org/wiki/Q29"
"14","Book XIV","China","Mentioned locations","35","103","area","ru","[…] только генерального, но сколько-нибудь значительного сражения, и французская армия перестала существовать. Что́ это значит? Ежели бы это был пример из истории Китая, мы бы могли сказать, что это явление не историческое (лазейка историков, когда что́ не подходит под их мерку); ежели бы дело касалось столкновения непродолжительного, в котором участвовали бы малые количества войск, мы бы могли принять это явление за исключение; но событие это совершилось на глазах наших отцов, для которых решался вопрос жизни и смерти отечества, и война эта была величайшая из всех известных войн...","https://ru.wikisource.org/wiki/%D0%92%D0%BE%D0%B9%D0%BD%D0%B0_%D0%B8_%D0%BC%D0%B8%D1%80_(%D0%A2%D0%BE%D0%BB%D1%81%D1%82%D0%BE%D0%B9)%2F%D0%A2%D0%BE%D0%BC_4#%D0%A7%D0%90%D0%A1%D0%A2%D0%AC_%D0%A2%D0%A0%D0%95%D0%A2%D0%AC%D0%AF.","https://en.wikipedia.org/wiki/China"
"15","Book XV","Russia","Mentioned locations","66","94","area","ru","[…] сражение есть победа, и повторял это и изустно, и в рапортах, и в донесениях, до самой своей смерти. Он один сказал, что потеря Москвы не есть потеря России. Он в ответ Лористону на предложения о мире отвечал, что мира не может быть, потому что такова воля народа; он один во время отступления французов говорил, что все наши маневры не нужны, что всё сделается само собою лучше, чем мы того желаем, что неприятелю надо дать золотой мост, что ни Тарутинское, ни Вяземское, ни Красненское сражения не нужны, что с чем-нибудь надо притти на границу, что за десять французов он не отдаст одного русского.","https://ru.wikisource.org/wiki/%D0%92%D0%BE%D0%B9%D0%BD%D0%B0_%D0%B8_%D0%BC%D0%B8%D1%80_(%D0%A2%D0%BE%D0%BB%D1%81%D1%82%D0%BE%D0%B9)%2F%D0%A2%D0%BE%D0%BC_4#%D0%A7%D0%90%D0%A1%D0%A2%D0%AC_%D0%A7%D0%95%D0%A2%D0%92%D0%95%D0%A0%D0%A2%D0%90%D0%AF.","https://en.wikipedia.org/wiki/Russia"
"15","Book XV","Europe","Mentioned locations","53.5","15.5","area","ru","Когда на другой день утром государь сказал собравшимся у него офицерам — «Вы спасли не одну Россию; вы спасли Европу» — все уже тогда поняли, что война не кончена.","https://ru.wikisource.org/wiki/%D0%92%D0%BE%D0%B9%D0%BD%D0%B0_%D0%B8_%D0%BC%D0%B8%D1%80_(%D0%A2%D0%BE%D0%BB%D1%81%D1%82%D0%BE%D0%B9)%2F%D0%A2%D0%BE%D0%BC_4#%D0%A7%D0%90%D0%A1%D0%A2%D0%AC_%D0%A7%D0%95%D0%A2%D0%92%D0%95%D0%A0%D0%A2%D0%90%D0%AF.","https://www.wikidata.org/wiki/Q46"
"15","Book XV","Greece","Mentioned locations","39","22","area","ru","Чичагов, один из самых страстных отрезывателей и опрокидывателей, Чичагов, который хотел сначала сделать диверсию в Грецию, а потом в Варшаву, но никак не хотел итти туда, куда ему было велено, Чичагов, известный своею смелостью речи с государем, Чичагов, считавший Кутузова собою облагодетельствованным, потому что, когда он был послан в 11-м году для заключения мира с Турцией, помимо Кутузова, он, убедившись, что мир уже заключен, признал перед государем, что заслуга заключения мира принадлежит Кутузову; этот-то Чичагов первый встретил Кутузова в Вильне у зàмка, в […]","https://ru.wikisource.org/wiki/%D0%92%D0%BE%D0%B9%D0%BD%D0%B0_%D0%B8_%D0%BC%D0%B8%D1%80_(%D0%A2%D0%BE%D0%BB%D1%81%D1%82%D0%BE%D0%B9)%2F%D0%A2%D0%BE%D0%BC_4#%D0%A7%D0%90%D0%A1%D0%A2%D0%AC_%D0%A7%D0%95%D0%A2%D0%92%D0%95%D0%A0%D0%A2%D0%90%D0%AF.","https://en.wikipedia.org/wiki/Greece"
"16","First Epilogue","Paris","Mentioned locations","48.8567","2.3522","area","ru","По возвращении из Италии, он находит правительство в Париже в том процессе разложения, в котором люди, попадающие в это правительство, неизбежно стираются и уничтожаются. И сам собой для него является выход из этого опасного положения, состоящий в бессмысленной, беспричинной экспедиции в Африку. Опять те же так называемые случайности сопутствуют ему. Неприступная Мальта сдается без выстрела; самые неосторожные распоряжения увенчиваются успехом. Неприятельский флот, который не пропустит после ни одной лодки, […]","https://ru.wikisource.org/wiki/%D0%92%D0%BE%D0%B9%D0%BD%D0%B0_%D0%B8_%D0%BC%D0%B8%D1%80_(%D0%A2%D0%BE%D0%BB%D1%81%D1%82%D0%BE%D0%B9)%2F%D0%AD%D0%BF%D0%B8%D0%BB%D0%BE%D0%B3#%D0%A7%D0%90%D0%A1%D0%A2%D0%AC_%D0%9F%D0%95%D0%A0%D0%92%D0%90%D0%AF.","https://en.wikipedia.org/wiki/Paris"
"16","First Epilogue","Jena","Mentioned locations","50.92722222","11.58611111","area","ru","[…] который тотчас же в устах его окружающих не отразился бы в форме великого деяния. Лучший праздник, который могут придумать для него германцы, это празднование Иены и Ауерштета. Не только он велик, но велики его предки, его братья, его пасынки, зятья. Всё совершается для того, чтобы лишить его последней силы разума и приготовить к его страшной роли. И когда он готов, готовы и силы.","https://ru.wikisource.org/wiki/%D0%92%D0%BE%D0%B9%D0%BD%D0%B0_%D0%B8_%D0%BC%D0%B8%D1%80_(%D0%A2%D0%BE%D0%BB%D1%81%D1%82%D0%BE%D0%B9)%2F%D0%AD%D0%BF%D0%B8%D0%BB%D0%BE%D0%B3#%D0%A7%D0%90%D0%A1%D0%A2%D0%AC_%D0%9F%D0%95%D0%A0%D0%92%D0%90%D0%AF.","https://en.wikipedia.org/wiki/Jena"
"16","First Epilogue","Erfurt","Mentioned locations","50.97805556","11.02888889","area","ru","[…] так называемыми случайностями всей его прошедшей жизни: и воспитанием, и либеральными начинаниями, и окружающими советниками, и Аустерлицем, и Тильзитом, и Эрфуртом.","https://ru.wikisource.org/wiki/%D0%92%D0%BE%D0%B9%D0%BD%D0%B0_%D0%B8_%D0%BC%D0%B8%D1%80_(%D0%A2%D0%BE%D0%BB%D1%81%D1%82%D0%BE%D0%B9)%2F%D0%AD%D0%BF%D0%B8%D0%BB%D0%BE%D0%B3#%D0%A7%D0%90%D0%A1%D0%A2%D0%AC_%D0%9F%D0%95%D0%A0%D0%92%D0%90%D0%AF.","https://en.wikipedia.org/wiki/Erfurt"
"16","First Epilogue","England","Mentioned locations","53.13","-1.38","area","ru","[…] самым, сильнее всех других средств, убеждая толпу, что он имеет право, так как он имеет силу. Случайность делает то, что он напрягает все силы на экспедицию в Англию, которая очевидно погубила бы его, и никогда не исполняет этого намерения, а нечаянно нападает на Мака с австрийцами, которые сдаются без сражения. Случайность и гениальность дают ему победу под Аустерлицом, и случайно все люди, не только французы, но и вся Европа, за исключением Англии, которая и не примет участия в имеющих совершиться событиях, все люди, несмотря на прежний ужас и отвращение к его преступлениям, теперь признают за ним его власть, […]","https://ru.wikisource.org/wiki/%D0%92%D0%BE%D0%B9%D0%BD%D0%B0_%D0%B8_%D0%BC%D0%B8%D1%80_(%D0%A2%D0%BE%D0%BB%D1%81%D1%82%D0%BE%D0%B9)%2F%D0%AD%D0%BF%D0%B8%D0%BB%D0%BE%D0%B3#%D0%A7%D0%90%D0%A1%D0%A2%D0%AC_%D0%9F%D0%95%D0%A0%D0%92%D0%90%D0%AF.","https://en.wikipedia.org/wiki/England"
"16","First Epilogue","France","Mentioned locations","47","2","area","ru","Если допустить, как то делают историки, что великие люди ведут человечество к достижению известных целей, состоящих или в величии России или Франции, или в равновесии Европы, или в разнесении идей революции, или в общем прогрессе, или в чем бы то ни было, то невозможно объяснить явлений истории без понятий о случае и о гении.","https://ru.wikisource.org/wiki/%D0%92%D0%BE%D0%B9%D0%BD%D0%B0_%D0%B8_%D0%BC%D0%B8%D1%80_(%D0%A2%D0%BE%D0%BB%D1%81%D1%82%D0%BE%D0%B9)%2F%D0%AD%D0%BF%D0%B8%D0%BB%D0%BE%D0%B3#%D0%A7%D0%90%D0%A1%D0%A2%D0%AC_%D0%9F%D0%95%D0%A0%D0%92%D0%90%D0%AF.","https://www.wikidata.org/wiki/Q142"
"16","First Epilogue","Italy","Mentioned locations","43","12","area","ru","Стòит только признать, что цель волнений европейских народов нам неизвестна, а известны только факты, состоящие в убийствах, сначала во Франции, потом в Италии, в Африке, в Пруссии, в Австрии, в Испании, в России, и что движения с запада на восток и с востока на запад составляют общую сущность этих событий, и нам не только не нужно будет видеть исключительность и гениальность в характерах Наполеона и Александра, но нельзя будет представить себе эти лица иначе, как такими же людьми, как и все остальные; и не только не нужно будет объяснять случайностию тех мелких событий, которые сделали этих людей тем, чем […]","https://ru.wikisource.org/wiki/%D0%92%D0%BE%D0%B9%D0%BD%D0%B0_%D0%B8_%D0%BC%D0%B8%D1%80_(%D0%A2%D0%BE%D0%BB%D1%81%D1%82%D0%BE%D0%B9)%2F%D0%AD%D0%BF%D0%B8%D0%BB%D0%BE%D0%B3#%D0%A7%D0%90%D0%A1%D0%A2%D0%AC_%D0%9F%D0%95%D0%A0%D0%92%D0%90%D0%AF.","https://en.wikipedia.org/wiki/Italy"
"16","First Epilogue","Austria","Mentioned locations","47.33333333","13.33333333","area","ru","[…] цель волнений европейских народов нам неизвестна, а известны только факты, состоящие в убийствах, сначала во Франции, потом в Италии, в Африке, в Пруссии, в Австрии, в Испании, в России, и что движения с запада на восток и с востока на запад составляют общую сущность этих событий, и нам не только не нужно будет видеть исключительность и гениальность в характерах Наполеона и Александра, но нельзя будет представить себе эти лица иначе, как такими же людьми, как и все остальные; и не только не нужно будет объяснять случайностию тех мелких событий, которые сделали этих людей тем, чем они были, но будет ясно, что […]","https://ru.wikisource.org/wiki/%D0%92%D0%BE%D0%B9%D0%BD%D0%B0_%D0%B8_%D0%BC%D0%B8%D1%80_(%D0%A2%D0%BE%D0%BB%D1%81%D1%82%D0%BE%D0%B9)%2F%D0%AD%D0%BF%D0%B8%D0%BB%D0%BE%D0%B3#%D0%A7%D0%90%D0%A1%D0%A2%D0%AC_%D0%9F%D0%95%D0%A0%D0%92%D0%90%D0%AF.","https://en.wikipedia.org/wiki/Austria"
"16","First Epilogue","Russia","Mentioned locations","66","94","area","ru","В России, по их описанию, в этот период времени тоже происходила реакция, и главным виновником этой реакции был Александр I, — тот самый Александр I, который, по их же описаниям, был главным виновником либеральных начинаний своего царствования и спасения России.","https://ru.wikisource.org/wiki/%D0%92%D0%BE%D0%B9%D0%BD%D0%B0_%D0%B8_%D0%BC%D0%B8%D1%80_(%D0%A2%D0%BE%D0%BB%D1%81%D1%82%D0%BE%D0%B9)%2F%D0%AD%D0%BF%D0%B8%D0%BB%D0%BE%D0%B3#%D0%A7%D0%90%D0%A1%D0%A2%D0%AC_%D0%9F%D0%95%D0%A0%D0%92%D0%90%D0%AF.","https://en.wikipedia.org/wiki/Russia"
"16","First Epilogue","Spain","Mentioned locations","40.2","-3.5","area","ru","[…] европейских народов нам неизвестна, а известны только факты, состоящие в убийствах, сначала во Франции, потом в Италии, в Африке, в Пруссии, в Австрии, в Испании, в России, и что движения с запада на восток и с востока на запад составляют общую сущность этих событий, и нам не только не нужно будет видеть исключительность и гениальность в характерах Наполеона и Александра, но нельзя будет представить себе эти лица иначе, как такими же людьми, как и все остальные; и не только не нужно будет объяснять случайностию тех мелких событий, которые сделали этих людей тем, чем они были, но будет ясно, что все эти […]","https://ru.wikisource.org/wiki/%D0%92%D0%BE%D0%B9%D0%BD%D0%B0_%D0%B8_%D0%BC%D0%B8%D1%80_(%D0%A2%D0%BE%D0%BB%D1%81%D1%82%D0%BE%D0%B9)%2F%D0%AD%D0%BF%D0%B8%D0%BB%D0%BE%D0%B3#%D0%A7%D0%90%D0%A1%D0%A2%D0%AC_%D0%9F%D0%95%D0%A0%D0%92%D0%90%D0%AF.","https://www.wikidata.org/wiki/Q29"
"16","First Epilogue","Poland","Mentioned locations","52","19","area","ru","[…] В таком случае он поступил хорошо, в таком дурно. Он прекрасно вел себя в начале царствования и во время 12-го года; но он поступил дурно, дав конституцию Польше, сделав Священный Союз, дав власть Аракчееву, поощряя Голицына и мистицизм, потом поощряя Шишкова и Фотия. Он сделал дурно, занимаясь фронтовою частью армии; он поступил дурно, раскассировав Семеновский полк и т. д.»","https://ru.wikisource.org/wiki/%D0%92%D0%BE%D0%B9%D0%BD%D0%B0_%D0%B8_%D0%BC%D0%B8%D1%80_(%D0%A2%D0%BE%D0%BB%D1%81%D1%82%D0%BE%D0%B9)%2F%D0%AD%D0%BF%D0%B8%D0%BB%D0%BE%D0%B3#%D0%A7%D0%90%D0%A1%D0%A2%D0%AC_%D0%9F%D0%95%D0%A0%D0%92%D0%90%D0%AF.","https://www.wikidata.org/wiki/Q36"
"16","First Epilogue","Africa","Mentioned locations","0","15","area","ru","[…] только признать, что цель волнений европейских народов нам неизвестна, а известны только факты, состоящие в убийствах, сначала во Франции, потом в Италии, в Африке, в Пруссии, в Австрии, в Испании, в России, и что движения с запада на восток и с востока на запад составляют общую сущность этих событий, и нам не только не нужно будет видеть исключительность и гениальность в характерах Наполеона и Александра, но нельзя будет представить себе эти лица иначе, как такими же людьми, как и все остальные; и не только не нужно будет объяснять случайностию тех мелких событий, которые сделали этих людей тем, чем они были, […]","https://ru.wikisource.org/wiki/%D0%92%D0%BE%D0%B9%D0%BD%D0%B0_%D0%B8_%D0%BC%D0%B8%D1%80_(%D0%A2%D0%BE%D0%BB%D1%81%D1%82%D0%BE%D0%B9)%2F%D0%AD%D0%BF%D0%B8%D0%BB%D0%BE%D0%B3#%D0%A7%D0%90%D0%A1%D0%A2%D0%AC_%D0%9F%D0%95%D0%A0%D0%92%D0%90%D0%AF.","https://www.wikidata.org/wiki/Q15"
"16","First Epilogue","Europe","Mentioned locations","53.5","15.5","area","ru","Прошло семь лет после 12-го года. Взволнованное историческое море Европы улеглось в свои берегà. Оно казалось затихшим; но таинственные силы, двигающие человечество (таинственные потому, что законы, определяющие их движение, неизвестны нам) продолжали свое действие.","https://ru.wikisource.org/wiki/%D0%92%D0%BE%D0%B9%D0%BD%D0%B0_%D0%B8_%D0%BC%D0%B8%D1%80_(%D0%A2%D0%BE%D0%BB%D1%81%D1%82%D0%BE%D0%B9)%2F%D0%AD%D0%BF%D0%B8%D0%BB%D0%BE%D0%B3#%D0%A7%D0%90%D0%A1%D0%A2%D0%AC_%D0%9F%D0%95%D0%A0%D0%92%D0%90%D0%AF.","https://www.wikidata.org/wiki/Q46"
"17","Second Epilogue","Paris","Mentioned locations","48.8567","2.3522","area","ru","В 1789-м году поднимается брожение в Париже; оно растет, разливается и выражается движением народов с запада на восток. Несколько раз движение это направляется на восток, приходит в столкновение с противодвижением с востока на запад; в 12-м году оно доходит до своего крайнего предела — Москвы, и, с замечательною симметрией, совершается противодвижение с востока на запад, точно так же, как и в первом движении, увлекая за собой серединные народы. Обратное движение доходит до точки исхода […]","https://ru.wikisource.org/wiki/%D0%92%D0%BE%D0%B9%D0%BD%D0%B0_%D0%B8_%D0%BC%D0%B8%D1%80_(%D0%A2%D0%BE%D0%BB%D1%81%D1%82%D0%BE%D0%B9)%2F%D0%AD%D0%BF%D0%B8%D0%BB%D0%BE%D0%B3#%D0%A7%D0%90%D0%A1%D0%A2%D0%AC_%D0%92%D0%A2%D0%9E%D0%A0%D0%90%D0%AF.","https://en.wikipedia.org/wiki/Paris"
"17","Second Epilogue","Vienna","Mentioned locations","48.2083","16.3725","area","ru","[…] люди и дипломаты (в особенности Талейран, успевший сесть прежде другого на известное кресло и тем увеличивший границы Франции), разговаривали в Вене и этим разговором делали народы счастливыми или несчастливыми. Вдруг дипломаты и монархи чуть было не поссорились; они уже готовы были опять велеть своим войскам убивать друг друга; но в это время Наполеон с батальоном приехал во Францию, и французы, ненавидевшие его, тотчас же все ему покорились. Но союзные монархи за это рассердились и пошли опять воевать с французами. И гениального Наполеона победили и повезли на остров Елены, вдруг признав его […]","https://ru.wikisource.org/wiki/%D0%92%D0%BE%D0%B9%D0%BD%D0%B0_%D0%B8_%D0%BC%D0%B8%D1%80_(%D0%A2%D0%BE%D0%BB%D1%81%D1%82%D0%BE%D0%B9)%2F%D0%AD%D0%BF%D0%B8%D0%BB%D0%BE%D0%B3#%D0%A7%D0%90%D0%A1%D0%A2%D0%AC_%D0%92%D0%A2%D0%9E%D0%A0%D0%90%D0%AF.","https://en.wikipedia.org/wiki/Vienna"
"17","Second Epilogue","Jerusalem","Mentioned locations","31.77888889","35.22555556","area","ru","[…] еще более осталось непонятно прекращение этого движения тогда, когда ясно поставлена была историческими деятелями разумная, святая цель походов — освобождение Иерусалима. Папы, короли и рыцари побуждали народ к освобождению святой земли; но народ не шел, потому что та неизвестная причина, которая побуждала его прежде к движению, более не существовала. История Готфридов и миннезенгеров очевидно не может вместить в себя жизнь народов. И история Готфридов и миннезенгеров осталась историей Готфридов и миннезенгеров, а история жизни народов и их побуждений осталась неизвестною.","https://ru.wikisource.org/wiki/%D0%92%D0%BE%D0%B9%D0%BD%D0%B0_%D0%B8_%D0%BC%D0%B8%D1%80_(%D0%A2%D0%BE%D0%BB%D1%81%D1%82%D0%BE%D0%B9)%2F%D0%AD%D0%BF%D0%B8%D0%BB%D0%BE%D0%B3#%D0%A7%D0%90%D0%A1%D0%A2%D0%AC_%D0%92%D0%A2%D0%9E%D0%A0%D0%90%D0%AF.","https://en.wikipedia.org/wiki/Jerusalem"
"17","Second Epilogue","Berlin","Mentioned locations","52.52","13.405","area","ru","[…] зависевших друг от друга. Наполеон не мог приказать поход на Россию и никогда не приказывал его. Он приказал нынче написать такие-то бумаги в Вену, в Берлин и в Петербург; завтра, — такие-то декреты и приказы по армии, флоту и интендантству и т. д. и т. д., — миллионы приказаний, из которых составился ряд приказаний, соответствующих ряду событий, приведших французские войска в Россию.","https://ru.wikisource.org/wiki/%D0%92%D0%BE%D0%B9%D0%BD%D0%B0_%D0%B8_%D0%BC%D0%B8%D1%80_(%D0%A2%D0%BE%D0%BB%D1%81%D1%82%D0%BE%D0%B9)%2F%D0%AD%D0%BF%D0%B8%D0%BB%D0%BE%D0%B3#%D0%A7%D0%90%D0%A1%D0%A2%D0%AC_%D0%92%D0%A2%D0%9E%D0%A0%D0%90%D0%AF.","https://en.wikipedia.org/wiki/Berlin"
"17","Second Epilogue","England","Mentioned locations","53.13","-1.38","area","ru","Если Наполеон во всё свое царствование отдает приказания об экспедиции в Англию; ни на одно из своих предприятий не тратит столько усилий и времени и, несмотря на то, во всё свое царствование даже ни разу не пытается исполнить своего намерения, а делает экспедицию в Россию, с которою он, по неоднократно высказываемому убеждению, считает выгодным быть в союзе, то это происходит от того, что первые приказания не соответствовали; а вторые соответствовали ряду событий.","https://ru.wikisource.org/wiki/%D0%92%D0%BE%D0%B9%D0%BD%D0%B0_%D0%B8_%D0%BC%D0%B8%D1%80_(%D0%A2%D0%BE%D0%BB%D1%81%D1%82%D0%BE%D0%B9)%2F%D0%AD%D0%BF%D0%B8%D0%BB%D0%BE%D0%B3#%D0%A7%D0%90%D0%A1%D0%A2%D0%AC_%D0%92%D0%A2%D0%9E%D0%A0%D0%90%D0%AF.","https://en.wikipedia.org/wiki/England"
"17","Second Epilogue","France","Mentioned locations","47","2","area","ru","«Людовик XIV был очень гордый и самонадеянный человек; у него были такие-то любовницы и такие-то министры, и он дурно управлял Францией. Наследники Людовика тоже были слабые люди и тоже дурно управляли Францией. И у них были такие-то любимцы и такие-то любовницы. Притом, некоторые люди писали в это время книжки. В конце ХVІІІ-го столетия, в Париже собралось десятка два людей, которые стали говорить о том, что все люди равны и свободны. От этого во всей Франции люди стали резать и топить друг друга. Люди эти убили короля и еще многих. В это же время во Франции был гениальный […]","https://ru.wikisource.org/wiki/%D0%92%D0%BE%D0%B9%D0%BD%D0%B0_%D0%B8_%D0%BC%D0%B8%D1%80_(%D0%A2%D0%BE%D0%BB%D1%81%D1%82%D0%BE%D0%B9)%2F%D0%AD%D0%BF%D0%B8%D0%BB%D0%BE%D0%B3#%D0%A7%D0%90%D0%A1%D0%A2%D0%AC_%D0%92%D0%A2%D0%9E%D0%A0%D0%90%D0%AF.","https://www.wikidata.org/wiki/Q142"
"17","Second Epilogue","Italy","Mentioned locations","43","12","area","ru","[…] такой хитрый и умный, что, приехав во Францию, велел всем себе повиноваться. И все повиновались ему. Сделавшись императором, он опять пошел убивать народ в Италии, Австрии и Пруссии. И там много убил. В России же был император Александр, который решился восстановить порядок в Европе и потому воевал с Наполеоном. Но в 7-м году он вдруг подружился с ним, а в 11-м опять поссорился, и опять они стали убивать много народу. И Наполеон привел 600 тысяч человек в Россию и завоевал Москву; а потом он вдруг убежал из Москвы, и тогда император Александр, с помощью советов Штейна и других, соединил Европу для ополчения […]","https://ru.wikisource.org/wiki/%D0%92%D0%BE%D0%B9%D0%BD%D0%B0_%D0%B8_%D0%BC%D0%B8%D1%80_(%D0%A2%D0%BE%D0%BB%D1%81%D1%82%D0%BE%D0%B9)%2F%D0%AD%D0%BF%D0%B8%D0%BB%D0%BE%D0%B3#%D0%A7%D0%90%D0%A1%D0%A2%D0%AC_%D0%92%D0%A2%D0%9E%D0%A0%D0%90%D0%AF.","https://en.wikipedia.org/wiki/Italy"
"17","Second Epilogue","Austria","Mentioned locations","47.33333333","13.33333333","area","ru","[…] хитрый и умный, что, приехав во Францию, велел всем себе повиноваться. И все повиновались ему. Сделавшись императором, он опять пошел убивать народ в Италии, Австрии и Пруссии. И там много убил. В России же был император Александр, который решился восстановить порядок в Европе и потому воевал с Наполеоном. Но в 7-м году он вдруг подружился с ним, а в 11-м опять поссорился, и опять они стали убивать много народу. И Наполеон привел 600 тысяч человек в Россию и завоевал Москву; а потом он вдруг убежал из Москвы, и тогда император Александр, с помощью советов Штейна и других, соединил Европу для ополчения против […]","https://ru.wikisource.org/wiki/%D0%92%D0%BE%D0%B9%D0%BD%D0%B0_%D0%B8_%D0%BC%D0%B8%D1%80_(%D0%A2%D0%BE%D0%BB%D1%81%D1%82%D0%BE%D0%B9)%2F%D0%AD%D0%BF%D0%B8%D0%BB%D0%BE%D0%B3#%D0%A7%D0%90%D0%A1%D0%A2%D0%AC_%D0%92%D0%A2%D0%9E%D0%A0%D0%90%D0%AF.","https://en.wikipedia.org/wiki/Austria"
"17","Second Epilogue","Russia","Mentioned locations","66","94","area","ru","[…] велел всем себе повиноваться. И все повиновались ему. Сделавшись императором, он опять пошел убивать народ в Италии, Австрии и Пруссии. И там много убил. В России же был император Александр, который решился восстановить порядок в Европе и потому воевал с Наполеоном. Но в 7-м году он вдруг подружился с ним, а в 11-м опять поссорился, и опять они стали убивать много народу. И Наполеон привел 600 тысяч человек в Россию и завоевал Москву; а потом он вдруг убежал из Москвы, и тогда император Александр, с помощью советов Штейна и других, соединил Европу для ополчения против нарушителя ее спокойствия. Все союзники […]","https://ru.wikisource.org/wiki/%D0%92%D0%BE%D0%B9%D0%BD%D0%B0_%D0%B8_%D0%BC%D0%B8%D1%80_(%D0%A2%D0%BE%D0%BB%D1%81%D1%82%D0%BE%D0%B9)%2F%D0%AD%D0%BF%D0%B8%D0%BB%D0%BE%D0%B3#%D0%A7%D0%90%D0%A1%D0%A2%D0%AC_%D0%92%D0%A2%D0%9E%D0%A0%D0%90%D0%AF.","https://en.wikipedia.org/wiki/Russia"
"17","Second Epilogue","Siberia","Mentioned locations","60","105","area","ru","Движение русского народа на восток, в Казань и Сибирь, выражается ли в подробностях больного характера Иоанна ІV-го и его переписки с Курбским?","https://ru.wikisource.org/wiki/%D0%92%D0%BE%D0%B9%D0%BD%D0%B0_%D0%B8_%D0%BC%D0%B8%D1%80_(%D0%A2%D0%BE%D0%BB%D1%81%D1%82%D0%BE%D0%B9)%2F%D0%AD%D0%BF%D0%B8%D0%BB%D0%BE%D0%B3#%D0%A7%D0%90%D0%A1%D0%A2%D0%AC_%D0%92%D0%A2%D0%9E%D0%A0%D0%90%D0%AF.","https://www.wikidata.org/wiki/Q5428"
"17","Second Epilogue","Europe","Mentioned locations","53.5","15.5","area","ru","[…] он опять пошел убивать народ в Италии, Австрии и Пруссии. И там много убил. В России же был император Александр, который решился восстановить порядок в Европе и потому воевал с Наполеоном. Но в 7-м году он вдруг подружился с ним, а в 11-м опять поссорился, и опять они стали убивать много народу. И Наполеон привел 600 тысяч человек в Россию и завоевал Москву; а потом он вдруг убежал из Москвы, и тогда император Александр, с помощью советов Штейна и других, соединил Европу для ополчения против нарушителя ее спокойствия. Все союзники Наполеона сделались вдруг его врагами; и это ополчение пошло против […]","https://ru.wikisource.org/wiki/%D0%92%D0%BE%D0%B9%D0%BD%D0%B0_%D0%B8_%D0%BC%D0%B8%D1%80_(%D0%A2%D0%BE%D0%BB%D1%81%D1%82%D0%BE%D0%B9)%2F%D0%AD%D0%BF%D0%B8%D0%BB%D0%BE%D0%B3#%D0%A7%D0%90%D0%A1%D0%A2%D0%AC_%D0%92%D0%A2%D0%9E%D0%A0%D0%90%D0%AF.","https://www.wikidata.org/wiki/Q46"
"17","Second Epilogue","Mexico","Mentioned locations","23","-102","area","ru","[…] когда совершается событие, является человек или люди, по воле которых событие представляется совершившимся. Наполеон III предписывает, и французы идут в Мексику. Прусский король и Бисмарк предписывают, и войска идут в Богемию.","https://ru.wikisource.org/wiki/%D0%92%D0%BE%D0%B9%D0%BD%D0%B0_%D0%B8_%D0%BC%D0%B8%D1%80_(%D0%A2%D0%BE%D0%BB%D1%81%D1%82%D0%BE%D0%B9)%2F%D0%AD%D0%BF%D0%B8%D0%BB%D0%BE%D0%B3#%D0%A7%D0%90%D0%A1%D0%A2%D0%AC_%D0%92%D0%A2%D0%9E%D0%A0%D0%90%D0%AF.","https://www.wikidata.org/wiki/Q96"
